customer_id,full_name,region,segment,annual_income,vulnerability_flag,loan_id,outstanding_balance,utilisation_ratio,days_past_due,missed_payments_12m,annual_inflows,annual_outflows,affordability_ratio,risk_score,risk_band,recommended_action,risk_rank,top_5pct_flag
C000076,Synthetic Customer 0076,Leinster,Mass Market,46816.83,1,L000076,14321.87,0.99,90,3,48005.53,45817.42,0.9544,93.8,Critical,Specialist support and arrears review,1,1
C000692,Synthetic Customer 0692,Ulster (ROI),Mass Market,57861.27,1,L000692,21280.96,0.8839,135,3,58556.03,63557.33,1.0854,90.5,Critical,Specialist support and arrears review,2,1
C000758,Synthetic Customer 0758,Leinster,Affluent,22000.0,1,L000758,19847.37,0.7423,180,3,21685.02,24870.44,1.1469,84.7,Critical,Specialist support and arrears review,3,1
C000980,Synthetic Customer 0980,Leinster,Emerging Affluent,32719.09,0,L000980,15619.96,0.7289,120,8,32510.37,30884.53,0.95,82.3,Critical,Specialist support and arrears review,4,1
C000252,Synthetic Customer 0252,Munster,Mass Market,69331.8,1,L000252,21771.82,0.99,60,2,68608.08,64923.24,0.9463,80.8,Critical,Specialist support and arrears review,5,1
C000362,Synthetic Customer 0362,Connacht,Emerging Affluent,55826.37,0,L000362,8392.63,0.792,135,3,53855.25,49830.23,0.9253,80.2,Critical,Specialist support and arrears review,6,1
C000619,Synthetic Customer 0619,Munster,Affluent,32739.64,0,L000619,4643.01,0.7573,135,3,31466.48,29789.77,0.9467,78.9,Critical,Specialist support and arrears review,7,1
C000944,Synthetic Customer 0944,Dublin,Mass Market,63085.48,0,L000944,9934.41,0.8088,90,2,61752.72,56933.38,0.922,76.4,Critical,Specialist support and arrears review,8,1
C000839,Synthetic Customer 0839,Leinster,Emerging Affluent,51359.91,0,L000839,17898.51,0.7986,90,2,50936.58,49124.63,0.9644,76.3,Critical,Specialist support and arrears review,9,1
C000851,Synthetic Customer 0851,Leinster,Emerging Affluent,44467.73,1,L000851,9575.19,0.6348,120,2,43635.63,46415.47,1.0637,75.3,Critical,Specialist support and arrears review,10,1
C000100,Synthetic Customer 0100,Connacht,Mass Market,29531.87,0,L000100,1552.98,0.7466,90,2,28755.21,27365.64,0.9517,74.0,High,Proactive affordability contact,11,1
C000280,Synthetic Customer 0280,Dublin,Mass Market,35802.64,1,L000280,15452.18,0.5935,90,2,37583.83,39932.2,1.0625,73.6,High,Proactive affordability contact,12,1
C000270,Synthetic Customer 0270,Leinster,Mass Market,43206.78,0,L000270,3554.79,0.6368,135,3,43413.49,39066.77,0.8999,73.4,High,Proactive affordability contact,13,1
C000130,Synthetic Customer 0130,Leinster,Mass Market,35365.55,0,L000130,2048.23,0.6241,90,3,34933.73,29861.97,0.8548,72.5,High,Proactive affordability contact,14,1
C000521,Synthetic Customer 0521,Connacht,Mass Market,61828.54,0,L000521,12395.74,0.7059,120,2,62958.61,60286.0,0.9575,72.4,High,Proactive affordability contact,15,1
C000227,Synthetic Customer 0227,Dublin,Mass Market,38837.21,1,L000227,1367.61,0.8633,60,1,39806.95,42862.93,1.0768,72.2,High,Proactive affordability contact,16,1
C000594,Synthetic Customer 0594,Munster,Mass Market,29809.44,0,L000594,31779.53,0.5991,135,3,30795.63,27524.8,0.8938,71.8,High,Proactive affordability contact,17,1
C000897,Synthetic Customer 0897,Munster,Mass Market,30967.8,1,L000897,26735.61,0.8536,60,1,29371.06,29902.65,1.0181,71.3,High,Proactive affordability contact,18,1
C000194,Synthetic Customer 0194,Connacht,Mass Market,34069.92,1,L000194,6064.97,0.5003,120,2,34994.92,41024.94,1.1723,70.0,High,Proactive affordability contact,19,1
C000614,Synthetic Customer 0614,Leinster,Emerging Affluent,50816.43,1,L000614,21183.98,0.505,90,2,49652.2,52048.55,1.0483,69.7,High,Proactive affordability contact,20,1
C000266,Synthetic Customer 0266,Leinster,Affluent,51116.07,1,L000266,20017.41,0.6693,45,3,52428.11,54097.61,1.0318,68.5,High,Proactive affordability contact,21,1
C000996,Synthetic Customer 0996,Connacht,Mass Market,25845.74,0,L000996,28362.43,0.5844,120,2,25380.06,22927.46,0.9034,66.8,High,Proactive affordability contact,22,1
C000774,Synthetic Customer 0774,Dublin,Affluent,41940.11,0,L000774,643.55,0.5795,90,2,42989.47,38454.45,0.8945,66.5,High,Proactive affordability contact,23,1
C000106,Synthetic Customer 0106,Ulster (ROI),Mass Market,28275.66,0,L000106,12406.31,0.5549,120,2,28478.04,26210.78,0.9204,65.7,High,Proactive affordability contact,24,1
C000014,Synthetic Customer 0014,Munster,Emerging Affluent,22000.0,0,L000014,18041.67,0.4352,180,3,21633.1,20750.95,0.9592,65.5,High,Proactive affordability contact,25,1
C000498,Synthetic Customer 0498,Dublin,Mass Market,48806.42,0,L000498,22744.46,0.8793,60,1,48105.45,38687.76,0.8042,65.4,High,Proactive affordability contact,26,1
C000772,Synthetic Customer 0772,Leinster,Mass Market,89306.01,0,L000772,12999.47,0.5402,120,2,90536.1,84280.42,0.9309,65.2,High,Proactive affordability contact,27,1
C000703,Synthetic Customer 0703,Munster,Emerging Affluent,29519.7,0,L000703,18002.58,0.4371,90,3,29862.88,26320.93,0.8814,64.9,High,Proactive affordability contact,28,1
C000766,Synthetic Customer 0766,Leinster,Mass Market,36868.81,0,L000766,22165.53,0.3034,225,5,35015.73,34278.86,0.979,64.6,High,Proactive affordability contact,29,1
C000581,Synthetic Customer 0581,Ulster (ROI),Mass Market,29573.52,0,L000581,15845.01,0.5222,90,2,29341.1,26927.18,0.9177,64.3,High,Proactive affordability contact,30,1
C000911,Synthetic Customer 0911,Dublin,Emerging Affluent,23906.76,1,L000911,28002.82,0.3662,120,2,23847.72,25881.1,1.0853,64.2,High,Proactive affordability contact,31,1
C000577,Synthetic Customer 0577,Dublin,Emerging Affluent,41596.84,0,L000577,13933.92,0.8203,60,1,41416.07,35871.98,0.8661,63.5,High,Proactive affordability contact,32,1
C000486,Synthetic Customer 0486,Dublin,Mass Market,52823.74,0,L000486,3784.11,0.5091,120,2,52382.09,46620.71,0.89,63.5,High,Proactive affordability contact,33,1
C000632,Synthetic Customer 0632,Dublin,Mass Market,41461.58,0,L000632,3475.22,0.5099,90,2,42936.29,37629.45,0.8764,63.4,High,Proactive affordability contact,34,1
C000072,Synthetic Customer 0072,Munster,Mass Market,69126.52,0,L000072,8536.63,0.7873,60,1,68406.15,65745.85,0.9611,63.0,High,Proactive affordability contact,35,1
C000578,Synthetic Customer 0578,Dublin,Mass Market,63105.38,1,L000578,30978.52,0.7409,45,1,61762.67,63341.39,1.0256,62.4,High,Proactive affordability contact,36,1
C000290,Synthetic Customer 0290,Ulster (ROI),Mass Market,43917.8,0,L000290,6328.49,0.8515,30,2,44393.62,44370.44,0.9995,62.2,High,Proactive affordability contact,37,1
C000666,Synthetic Customer 0666,Munster,Emerging Affluent,22000.0,0,L000666,16491.25,0.7745,60,1,22034.31,19766.82,0.8971,61.9,High,Proactive affordability contact,38,1
C000624,Synthetic Customer 0624,Dublin,Mass Market,31225.39,0,L000624,26320.66,0.7581,60,1,29695.65,28655.77,0.965,61.8,High,Proactive affordability contact,39,1
C000039,Synthetic Customer 0039,Dublin,Mass Market,49559.51,0,L000039,27942.9,0.4523,120,2,49551.58,46264.01,0.9337,61.5,High,Proactive affordability contact,40,1
C000509,Synthetic Customer 0509,Leinster,Mass Market,32629.41,0,L000509,12128.68,0.6502,60,2,32545.58,30613.97,0.9406,61.5,High,Proactive affordability contact,41,1
C000108,Synthetic Customer 0108,Dublin,Mass Market,27041.29,0,L000108,7158.99,0.4458,90,2,26988.12,24065.97,0.8917,60.8,High,Proactive affordability contact,42,1
C000953,Synthetic Customer 0953,Connacht,Mass Market,35511.18,0,L000953,7416.97,0.2097,300,5,35112.15,34477.61,0.9819,60.7,High,Proactive affordability contact,43,1
C000838,Synthetic Customer 0838,Dublin,Mass Market,60096.75,0,L000838,3861.86,0.4156,90,2,60071.06,57194.32,0.9521,60.1,High,Proactive affordability contact,44,1
C000466,Synthetic Customer 0466,Dublin,Mass Market,56352.52,1,L000466,32084.66,0.7462,0,3,56949.98,54582.69,0.9584,58.6,Medium,Digital budgeting nudge,45,1
C000852,Synthetic Customer 0852,Connacht,Mass Market,22000.0,0,L000852,3943.36,0.3901,90,2,22157.66,19498.35,0.88,58.4,Medium,Digital budgeting nudge,46,1
C000301,Synthetic Customer 0301,Dublin,Mass Market,23126.4,1,L000301,13851.24,0.9161,0,1,23580.49,26120.73,1.1077,58.0,Medium,Digital budgeting nudge,47,1
C000923,Synthetic Customer 0923,Connacht,Emerging Affluent,22289.35,0,L000923,28572.95,0.5646,60,2,22792.63,21041.83,0.9232,57.8,Medium,Digital budgeting nudge,48,1
C000674,Synthetic Customer 0674,Dublin,Emerging Affluent,55565.6,0,L000674,17031.63,0.5434,60,2,54261.27,53972.2,0.9947,57.5,Medium,Digital budgeting nudge,49,1
C000716,Synthetic Customer 0716,Munster,Mass Market,37005.38,0,L000716,6174.03,0.7643,30,2,36764.68,32358.51,0.8802,57.4,Medium,Digital budgeting nudge,50,1
C000178,Synthetic Customer 0178,Connacht,Mass Market,37367.79,0,L000178,1683.56,0.5617,60,2,37493.42,33269.6,0.8873,57.3,Medium,Digital budgeting nudge,51,0
C000603,Synthetic Customer 0603,Munster,Mass Market,22000.0,1,L000603,10720.47,0.99,0,0,22550.8,28292.45,1.2546,56.6,Medium,Digital budgeting nudge,52,0
C000023,Synthetic Customer 0023,Leinster,Emerging Affluent,52395.01,0,L000023,14035.45,0.7164,30,2,52698.38,51178.37,0.9712,56.3,Medium,Digital budgeting nudge,53,0
C000228,Synthetic Customer 0228,Leinster,Mass Market,34955.4,1,L000228,4548.43,0.99,0,0,35507.5,38097.1,1.0729,56.3,Medium,Digital budgeting nudge,54,0
C000563,Synthetic Customer 0563,Munster,Mass Market,73508.92,0,L000563,11941.57,0.3135,120,2,75544.29,74534.42,0.9866,56.1,Medium,Digital budgeting nudge,55,0
C000022,Synthetic Customer 0022,Leinster,Emerging Affluent,52028.79,1,L000022,4241.09,0.99,0,0,50601.12,52239.67,1.0324,56.0,Medium,Digital budgeting nudge,56,0
C000131,Synthetic Customer 0131,Leinster,Mass Market,22000.0,0,L000131,4024.54,0.2079,180,3,22076.47,20215.62,0.9157,55.6,Medium,Digital budgeting nudge,57,0
C000930,Synthetic Customer 0930,Leinster,Mass Market,24165.28,1,L000930,13780.5,0.5603,45,1,24279.92,28805.27,1.1864,55.5,Medium,Digital budgeting nudge,58,0
C000701,Synthetic Customer 0701,Munster,Mass Market,34482.27,0,L000701,966.51,0.3023,90,2,34307.75,32730.15,0.954,55.4,Medium,Digital budgeting nudge,59,0
C000267,Synthetic Customer 0267,Leinster,Mass Market,22000.0,1,L000267,3995.98,0.9608,0,0,22574.22,24783.85,1.0979,55.3,Medium,Digital budgeting nudge,60,0
C000049,Synthetic Customer 0049,Dublin,Emerging Affluent,57015.65,1,L000049,1974.22,0.6537,30,1,57652.65,59065.77,1.0245,54.6,Medium,Digital budgeting nudge,61,0
C000465,Synthetic Customer 0465,Leinster,Mass Market,47240.31,1,L000465,33265.42,0.4525,60,1,48521.11,49864.11,1.0277,54.5,Medium,Digital budgeting nudge,62,0
C000890,Synthetic Customer 0890,Dublin,Mass Market,26612.64,0,L000890,13379.5,0.4757,45,3,26020.26,24497.32,0.9415,54.5,Medium,Digital budgeting nudge,63,0
C000413,Synthetic Customer 0413,Connacht,Mass Market,65218.2,0,L000413,3159.37,0.6917,30,2,65419.46,56990.95,0.8712,54.3,Medium,Digital budgeting nudge,64,0
C000279,Synthetic Customer 0279,Dublin,Mass Market,46828.4,0,L000279,20219.12,0.7946,30,1,48245.87,42378.35,0.8784,54.2,Medium,Digital budgeting nudge,65,0
C000332,Synthetic Customer 0332,Dublin,Affluent,46884.79,0,L000332,13485.69,0.6911,45,1,46426.63,41268.06,0.8889,54.1,Medium,Digital budgeting nudge,66,0
C000115,Synthetic Customer 0115,Dublin,Emerging Affluent,22725.56,0,L000115,13444.31,0.6544,45,1,22621.88,21951.14,0.9703,53.3,Medium,Digital budgeting nudge,67,0
C000017,Synthetic Customer 0017,Munster,Mass Market,23174.82,1,L000017,16951.88,0.4956,45,1,23100.18,26416.74,1.1436,52.8,Medium,Digital budgeting nudge,68,0
C000526,Synthetic Customer 0526,Munster,Mass Market,32060.38,0,L000526,16483.15,0.5547,60,1,30618.75,28156.35,0.9196,52.8,Medium,Digital budgeting nudge,69,0
C000184,Synthetic Customer 0184,Leinster,Mass Market,24931.61,0,L000184,11273.68,0.6524,45,1,24228.4,22289.54,0.92,52.8,Medium,Digital budgeting nudge,70,0
C000024,Synthetic Customer 0024,Munster,Mass Market,67699.26,1,L000024,4154.74,0.9074,0,0,70557.05,73464.73,1.0412,52.6,Medium,Digital budgeting nudge,71,0
C000566,Synthetic Customer 0566,Dublin,Emerging Affluent,22000.0,0,L000566,6299.19,0.1507,135,3,21438.57,18164.57,0.8473,52.5,Medium,Digital budgeting nudge,72,0
C000322,Synthetic Customer 0322,Connacht,Mass Market,34423.82,1,L000322,6219.15,0.6886,15,1,36551.16,39653.37,1.0849,52.5,Medium,Digital budgeting nudge,73,0
C000638,Synthetic Customer 0638,Munster,Emerging Affluent,29971.48,0,L000638,6076.52,0.8532,15,1,29416.66,25534.5,0.868,52.4,Medium,Digital budgeting nudge,74,0
C000606,Synthetic Customer 0606,Connacht,Mass Market,24764.08,1,L000606,21036.41,0.8888,0,0,23511.18,27128.31,1.1538,52.3,Medium,Digital budgeting nudge,75,0
C000849,Synthetic Customer 0849,Dublin,Mass Market,22000.0,1,L000849,8435.59,0.8883,0,0,21977.87,26377.55,1.2002,52.3,Medium,Digital budgeting nudge,76,0
C000951,Synthetic Customer 0951,Ulster (ROI),Mass Market,31608.26,0,L000951,7246.67,0.2352,90,2,31682.05,29471.85,0.9302,52.3,Medium,Digital budgeting nudge,77,0
C000428,Synthetic Customer 0428,Connacht,Mass Market,45051.54,0,L000428,24811.7,0.6208,30,2,43042.39,41034.94,0.9534,52.1,Medium,Digital budgeting nudge,78,0
C000895,Synthetic Customer 0895,Dublin,Mass Market,22000.0,1,L000895,13221.23,0.5785,30,1,22344.31,24882.67,1.1136,52.1,Medium,Digital budgeting nudge,79,0
C000816,Synthetic Customer 0816,Munster,Emerging Affluent,54060.87,0,L000816,9112.49,0.6225,45,1,54438.62,53756.99,0.9875,52.1,Medium,Digital budgeting nudge,80,0
C000434,Synthetic Customer 0434,Connacht,Emerging Affluent,33736.24,0,L000434,23004.99,0.6035,30,2,33655.17,34481.28,1.0245,52.0,Medium,Digital budgeting nudge,81,0
C000850,Synthetic Customer 0850,Munster,Emerging Affluent,31137.27,1,L000850,5957.4,0.8863,0,0,30209.77,32629.82,1.0801,52.0,Medium,Digital budgeting nudge,82,0
C000058,Synthetic Customer 0058,Munster,Emerging Affluent,43631.22,0,L000058,24617.03,0.8279,15,1,44788.43,40894.23,0.9131,51.7,Medium,Digital budgeting nudge,83,0
C000351,Synthetic Customer 0351,Connacht,Mass Market,37316.18,0,L000351,28714.51,0.5311,60,1,37354.4,33311.8,0.8918,51.6,Medium,Digital budgeting nudge,84,0
C000506,Synthetic Customer 0506,Munster,Mass Market,42820.41,0,L000506,20033.35,0.6097,45,1,42911.83,42574.59,0.9921,51.6,Medium,Digital budgeting nudge,85,0
C000075,Synthetic Customer 0075,Dublin,Emerging Affluent,55108.02,0,L000075,27946.54,0.5262,60,1,55112.11,49692.21,0.9017,51.5,Medium,Digital budgeting nudge,86,0
C000977,Synthetic Customer 0977,Dublin,Emerging Affluent,52057.95,0,L000977,10086.06,0.6032,45,1,50267.08,49117.52,0.9771,51.2,Medium,Digital budgeting nudge,87,0
C000440,Synthetic Customer 0440,Leinster,Emerging Affluent,24870.5,0,L000440,9910.96,0.2209,120,2,23244.62,20307.31,0.8736,51.2,Medium,Digital budgeting nudge,88,0
C000739,Synthetic Customer 0739,Leinster,Affluent,40639.63,0,L000739,6346.61,0.7178,30,1,39261.58,35332.01,0.8999,51.2,Medium,Digital budgeting nudge,89,0
C000764,Synthetic Customer 0764,Dublin,Mass Market,26315.99,0,L000764,4050.93,0.4074,60,2,26465.06,24618.1,0.9302,51.2,Medium,Digital budgeting nudge,90,0
C000968,Synthetic Customer 0968,Ulster (ROI),Emerging Affluent,28151.24,1,L000968,12995.59,0.8562,0,0,27380.75,32459.26,1.1855,51.0,Medium,Digital budgeting nudge,91,0
C000708,Synthetic Customer 0708,Dublin,Mass Market,39136.42,0,L000708,4606.35,0.7996,15,1,39101.45,37442.63,0.9576,51.0,Medium,Digital budgeting nudge,92,0
C000939,Synthetic Customer 0939,Ulster (ROI),Emerging Affluent,40357.85,1,L000939,8460.66,0.8525,0,0,39207.38,43034.54,1.0976,50.8,Medium,Digital budgeting nudge,93,0
C000496,Synthetic Customer 0496,Ulster (ROI),Mass Market,39637.57,0,L000496,22099.23,0.1854,120,2,39541.93,37905.73,0.9586,50.5,Medium,Digital budgeting nudge,94,0
C000203,Synthetic Customer 0203,Leinster,Mass Market,43907.88,0,L000203,6080.64,0.6893,30,1,44038.15,41923.45,0.952,50.4,Medium,Digital budgeting nudge,95,0
C000906,Synthetic Customer 0906,Dublin,Affluent,49040.15,0,L000906,23697.53,0.6998,30,1,49380.03,43418.87,0.8793,50.2,Medium,Digital budgeting nudge,96,0
C000170,Synthetic Customer 0170,Connacht,Mass Market,26578.54,0,L000170,5867.69,0.5823,45,1,27821.07,26740.13,0.9611,50.2,Medium,Digital budgeting nudge,97,0
C000872,Synthetic Customer 0872,Dublin,Mass Market,59127.21,0,L000872,1710.31,0.5942,45,1,60310.76,53248.47,0.8829,50.0,Medium,Digital budgeting nudge,98,0
C000236,Synthetic Customer 0236,Munster,Mass Market,55171.01,0,L000236,14273.57,0.0777,180,3,55598.03,50049.35,0.9002,49.9,Medium,Digital budgeting nudge,99,0
C000907,Synthetic Customer 0907,Dublin,Mass Market,28648.52,1,L000907,10412.52,0.8274,0,0,28392.73,32391.01,1.1408,49.8,Medium,Digital budgeting nudge,100,0
C000461,Synthetic Customer 0461,Dublin,Mass Market,57430.22,0,L000461,19164.11,0.4654,60,1,58544.19,56662.09,0.9679,49.5,Medium,Digital budgeting nudge,101,0
C000836,Synthetic Customer 0836,Connacht,Mass Market,66337.36,1,L000836,30123.69,0.8332,0,0,64685.16,66664.61,1.0306,49.4,Medium,Digital budgeting nudge,102,0
C000941,Synthetic Customer 0941,Munster,Mass Market,37400.05,1,L000941,4518.22,0.8352,0,0,37694.8,38735.04,1.0276,49.4,Medium,Digital budgeting nudge,103,0
C000277,Synthetic Customer 0277,Connacht,Mass Market,46961.37,1,L000277,22036.23,0.8253,0,0,47020.11,49523.0,1.0532,49.2,Medium,Digital budgeting nudge,104,0
C000981,Synthetic Customer 0981,Dublin,Emerging Affluent,43743.2,0,L000981,8106.12,0.6658,30,1,43751.18,40492.84,0.9255,49.2,Medium,Digital budgeting nudge,105,0
C000629,Synthetic Customer 0629,Leinster,Mass Market,37500.27,1,L000629,23198.81,0.8268,0,0,38094.02,39421.2,1.0348,49.1,Medium,Digital budgeting nudge,106,0
C000700,Synthetic Customer 0700,Munster,Mass Market,32653.07,0,L000700,14763.36,0.6672,30,1,32437.34,27747.23,0.8554,48.6,Medium,Digital budgeting nudge,107,0
C000429,Synthetic Customer 0429,Connacht,Affluent,26161.77,1,L000429,8773.35,0.7975,0,0,25590.24,30530.68,1.1931,48.5,Medium,Digital budgeting nudge,108,0
C000331,Synthetic Customer 0331,Dublin,Emerging Affluent,27539.17,0,L000331,3285.14,0.5497,45,1,27629.6,25668.65,0.929,48.5,Medium,Digital budgeting nudge,109,0
C000186,Synthetic Customer 0186,Connacht,Emerging Affluent,43065.2,0,L000186,1398.31,0.5573,45,1,45211.07,40009.32,0.8849,48.5,Medium,Digital budgeting nudge,110,0
C000068,Synthetic Customer 0068,Munster,Emerging Affluent,50880.28,0,L000068,8270.12,0.1458,90,2,48665.14,44051.43,0.9052,48.4,Medium,Digital budgeting nudge,111,0
C000702,Synthetic Customer 0702,Leinster,Mass Market,52663.28,0,L000702,8698.83,0.3409,60,2,52788.9,48260.82,0.9142,48.3,Medium,Digital budgeting nudge,112,0
C000177,Synthetic Customer 0177,Munster,Mass Market,35978.18,0,L000177,9033.22,0.6147,0,3,35977.27,35033.33,0.9738,48.2,Medium,Digital budgeting nudge,113,0
C000136,Synthetic Customer 0136,Ulster (ROI),Emerging Affluent,48583.35,0,L000136,13831.77,0.5407,45,1,48902.48,43850.2,0.8967,47.9,Medium,Digital budgeting nudge,114,0
C000436,Synthetic Customer 0436,Munster,Mass Market,26355.15,1,L000436,8703.46,0.7902,0,0,26795.24,28071.73,1.0476,47.7,Medium,Digital budgeting nudge,115,0
C000244,Synthetic Customer 0244,Dublin,Mass Market,32045.0,1,L000244,2550.36,0.3739,45,1,31767.95,35051.99,1.1034,47.7,Medium,Digital budgeting nudge,116,0
C000070,Synthetic Customer 0070,Dublin,Mass Market,51157.9,1,L000070,26565.17,0.7995,0,0,51338.89,50845.4,0.9904,47.6,Medium,Digital budgeting nudge,117,0
C000328,Synthetic Customer 0328,Connacht,Mass Market,26381.72,0,L000328,24478.99,0.5187,45,1,26076.29,24477.4,0.9387,47.3,Medium,Digital budgeting nudge,118,0
C000168,Synthetic Customer 0168,Leinster,Mass Market,26500.51,0,L000168,11023.86,0.5324,45,1,26295.68,23028.57,0.8758,47.3,Medium,Digital budgeting nudge,119,0
C000894,Synthetic Customer 0894,Dublin,Mass Market,22000.0,0,L000894,18940.74,0.4314,60,1,21257.27,18492.36,0.8699,47.2,Medium,Digital budgeting nudge,120,0
C000342,Synthetic Customer 0342,Dublin,Mass Market,41791.79,0,L000342,6938.5,0.4257,60,1,41976.34,37761.43,0.8996,47.2,Medium,Digital budgeting nudge,121,0
C000198,Synthetic Customer 0198,Dublin,Mass Market,22000.0,1,L000198,18304.9,0.7639,0,0,21739.18,26383.6,1.2136,47.1,Medium,Digital budgeting nudge,122,0
C000696,Synthetic Customer 0696,Connacht,Mass Market,56280.25,1,L000696,8933.28,0.7726,0,0,56666.48,60294.26,1.064,47.1,Medium,Digital budgeting nudge,123,0
C000604,Synthetic Customer 0604,Dublin,Emerging Affluent,43137.22,0,L000604,16213.72,0.4144,60,1,44206.37,40750.19,0.9218,47.0,Medium,Digital budgeting nudge,124,0
C000090,Synthetic Customer 0090,Connacht,Mass Market,24301.71,0,L000090,13019.02,0.1035,120,2,24225.78,22675.01,0.936,46.9,Medium,Digital budgeting nudge,125,0
C000954,Synthetic Customer 0954,Dublin,Mass Market,30457.27,0,L000954,14085.11,0.5042,45,1,29279.72,27657.35,0.9446,46.8,Medium,Digital budgeting nudge,126,0
C000035,Synthetic Customer 0035,Connacht,Mass Market,44368.82,0,L000035,6854.95,0.5141,45,1,45444.14,40876.79,0.8995,46.8,Medium,Digital budgeting nudge,127,0
C000720,Synthetic Customer 0720,Leinster,Mass Market,60205.12,1,L000720,18727.68,0.5551,0,2,58862.15,60975.44,1.0359,46.7,Medium,Digital budgeting nudge,128,0
C000284,Synthetic Customer 0284,Connacht,Emerging Affluent,42511.73,1,L000284,16571.35,0.7617,0,0,41676.24,44145.41,1.0592,46.6,Medium,Digital budgeting nudge,129,0
C000595,Synthetic Customer 0595,Ulster (ROI),Mass Market,45137.55,0,L000595,2040.81,0.3093,60,2,44043.43,38255.21,0.8686,46.6,Medium,Digital budgeting nudge,130,0
C000876,Synthetic Customer 0876,Leinster,Emerging Affluent,45402.97,1,L000876,20573.7,0.7502,0,0,44036.35,48306.72,1.097,46.5,Medium,Digital budgeting nudge,131,0
C000350,Synthetic Customer 0350,Munster,Affluent,41727.39,0,L000350,4900.99,0.4218,60,1,41562.26,34887.1,0.8394,46.5,Medium,Digital budgeting nudge,132,0
C000709,Synthetic Customer 0709,Ulster (ROI),Mass Market,24518.1,0,L000709,8917.24,0.9047,0,0,25480.29,23245.37,0.9123,46.3,Medium,Digital budgeting nudge,133,0
C000584,Synthetic Customer 0584,Leinster,Mass Market,22000.0,0,L000584,17925.97,0.3998,60,1,21906.96,19277.76,0.88,46.0,Medium,Digital budgeting nudge,134,0
C000306,Synthetic Customer 0306,Connacht,Mass Market,29682.28,0,L000306,23798.83,0.3754,60,1,29742.19,29179.97,0.9811,45.9,Medium,Digital budgeting nudge,135,0
C000882,Synthetic Customer 0882,Dublin,Mass Market,62278.8,0,L000882,12116.41,0.398,60,1,62199.32,54658.54,0.8788,45.9,Medium,Digital budgeting nudge,136,0
C000719,Synthetic Customer 0719,Leinster,Mass Market,35069.03,1,L000719,8393.33,0.4345,30,1,35272.46,38068.04,1.0793,45.9,Medium,Digital budgeting nudge,137,0
C000084,Synthetic Customer 0084,Connacht,Mass Market,36177.0,0,L000084,7351.92,0.4875,45,1,36583.78,33484.76,0.9153,45.8,Medium,Digital budgeting nudge,138,0
C000276,Synthetic Customer 0276,Leinster,Mass Market,54195.9,0,L000276,17071.94,0.4923,45,1,54266.22,47346.39,0.8725,45.6,Medium,Digital budgeting nudge,139,0
C000437,Synthetic Customer 0437,Leinster,Mass Market,56223.54,0,L000437,11507.28,0.0778,90,2,57024.53,52576.66,0.922,45.6,Medium,Digital budgeting nudge,140,0
C000837,Synthetic Customer 0837,Ulster (ROI),Emerging Affluent,22286.79,0,L000837,27977.17,0.4691,45,1,21950.18,21162.7,0.9641,45.5,Medium,Digital budgeting nudge,141,0
C000559,Synthetic Customer 0559,Dublin,Emerging Affluent,79735.01,0,L000559,9092.2,0.889,0,0,78667.96,70800.73,0.9,45.5,Medium,Digital budgeting nudge,142,0
C000528,Synthetic Customer 0528,Dublin,Mass Market,33985.33,1,L000528,2186.81,0.7295,0,0,33108.64,35944.24,1.0856,45.5,Medium,Digital budgeting nudge,143,0
C000395,Synthetic Customer 0395,Ulster (ROI),Affluent,37589.35,0,L000395,12837.1,0.4626,45,1,36882.16,36344.9,0.9854,45.4,Medium,Digital budgeting nudge,144,0
C000011,Synthetic Customer 0011,Munster,Emerging Affluent,46132.8,1,L000011,28458.02,0.714,0,0,44818.57,49385.93,1.1019,45.0,Medium,Digital budgeting nudge,145,0
C000670,Synthetic Customer 0670,Leinster,Mass Market,59349.87,1,L000670,9945.78,0.7154,0,0,59400.48,64721.94,1.0896,45.0,Medium,Digital budgeting nudge,146,0
C000819,Synthetic Customer 0819,Munster,Mass Market,42897.37,0,L000819,5247.06,0.0764,90,2,43492.2,37443.38,0.8609,45.0,Medium,Digital budgeting nudge,147,0
C000175,Synthetic Customer 0175,Munster,Mass Market,68988.89,1,L000175,2294.99,0.5359,15,1,70129.37,67889.42,0.9681,45.0,Medium,Digital budgeting nudge,148,0
C000524,Synthetic Customer 0524,Dublin,Emerging Affluent,40242.28,0,L000524,7196.96,0.5642,30,1,40208.76,36556.17,0.9092,44.8,Medium,Digital budgeting nudge,149,0
C000149,Synthetic Customer 0149,Dublin,Emerging Affluent,33226.94,0,L000149,18477.21,0.3571,60,1,32301.97,30168.69,0.934,44.7,Medium,Digital budgeting nudge,150,0
C000824,Synthetic Customer 0824,Leinster,Mass Market,46513.67,1,L000824,11777.66,0.7125,0,0,47280.12,50799.89,1.0744,44.7,Medium,Digital budgeting nudge,151,0
C000458,Synthetic Customer 0458,Dublin,Emerging Affluent,51060.21,0,L000458,3940.71,0.3485,60,1,53272.59,52225.43,0.9803,44.7,Medium,Digital budgeting nudge,152,0
C000438,Synthetic Customer 0438,Munster,Mass Market,86869.67,0,L000438,16720.15,0.8672,0,0,86886.58,77215.36,0.8887,44.5,Medium,Digital budgeting nudge,153,0
C000260,Synthetic Customer 0260,Munster,Mass Market,22000.0,0,L000260,4047.72,0.5514,30,1,22058.94,20648.98,0.9361,44.5,Medium,Digital budgeting nudge,154,0
C000431,Synthetic Customer 0431,Ulster (ROI),Mass Market,34376.88,1,L000431,21862.09,0.7061,0,0,34953.43,36157.41,1.0344,44.1,Medium,Digital budgeting nudge,155,0
C000745,Synthetic Customer 0745,Connacht,Mass Market,28830.3,0,L000745,3856.74,0.657,15,1,28553.28,24477.81,0.8573,44.1,Medium,Digital budgeting nudge,156,0
C000338,Synthetic Customer 0338,Munster,Mass Market,44615.27,0,L000338,3117.8,0.6612,15,1,46237.66,38248.3,0.8272,44.0,Medium,Digital budgeting nudge,157,0
C000910,Synthetic Customer 0910,Dublin,Mass Market,54820.95,1,L000910,16895.97,0.7161,0,0,53914.2,52412.16,0.9721,43.9,Medium,Digital budgeting nudge,158,0
C000086,Synthetic Customer 0086,Dublin,Mass Market,36487.87,0,L000086,11404.72,0.3502,60,1,35850.37,31106.76,0.8677,43.8,Medium,Digital budgeting nudge,159,0
C000229,Synthetic Customer 0229,Dublin,Emerging Affluent,55094.36,0,L000229,8812.89,0.5467,30,1,52848.32,46501.28,0.8799,43.8,Medium,Digital budgeting nudge,160,0
C000854,Synthetic Customer 0854,Munster,Affluent,46993.51,1,L000854,1889.25,0.6942,0,0,46641.0,48592.31,1.0418,43.6,Medium,Digital budgeting nudge,161,0
C000921,Synthetic Customer 0921,Connacht,Mass Market,40132.95,0,L000921,8117.29,0.8246,0,0,40516.73,39667.22,0.979,43.5,Medium,Digital budgeting nudge,162,0
C000439,Synthetic Customer 0439,Dublin,Mass Market,22000.0,0,L000439,25836.79,0.3253,60,1,22769.42,21473.58,0.9431,43.4,Medium,Digital budgeting nudge,163,0
C000388,Synthetic Customer 0388,Leinster,Mass Market,29866.92,0,L000388,12263.21,0.424,45,1,29562.15,27504.67,0.9304,43.3,Medium,Digital budgeting nudge,164,0
C000363,Synthetic Customer 0363,Ulster (ROI),Mass Market,37195.52,0,L000363,5718.86,0.4281,45,1,37988.08,33429.5,0.88,43.0,Medium,Digital budgeting nudge,165,0
C000405,Synthetic Customer 0405,Connacht,Mass Market,22000.0,0,L000405,4421.99,0.8216,0,0,22596.72,21080.97,0.9329,43.0,Medium,Digital budgeting nudge,166,0
C000174,Synthetic Customer 0174,Connacht,Mass Market,23463.25,1,L000174,10470.34,0.2509,30,2,22823.76,28463.8,1.2471,42.9,Medium,Digital budgeting nudge,167,0
C000887,Synthetic Customer 0887,Connacht,Emerging Affluent,32741.44,0,L000887,10418.78,0.6251,15,1,32191.34,27775.3,0.8628,42.8,Medium,Digital budgeting nudge,168,0
C000978,Synthetic Customer 0978,Connacht,Mass Market,36125.01,0,L000978,5901.85,0.6218,15,1,35652.33,31458.0,0.8824,42.8,Medium,Digital budgeting nudge,169,0
C000917,Synthetic Customer 0917,Connacht,Emerging Affluent,23631.87,0,L000917,1825.0,0.8094,0,0,24138.02,23205.75,0.9614,42.7,Medium,Digital budgeting nudge,170,0
C000096,Synthetic Customer 0096,Dublin,Mass Market,54171.09,0,L000096,11894.91,0.8204,0,0,52311.11,46939.26,0.8973,42.6,Medium,Digital budgeting nudge,171,0
C000699,Synthetic Customer 0699,Dublin,Mass Market,27923.26,0,L000699,8691.88,0.7079,0,1,28868.13,26703.48,0.925,42.6,Medium,Digital budgeting nudge,172,0
C000265,Synthetic Customer 0265,Leinster,Mass Market,32381.72,0,L000265,7141.73,0.836,0,0,33454.52,27245.49,0.8144,42.5,Medium,Digital budgeting nudge,173,0
C000313,Synthetic Customer 0313,Leinster,Mass Market,34658.4,0,L000313,12488.6,0.8245,0,0,34858.77,29612.71,0.8495,42.4,Medium,Digital budgeting nudge,174,0
C000416,Synthetic Customer 0416,Leinster,Mass Market,23137.63,0,L000416,12409.1,0.2044,60,2,22663.6,20238.17,0.893,42.4,Medium,Digital budgeting nudge,175,0
C000163,Synthetic Customer 0163,Leinster,Mass Market,33565.3,0,L000163,6007.34,0.208,60,2,32170.84,28184.56,0.8761,42.4,Medium,Digital budgeting nudge,176,0
C000453,Synthetic Customer 0453,Munster,Mass Market,37211.77,0,L000453,5981.14,0.7954,0,0,37622.15,36210.01,0.9625,42.2,Medium,Digital budgeting nudge,177,0
C000865,Synthetic Customer 0865,Ulster (ROI),Mass Market,32059.04,1,L000865,5245.88,0.6553,0,0,33545.98,35548.85,1.0597,42.2,Medium,Digital budgeting nudge,178,0
C000784,Synthetic Customer 0784,Connacht,Affluent,48973.98,1,L000784,6581.3,0.6585,0,0,47440.0,49249.99,1.0382,42.1,Medium,Digital budgeting nudge,179,0
C000071,Synthetic Customer 0071,Munster,Mass Market,24696.73,1,L000071,12141.21,0.6423,0,0,24630.32,29065.98,1.1801,42.0,Medium,Digital budgeting nudge,180,0
C000240,Synthetic Customer 0240,Munster,Affluent,58499.58,1,L000240,10477.56,0.6734,0,0,57760.47,55255.05,0.9566,42.0,Medium,Digital budgeting nudge,181,0
C000155,Synthetic Customer 0155,Leinster,Mass Market,30486.06,0,L000155,5579.87,0.7968,0,0,29526.13,27349.99,0.9263,41.9,Medium,Digital budgeting nudge,182,0
C000394,Synthetic Customer 0394,Dublin,Mass Market,45810.59,1,L000394,6471.83,0.5506,0,1,46355.82,46745.85,1.0084,41.8,Medium,Digital budgeting nudge,183,0
C000590,Synthetic Customer 0590,Munster,Emerging Affluent,22000.0,0,L000590,31142.22,0.3686,45,1,22301.34,22708.02,1.0182,41.7,Medium,Digital budgeting nudge,184,0
C000065,Synthetic Customer 0065,Connacht,Affluent,37651.75,0,L000065,20992.95,0.1937,60,2,36999.41,31795.72,0.8594,41.6,Medium,Digital budgeting nudge,185,0
C000474,Synthetic Customer 0474,Munster,Mass Market,22210.13,0,L000474,32454.06,0.4983,30,1,21712.64,18347.44,0.845,41.4,Medium,Digital budgeting nudge,186,0
C000513,Synthetic Customer 0513,Leinster,Affluent,50399.19,0,L000513,23834.11,0.7764,0,0,50341.61,48792.27,0.9692,41.4,Medium,Digital budgeting nudge,187,0
C000888,Synthetic Customer 0888,Leinster,Mass Market,107655.16,0,L000888,8085.03,0.7711,0,0,116026.26,114552.27,0.9873,41.4,Medium,Digital budgeting nudge,188,0
C000649,Synthetic Customer 0649,Ulster (ROI),Mass Market,46868.17,0,L000649,28323.61,0.1485,60,2,45110.12,46389.94,1.0284,41.3,Medium,Digital budgeting nudge,189,0
C000844,Synthetic Customer 0844,Munster,Emerging Affluent,29950.86,0,L000844,2386.87,0.2784,60,1,30210.29,27862.47,0.9223,41.2,Medium,Digital budgeting nudge,190,0
C000635,Synthetic Customer 0635,Leinster,Emerging Affluent,36526.56,0,L000635,2271.17,0.7833,0,0,35552.2,32438.45,0.9124,41.2,Medium,Digital budgeting nudge,191,0
C000926,Synthetic Customer 0926,Munster,Mass Market,36361.74,0,L000926,36921.8,0.3752,45,1,35756.45,32462.23,0.9079,41.0,Medium,Digital budgeting nudge,192,0
C000185,Synthetic Customer 0185,Dublin,Emerging Affluent,27319.53,0,L000185,12049.57,0.4772,30,1,26290.37,23517.07,0.8945,41.0,Medium,Digital budgeting nudge,193,0
C000153,Synthetic Customer 0153,Dublin,Emerging Affluent,24024.62,1,L000153,11214.47,0.6193,0,0,23531.0,27266.85,1.1588,41.0,Medium,Digital budgeting nudge,194,0
C000525,Synthetic Customer 0525,Munster,Emerging Affluent,30731.83,0,L000525,9658.04,0.461,0,3,30581.18,27271.57,0.8918,41.0,Medium,Digital budgeting nudge,195,0
C000684,Synthetic Customer 0684,Munster,Mass Market,22000.0,0,L000684,3575.21,0.3564,0,4,22619.23,19911.1,0.8803,41.0,Medium,Digital budgeting nudge,196,0
C000947,Synthetic Customer 0947,Munster,Mass Market,61268.35,1,L000947,16433.23,0.6464,0,0,62685.71,60315.66,0.9622,40.9,Medium,Digital budgeting nudge,197,0
C000899,Synthetic Customer 0899,Dublin,Mass Market,36588.28,0,L000899,9130.34,0.7682,0,0,38269.87,36448.58,0.9524,40.9,Medium,Digital budgeting nudge,198,0
C000933,Synthetic Customer 0933,Leinster,Mass Market,31063.19,0,L000933,2584.96,0.5752,15,1,31044.42,27654.07,0.8908,40.9,Medium,Digital budgeting nudge,199,0
C000107,Synthetic Customer 0107,Leinster,Mass Market,53682.35,0,L000107,25248.07,0.3683,30,2,54419.65,48073.67,0.8834,40.8,Medium,Digital budgeting nudge,200,0
C000797,Synthetic Customer 0797,Leinster,Emerging Affluent,24973.91,0,L000797,17625.18,0.7822,0,0,24689.03,21673.38,0.8779,40.8,Medium,Digital budgeting nudge,201,0
C000066,Synthetic Customer 0066,Dublin,Mass Market,50681.46,0,L000066,8475.53,0.4485,0,3,52792.38,49249.03,0.9329,40.8,Medium,Digital budgeting nudge,202,0
C000612,Synthetic Customer 0612,Connacht,Emerging Affluent,74835.1,0,L000612,5984.96,0.6748,0,1,72969.47,64024.46,0.8774,40.8,Medium,Digital budgeting nudge,203,0
C000653,Synthetic Customer 0653,Ulster (ROI),Mass Market,40823.32,0,L000653,5594.25,0.7872,0,0,40644.86,34775.03,0.8556,40.8,Medium,Digital budgeting nudge,204,0
C000680,Synthetic Customer 0680,Munster,Mass Market,64284.95,0,L000680,32638.18,0.773,0,0,62970.11,57343.81,0.9107,40.7,Medium,Digital budgeting nudge,205,0
C000963,Synthetic Customer 0963,Dublin,Mass Market,22000.0,0,L000963,28159.06,0.452,30,1,21487.05,20815.81,0.9688,40.6,Medium,Digital budgeting nudge,206,0
C000211,Synthetic Customer 0211,Connacht,Mass Market,52705.1,0,L000211,22268.76,0.3593,45,1,52783.77,49628.88,0.9402,40.6,Medium,Digital budgeting nudge,207,0
C000180,Synthetic Customer 0180,Leinster,Mass Market,22000.0,0,L000180,7756.63,0.3617,45,1,21837.19,20187.52,0.9245,40.6,Medium,Digital budgeting nudge,208,0
C000912,Synthetic Customer 0912,Dublin,Mass Market,36318.04,0,L000912,16629.39,0.7676,0,0,36988.92,33194.52,0.8974,40.4,Medium,Digital budgeting nudge,209,0
C000829,Synthetic Customer 0829,Dublin,Mass Market,36022.52,0,L000829,6873.85,0.5491,15,1,36231.03,34592.21,0.9548,40.4,Medium,Digital budgeting nudge,210,0
C000030,Synthetic Customer 0030,Dublin,Emerging Affluent,60408.54,0,L000030,32006.53,0.7686,0,0,59565.84,52270.63,0.8775,40.3,Medium,Digital budgeting nudge,211,0
C000727,Synthetic Customer 0727,Dublin,Mass Market,36975.33,0,L000727,18768.55,0.7742,0,0,36347.98,31065.07,0.8547,40.3,Medium,Digital budgeting nudge,212,0
C000560,Synthetic Customer 0560,Leinster,Mass Market,22000.0,0,L000560,6551.99,0.4639,30,1,22414.14,19636.38,0.8761,40.3,Medium,Digital budgeting nudge,213,0
C000868,Synthetic Customer 0868,Dublin,Mass Market,49144.67,0,L000868,6143.91,0.7499,0,0,49110.16,47465.06,0.9665,40.3,Medium,Digital budgeting nudge,214,0
C000515,Synthetic Customer 0515,Leinster,Mass Market,22000.0,0,L000515,12218.83,0.7616,0,0,21877.39,19842.73,0.907,40.2,Medium,Digital budgeting nudge,215,0
C000310,Synthetic Customer 0310,Dublin,Emerging Affluent,52467.1,0,L000310,14043.36,0.7566,0,0,52601.52,48066.8,0.9138,40.1,Medium,Digital budgeting nudge,216,0
C000698,Synthetic Customer 0698,Dublin,Mass Market,51626.86,0,L000698,2601.87,0.2491,60,1,51779.04,47616.95,0.9196,40.0,Medium,Digital budgeting nudge,217,0
C000468,Synthetic Customer 0468,Ulster (ROI),Mass Market,38583.75,1,L000468,12206.28,0.5966,0,0,37287.07,40178.32,1.0775,39.9,Low,Maintain and monitor,218,0
C000400,Synthetic Customer 0400,Dublin,Mass Market,67901.05,1,L000400,5573.08,0.5993,0,0,68821.19,73353.85,1.0659,39.9,Low,Maintain and monitor,219,0
C000085,Synthetic Customer 0085,Dublin,Emerging Affluent,41053.91,1,L000085,2148.73,0.5908,0,0,39463.85,42985.32,1.0892,39.7,Low,Maintain and monitor,220,0
C000550,Synthetic Customer 0550,Dublin,Mass Market,39834.22,0,L000550,10927.45,0.7477,0,0,39009.92,35035.54,0.8981,39.6,Low,Maintain and monitor,221,0
C000157,Synthetic Customer 0157,Ulster (ROI),Affluent,37088.8,0,L000157,9690.43,0.7483,0,0,36779.95,33141.04,0.9011,39.6,Low,Maintain and monitor,222,0
C000808,Synthetic Customer 0808,Leinster,Mass Market,62066.4,0,L000808,5028.42,0.7478,0,0,60104.8,53897.45,0.8967,39.6,Low,Maintain and monitor,223,0
C000913,Synthetic Customer 0913,Dublin,Mass Market,28993.47,0,L000913,3379.06,0.7535,0,0,28275.44,24698.57,0.8735,39.6,Low,Maintain and monitor,224,0
C000569,Synthetic Customer 0569,Munster,Emerging Affluent,22000.0,0,L000569,31400.25,0.3285,45,1,21508.18,20561.57,0.956,39.5,Low,Maintain and monitor,225,0
C000141,Synthetic Customer 0141,Dublin,Mass Market,50926.43,0,L000141,13934.72,0.7438,0,0,50441.19,45555.96,0.9031,39.5,Low,Maintain and monitor,226,0
C000646,Synthetic Customer 0646,Leinster,Mass Market,26078.19,0,L000646,5903.81,0.7667,0,0,25922.37,20801.56,0.8025,39.5,Low,Maintain and monitor,227,0
C000879,Synthetic Customer 0879,Munster,Mass Market,70957.73,0,L000879,7108.23,0.7277,0,0,70810.03,69087.7,0.9757,39.4,Low,Maintain and monitor,228,0
C000938,Synthetic Customer 0938,Connacht,Emerging Affluent,33052.62,0,L000938,5362.97,0.7243,0,0,33847.89,33430.89,0.9877,39.4,Low,Maintain and monitor,229,0
C000707,Synthetic Customer 0707,Connacht,Mass Market,38324.52,0,L000707,16373.05,0.4286,30,1,36955.9,34387.48,0.9305,39.3,Low,Maintain and monitor,230,0
C000662,Synthetic Customer 0662,Dublin,Emerging Affluent,79709.09,0,L000662,33930.77,0.312,45,1,80310.87,80141.62,0.9979,39.2,Low,Maintain and monitor,231,0
C000855,Synthetic Customer 0855,Ulster (ROI),Mass Market,40262.79,0,L000855,29815.33,0.7306,0,0,40504.99,37566.68,0.9275,39.1,Low,Maintain and monitor,232,0
C000683,Synthetic Customer 0683,Connacht,Mass Market,36279.71,1,L000683,20495.72,0.5834,0,0,36991.62,39161.89,1.0587,39.1,Low,Maintain and monitor,233,0
C000349,Synthetic Customer 0349,Dublin,Mass Market,92689.48,1,L000349,10910.47,0.5977,0,0,91322.99,90869.27,0.995,39.1,Low,Maintain and monitor,234,0
C000293,Synthetic Customer 0293,Connacht,Emerging Affluent,33122.2,0,L000293,28887.6,0.7396,0,0,32842.57,28760.85,0.8757,39.0,Low,Maintain and monitor,235,0
C000317,Synthetic Customer 0317,Dublin,Mass Market,42891.67,0,L000317,2957.01,0.7444,0,0,43944.87,37429.79,0.8517,39.0,Low,Maintain and monitor,236,0
C000281,Synthetic Customer 0281,Munster,Mass Market,42141.05,0,L000281,12326.28,0.4226,30,1,42562.27,38876.06,0.9134,38.9,Low,Maintain and monitor,237,0
C000936,Synthetic Customer 0936,Leinster,Mass Market,29835.26,0,L000936,7994.84,0.3149,45,1,28628.04,27406.84,0.9573,38.9,Low,Maintain and monitor,238,0
C000320,Synthetic Customer 0320,Ulster (ROI),Mass Market,41368.99,0,L000320,3081.28,0.7328,0,0,41497.15,37042.85,0.8927,38.9,Low,Maintain and monitor,239,0
C000877,Synthetic Customer 0877,Connacht,Emerging Affluent,41997.19,1,L000877,5595.97,0.58,0,0,43827.03,45566.3,1.0397,38.8,Low,Maintain and monitor,240,0
C000220,Synthetic Customer 0220,Dublin,Mass Market,43602.04,0,L000220,1539.84,0.7177,0,0,46105.32,43759.71,0.9491,38.8,Low,Maintain and monitor,241,0
C000554,Synthetic Customer 0554,Connacht,Emerging Affluent,23560.62,0,L000554,25123.89,0.2185,60,1,23443.35,21383.43,0.9121,38.6,Low,Maintain and monitor,242,0
C000676,Synthetic Customer 0676,Leinster,Mass Market,31586.99,0,L000676,16450.73,0.2293,60,1,32137.98,27587.67,0.8584,38.6,Low,Maintain and monitor,243,0
C000956,Synthetic Customer 0956,Leinster,Mass Market,23608.64,0,L000956,12599.51,0.4903,15,1,23314.91,23914.7,1.0257,38.6,Low,Maintain and monitor,244,0
C000589,Synthetic Customer 0589,Munster,Mass Market,30541.45,0,L000589,4135.46,0.3114,45,1,30661.49,28678.71,0.9353,38.6,Low,Maintain and monitor,245,0
C000531,Synthetic Customer 0531,Leinster,Mass Market,22000.0,0,L000531,10590.81,0.7147,0,0,22401.92,20923.23,0.934,38.5,Low,Maintain and monitor,246,0
C000333,Synthetic Customer 0333,Connacht,Affluent,58140.2,0,L000333,7305.03,0.2116,60,1,59390.15,55087.08,0.9275,38.5,Low,Maintain and monitor,247,0
C000689,Synthetic Customer 0689,Munster,Mass Market,22540.4,0,L000689,2891.64,0.7319,0,0,23200.11,19768.71,0.8521,38.5,Low,Maintain and monitor,248,0
C000893,Synthetic Customer 0893,Dublin,Affluent,65616.61,0,L000893,8212.01,0.7019,0,0,65180.57,64148.84,0.9842,38.4,Low,Maintain and monitor,249,0
C000919,Synthetic Customer 0919,Ulster (ROI),Mass Market,23430.78,0,L000919,6223.73,0.7125,0,0,23204.56,21726.65,0.9363,38.4,Low,Maintain and monitor,250,0
C000007,Synthetic Customer 0007,Munster,Affluent,22000.0,0,L000007,38591.65,0.7197,0,0,21031.6,18781.96,0.893,38.3,Low,Maintain and monitor,251,0
C000008,Synthetic Customer 0008,Ulster (ROI),Mass Market,49234.69,0,L000008,13819.61,0.5054,15,1,49577.62,46070.63,0.9293,38.3,Low,Maintain and monitor,252,0
C000059,Synthetic Customer 0059,Munster,Mass Market,59132.49,0,L000059,7339.77,0.7161,0,0,57511.13,51865.91,0.9018,38.3,Low,Maintain and monitor,253,0
C000843,Synthetic Customer 0843,Connacht,Mass Market,63062.39,0,L000843,6321.22,0.7247,0,0,59217.54,51293.03,0.8662,38.3,Low,Maintain and monitor,254,0
C000678,Synthetic Customer 0678,Leinster,Mass Market,41044.43,0,L000678,3333.25,0.2905,45,1,40902.18,41152.51,1.0061,38.3,Low,Maintain and monitor,255,0
C000873,Synthetic Customer 0873,Ulster (ROI),Mass Market,39082.07,0,L000873,20173.78,0.2163,60,1,38649.96,33812.7,0.8748,38.2,Low,Maintain and monitor,256,0
C000183,Synthetic Customer 0183,Connacht,Emerging Affluent,22471.75,0,L000183,16179.78,0.7076,0,0,22360.47,20743.68,0.9277,38.2,Low,Maintain and monitor,257,0
C000617,Synthetic Customer 0617,Ulster (ROI),Affluent,65522.95,1,L000617,10879.7,0.5731,0,0,65176.63,64568.59,0.9907,38.1,Low,Maintain and monitor,258,0
C000582,Synthetic Customer 0582,Munster,Mass Market,49077.57,0,L000582,1552.23,0.5055,15,1,47546.95,43063.98,0.9057,38.1,Low,Maintain and monitor,259,0
C000681,Synthetic Customer 0681,Leinster,Mass Market,52274.54,0,L000681,5119.75,0.584,0,1,50642.65,49808.29,0.9835,38.0,Low,Maintain and monitor,260,0
C000233,Synthetic Customer 0233,Ulster (ROI),Emerging Affluent,38011.7,1,L000233,34076.86,0.3445,15,1,41041.31,44040.96,1.0731,37.9,Low,Maintain and monitor,261,0
C000215,Synthetic Customer 0215,Leinster,Mass Market,56907.8,0,L000215,16122.98,0.7012,0,0,56887.88,52705.1,0.9265,37.9,Low,Maintain and monitor,262,0
C000828,Synthetic Customer 0828,Munster,Mass Market,39348.32,0,L000828,7545.75,0.2,60,1,39176.69,36004.69,0.919,37.9,Low,Maintain and monitor,263,0
C000143,Synthetic Customer 0143,Connacht,Mass Market,22000.0,0,L000143,13756.76,0.2723,30,2,21680.04,21423.34,0.9882,37.8,Low,Maintain and monitor,264,0
C000446,Synthetic Customer 0446,Dublin,Mass Market,47602.27,0,L000446,10493.43,0.7023,0,0,47205.13,42796.3,0.9066,37.7,Low,Maintain and monitor,265,0
C000901,Synthetic Customer 0901,Connacht,Mass Market,29074.19,0,L000901,5616.08,0.702,0,0,29659.68,26726.05,0.9011,37.7,Low,Maintain and monitor,266,0
C000031,Synthetic Customer 0031,Dublin,Affluent,22000.0,0,L000031,4155.4,0.2959,45,1,21366.97,19414.84,0.9086,37.7,Low,Maintain and monitor,267,0
C000485,Synthetic Customer 0485,Dublin,Affluent,22000.0,1,L000485,21730.89,0.539,0,0,21561.72,24770.02,1.1488,37.6,Low,Maintain and monitor,268,0
C000886,Synthetic Customer 0886,Munster,Emerging Affluent,30524.4,0,L000886,15646.22,0.6825,0,0,30470.85,29717.93,0.9753,37.5,Low,Maintain and monitor,269,0
C000801,Synthetic Customer 0801,Dublin,Mass Market,37791.3,1,L000801,8282.61,0.4315,0,1,36799.56,40027.7,1.0877,37.5,Low,Maintain and monitor,270,0
C000966,Synthetic Customer 0966,Dublin,Emerging Affluent,24111.86,0,L000966,4675.5,0.7009,0,0,24029.16,21314.29,0.887,37.5,Low,Maintain and monitor,271,0
C000121,Synthetic Customer 0121,Leinster,Mass Market,22000.0,0,L000121,3547.94,0.6922,0,0,21536.3,20038.26,0.9304,37.5,Low,Maintain and monitor,272,0
C000069,Synthetic Customer 0069,Dublin,Mass Market,55348.02,1,L000069,41432.43,0.5372,0,0,52995.79,57354.51,1.0822,37.4,Low,Maintain and monitor,273,0
C000722,Synthetic Customer 0722,Dublin,Emerging Affluent,29998.76,0,L000722,6196.9,0.6987,0,0,29212.39,25730.83,0.8808,37.4,Low,Maintain and monitor,274,0
C000713,Synthetic Customer 0713,Munster,Mass Market,33667.35,0,L000713,19773.57,0.7095,0,0,33151.65,27381.37,0.8259,37.3,Low,Maintain and monitor,275,0
C000384,Synthetic Customer 0384,Dublin,Emerging Affluent,70121.32,0,L000384,11519.56,0.2708,45,1,67897.89,66965.05,0.9863,37.3,Low,Maintain and monitor,276,0
C000715,Synthetic Customer 0715,Leinster,Mass Market,37825.89,0,L000715,6386.68,0.4676,15,1,37135.01,36296.84,0.9774,37.2,Low,Maintain and monitor,277,0
C000187,Synthetic Customer 0187,Leinster,Mass Market,47311.38,1,L000187,23720.25,0.5525,0,0,45425.71,44552.7,0.9808,37.1,Low,Maintain and monitor,278,0
C000500,Synthetic Customer 0500,Leinster,Mass Market,33296.29,0,L000500,7625.74,0.6857,0,0,32960.45,29926.98,0.908,37.1,Low,Maintain and monitor,279,0
C000249,Synthetic Customer 0249,Dublin,Mass Market,64092.24,0,L000249,3582.25,0.3897,30,1,63862.81,55452.42,0.8683,37.1,Low,Maintain and monitor,280,0
C000133,Synthetic Customer 0133,Leinster,Emerging Affluent,29203.57,0,L000133,2807.17,0.6971,0,0,30083.51,25861.67,0.8597,37.1,Low,Maintain and monitor,281,0
C000256,Synthetic Customer 0256,Ulster (ROI),Mass Market,86772.67,1,L000256,32830.22,0.5658,0,0,86851.63,78337.54,0.902,37.0,Low,Maintain and monitor,282,0
C000150,Synthetic Customer 0150,Dublin,Mass Market,62219.6,0,L000150,21075.24,0.6875,0,0,61933.63,55363.55,0.8939,37.0,Low,Maintain and monitor,283,0
C000742,Synthetic Customer 0742,Dublin,Emerging Affluent,41214.25,0,L000742,12198.47,0.656,0,0,43390.11,44925.57,1.0354,37.0,Low,Maintain and monitor,284,0
C000636,Synthetic Customer 0636,Leinster,Emerging Affluent,28194.08,0,L000636,9240.71,0.1921,60,1,28290.09,24136.69,0.8532,37.0,Low,Maintain and monitor,285,0
C000123,Synthetic Customer 0123,Dublin,Mass Market,29390.25,0,L000123,1480.98,0.4671,15,1,28336.06,27237.07,0.9612,37.0,Low,Maintain and monitor,286,0
C000079,Synthetic Customer 0079,Dublin,Mass Market,22000.0,0,L000079,1508.3,0.6781,0,0,22068.91,20457.17,0.927,36.9,Low,Maintain and monitor,287,0
C000833,Synthetic Customer 0833,Dublin,Mass Market,42331.82,0,L000833,10317.4,0.673,0,0,42739.48,40292.7,0.9428,36.8,Low,Maintain and monitor,288,0
C000444,Synthetic Customer 0444,Leinster,Mass Market,32354.75,0,L000444,1181.31,0.2676,45,1,33712.31,31695.29,0.9402,36.8,Low,Maintain and monitor,289,0
C000494,Synthetic Customer 0494,Connacht,Mass Market,41089.47,0,L000494,11383.57,0.6848,0,0,41932.53,36768.06,0.8768,36.7,Low,Maintain and monitor,290,0
C000314,Synthetic Customer 0314,Leinster,Emerging Affluent,22568.72,0,L000314,14804.07,0.6659,0,0,22579.38,21522.02,0.9532,36.6,Low,Maintain and monitor,291,0
C000728,Synthetic Customer 0728,Leinster,Mass Market,49127.57,0,L000728,4065.36,0.3709,30,1,45560.41,41095.36,0.902,36.6,Low,Maintain and monitor,292,0
C000611,Synthetic Customer 0611,Munster,Mass Market,26633.51,0,L000611,25295.42,0.6866,0,0,25829.66,21815.42,0.8446,36.5,Low,Maintain and monitor,293,0
C000139,Synthetic Customer 0139,Dublin,Emerging Affluent,30553.71,0,L000139,18945.74,0.6806,0,0,31094.39,27099.91,0.8715,36.5,Low,Maintain and monitor,294,0
C000558,Synthetic Customer 0558,Leinster,Mass Market,78039.47,0,L000558,12053.78,0.6752,0,0,77327.03,68914.61,0.8912,36.5,Low,Maintain and monitor,295,0
C000811,Synthetic Customer 0811,Leinster,Mass Market,22000.0,0,L000811,38548.38,0.2715,45,1,21854.49,19164.94,0.8769,36.4,Low,Maintain and monitor,296,0
C000137,Synthetic Customer 0137,Connacht,Mass Market,22000.0,0,L000137,6452.83,0.2707,45,1,22029.53,19426.39,0.8818,36.4,Low,Maintain and monitor,297,0
C000593,Synthetic Customer 0593,Dublin,Emerging Affluent,26903.46,0,L000593,1436.94,0.2739,45,1,26337.9,22825.26,0.8666,36.4,Low,Maintain and monitor,298,0
C000776,Synthetic Customer 0776,Dublin,Emerging Affluent,119279.03,0,L000776,10280.19,0.6604,0,0,123708.12,115987.92,0.9376,36.3,Low,Maintain and monitor,299,0
C000239,Synthetic Customer 0239,Leinster,Mass Market,47305.18,0,L000239,9463.64,0.2678,45,1,46249.96,41002.08,0.8865,36.3,Low,Maintain and monitor,300,0
C000195,Synthetic Customer 0195,Dublin,Mass Market,44775.49,1,L000195,3932.96,0.519,0,0,43989.7,46025.85,1.0463,36.3,Low,Maintain and monitor,301,0
C000210,Synthetic Customer 0210,Ulster (ROI),Mass Market,56332.54,0,L000210,30394.96,0.3559,30,1,52956.49,48939.69,0.9241,36.2,Low,Maintain and monitor,302,0
C000386,Synthetic Customer 0386,Munster,Mass Market,38791.85,0,L000386,11306.13,0.665,0,0,39445.15,35737.37,0.906,36.2,Low,Maintain and monitor,303,0
C000863,Synthetic Customer 0863,Dublin,Affluent,30079.56,0,L000863,3682.84,0.6876,0,0,29042.16,23261.38,0.801,36.2,Low,Maintain and monitor,304,0
C000112,Synthetic Customer 0112,Leinster,Affluent,24109.28,0,L000112,10586.96,0.6555,0,0,25235.65,23776.16,0.9422,36.1,Low,Maintain and monitor,305,0
C000523,Synthetic Customer 0523,Dublin,Mass Market,33236.12,0,L000523,31802.31,0.6625,0,0,33478.63,30219.81,0.9027,36.0,Low,Maintain and monitor,306,0
C000661,Synthetic Customer 0661,Munster,Mass Market,30892.76,0,L000661,3824.16,0.6612,0,0,30894.39,27800.32,0.8999,36.0,Low,Maintain and monitor,307,0
C000932,Synthetic Customer 0932,Munster,Emerging Affluent,41452.3,0,L000932,30441.19,0.2561,45,1,43027.29,38654.78,0.8984,35.9,Low,Maintain and monitor,308,0
C000998,Synthetic Customer 0998,Leinster,Mass Market,34851.56,1,L000998,12526.88,0.5062,0,0,35095.92,37382.07,1.0651,35.9,Low,Maintain and monitor,309,0
C000763,Synthetic Customer 0763,Leinster,Mass Market,34012.32,0,L000763,34836.39,0.6496,0,0,33270.42,31239.58,0.939,35.8,Low,Maintain and monitor,310,0
C000598,Synthetic Customer 0598,Dublin,Emerging Affluent,65228.65,0,L000598,9727.11,0.6502,0,0,62816.24,58927.53,0.9381,35.8,Low,Maintain and monitor,311,0
C000479,Synthetic Customer 0479,Munster,Mass Market,50445.67,0,L000479,23001.34,0.2493,30,2,49522.08,42894.66,0.8662,35.7,Low,Maintain and monitor,312,0
C000760,Synthetic Customer 0760,Leinster,Mass Market,58639.45,1,L000760,11866.39,0.506,0,0,57977.45,60502.29,1.0435,35.7,Low,Maintain and monitor,313,0
C000909,Synthetic Customer 0909,Connacht,Mass Market,63124.83,0,L000909,6169.18,0.4513,15,1,60898.39,54297.88,0.8916,35.7,Low,Maintain and monitor,314,0
C000335,Synthetic Customer 0335,Dublin,Emerging Affluent,44521.44,0,L000335,3371.73,0.6504,0,0,41454.67,38452.41,0.9276,35.7,Low,Maintain and monitor,315,0
C000298,Synthetic Customer 0298,Connacht,Mass Market,25553.06,0,L000298,3345.52,0.6513,0,0,26025.04,23903.14,0.9185,35.7,Low,Maintain and monitor,316,0
C000804,Synthetic Customer 0804,Leinster,Emerging Affluent,22000.0,0,L000804,1614.32,0.2421,30,2,22517.15,20265.99,0.9,35.7,Low,Maintain and monitor,317,0
C000812,Synthetic Customer 0812,Ulster (ROI),Mass Market,39455.17,0,L000812,17002.87,0.6606,0,0,37260.27,32377.42,0.869,35.6,Low,Maintain and monitor,318,0
C000403,Synthetic Customer 0403,Dublin,Emerging Affluent,42931.12,0,L000403,13925.76,0.2506,45,1,42415.53,37597.23,0.8864,35.6,Low,Maintain and monitor,319,0
C000782,Synthetic Customer 0782,Dublin,Emerging Affluent,75237.73,1,L000782,30134.38,0.5331,0,0,74767.84,66475.45,0.8891,35.5,Low,Maintain and monitor,320,0
C000247,Synthetic Customer 0247,Connacht,Mass Market,46913.81,0,L000247,20466.61,0.6385,0,0,47958.18,45230.83,0.9431,35.4,Low,Maintain and monitor,321,0
C000543,Synthetic Customer 0543,Munster,Mass Market,72137.95,0,L000543,17667.96,0.6467,0,0,71829.82,65261.24,0.9086,35.4,Low,Maintain and monitor,322,0
C000113,Synthetic Customer 0113,Leinster,Mass Market,22000.0,1,L000113,16180.47,0.4831,0,0,23456.91,27518.48,1.1732,35.3,Low,Maintain and monitor,323,0
C000018,Synthetic Customer 0018,Munster,Mass Market,46570.01,0,L000018,9995.34,0.6167,0,0,45063.95,46642.1,1.035,35.3,Low,Maintain and monitor,324,0
C000456,Synthetic Customer 0456,Dublin,Mass Market,65041.44,0,L000456,1049.66,0.1455,60,1,67654.75,59996.04,0.8868,35.3,Low,Maintain and monitor,325,0
C000994,Synthetic Customer 0994,Connacht,Emerging Affluent,22000.0,0,L000994,880.11,0.4484,15,1,22382.03,19295.75,0.8621,35.3,Low,Maintain and monitor,326,0
C000044,Synthetic Customer 0044,Ulster (ROI),Emerging Affluent,35484.68,0,L000044,10652.01,0.5477,0,1,35163.3,29887.26,0.85,35.2,Low,Maintain and monitor,327,0
C000820,Synthetic Customer 0820,Dublin,Mass Market,46123.64,0,L000820,10310.97,0.6338,0,0,43959.62,41309.27,0.9397,35.2,Low,Maintain and monitor,328,0
C000765,Synthetic Customer 0765,Connacht,Mass Market,43039.78,0,L000765,6406.84,0.5344,0,1,42773.04,39055.7,0.9131,35.2,Low,Maintain and monitor,329,0
C000365,Synthetic Customer 0365,Dublin,Mass Market,22000.0,0,L000365,2987.18,0.1456,60,1,21923.84,19105.08,0.8714,35.2,Low,Maintain and monitor,330,0
C000166,Synthetic Customer 0166,Leinster,Emerging Affluent,52726.55,0,L000166,11759.62,0.6192,0,0,53214.24,53189.86,0.9995,35.1,Low,Maintain and monitor,331,0
C000021,Synthetic Customer 0021,Dublin,Mass Market,23801.07,0,L000021,7528.96,0.6249,0,0,23520.33,22917.13,0.9744,35.1,Low,Maintain and monitor,332,0
C000334,Synthetic Customer 0334,Leinster,Mass Market,72294.11,0,L000334,4353.35,0.6346,0,0,67581.95,62751.44,0.9285,35.1,Low,Maintain and monitor,333,0
C000793,Synthetic Customer 0793,Connacht,Mass Market,54528.98,0,L000793,12716.01,0.4278,0,2,54982.37,48484.19,0.8818,35.0,Low,Maintain and monitor,334,0
C000564,Synthetic Customer 0564,Ulster (ROI),Mass Market,95090.0,0,L000564,11713.16,0.6192,0,0,94587.34,93511.41,0.9886,35.0,Low,Maintain and monitor,335,0
C000503,Synthetic Customer 0503,Dublin,Mass Market,22742.63,1,L000503,10819.53,0.27,15,1,21585.1,26765.37,1.24,35.0,Low,Maintain and monitor,336,0
C000600,Synthetic Customer 0600,Leinster,Mass Market,54752.17,0,L000600,5099.3,0.6247,0,0,55129.9,53083.54,0.9629,35.0,Low,Maintain and monitor,337,0
C000391,Synthetic Customer 0391,Leinster,Mass Market,54290.32,0,L000391,24800.13,0.6367,0,0,53794.13,48170.51,0.8955,34.9,Low,Maintain and monitor,338,0
C000620,Synthetic Customer 0620,Munster,Emerging Affluent,54554.09,0,L000620,18086.06,0.222,45,1,54486.13,51174.51,0.9392,34.9,Low,Maintain and monitor,339,0
C000243,Synthetic Customer 0243,Dublin,Mass Market,47448.9,0,L000243,9767.31,0.5236,0,1,48127.74,44255.57,0.9195,34.9,Low,Maintain and monitor,340,0
C000574,Synthetic Customer 0574,Connacht,Mass Market,23834.68,0,L000574,29658.48,0.641,0,0,24169.04,20904.88,0.8649,34.8,Low,Maintain and monitor,341,0
C000639,Synthetic Customer 0639,Ulster (ROI),Mass Market,38847.86,0,L000639,17587.92,0.6245,0,0,40581.58,38236.03,0.9422,34.8,Low,Maintain and monitor,342,0
C000572,Synthetic Customer 0572,Leinster,Mass Market,26089.93,0,L000572,6093.33,0.6491,0,0,26409.88,21926.26,0.8302,34.8,Low,Maintain and monitor,343,0
C000073,Synthetic Customer 0073,Ulster (ROI),Mass Market,32320.45,0,L000073,1800.18,0.6443,0,0,32878.2,27984.28,0.8512,34.8,Low,Maintain and monitor,344,0
C000171,Synthetic Customer 0171,Ulster (ROI),Mass Market,35718.9,0,L000171,17934.12,0.5213,0,1,35211.58,32269.77,0.9165,34.7,Low,Maintain and monitor,345,0
C000964,Synthetic Customer 0964,Leinster,Mass Market,59803.93,0,L000964,16328.15,0.6208,0,0,60816.85,57420.01,0.9441,34.7,Low,Maintain and monitor,346,0
C000596,Synthetic Customer 0596,Leinster,Mass Market,22000.0,0,L000596,15439.3,0.6242,0,0,21348.09,19990.7,0.9364,34.7,Low,Maintain and monitor,347,0
C000209,Synthetic Customer 0209,Connacht,Mass Market,63882.8,0,L000209,13560.51,0.6256,0,0,63469.49,58752.54,0.9257,34.7,Low,Maintain and monitor,348,0
C000376,Synthetic Customer 0376,Connacht,Mass Market,38135.9,0,L000376,7198.82,0.5151,0,1,37266.48,35031.68,0.94,34.7,Low,Maintain and monitor,349,0
C000950,Synthetic Customer 0950,Leinster,Mass Market,41603.88,0,L000950,9100.2,0.6048,0,0,41334.52,41938.49,1.0146,34.6,Low,Maintain and monitor,350,0
C000799,Synthetic Customer 0799,Dublin,Mass Market,43210.5,1,L000799,4498.38,0.4657,0,0,43203.19,49681.51,1.15,34.6,Low,Maintain and monitor,351,0
C000176,Synthetic Customer 0176,Dublin,Emerging Affluent,32820.21,0,L000176,5358.79,0.6197,0,0,33759.77,31469.35,0.9322,34.5,Low,Maintain and monitor,352,0
C000695,Synthetic Customer 0695,Connacht,Affluent,50972.45,0,L000695,18285.27,0.6284,0,0,50544.59,44272.04,0.8759,34.4,Low,Maintain and monitor,353,0
C000973,Synthetic Customer 0973,Dublin,Mass Market,24010.68,0,L000973,35415.95,0.6114,0,0,24206.56,22647.48,0.9356,34.2,Low,Maintain and monitor,354,0
C000984,Synthetic Customer 0984,Munster,Mass Market,52832.28,1,L000984,31620.22,0.4759,0,0,54355.71,55352.98,1.0183,34.2,Low,Maintain and monitor,355,0
C000367,Synthetic Customer 0367,Connacht,Mass Market,46529.31,0,L000367,14838.55,0.2003,30,2,47839.12,44322.38,0.9265,34.2,Low,Maintain and monitor,356,0
C000167,Synthetic Customer 0167,Leinster,Mass Market,22000.0,0,L000167,11460.86,0.6009,0,0,22331.24,21927.45,0.9819,34.2,Low,Maintain and monitor,357,0
C000063,Synthetic Customer 0063,Dublin,Affluent,29513.52,1,L000063,10602.69,0.4574,0,0,29459.98,32241.65,1.0944,34.2,Low,Maintain and monitor,358,0
C000001,Synthetic Customer 0001,Connacht,Mass Market,42189.42,0,L000001,3683.55,0.2139,45,1,40844.34,37122.65,0.9089,34.2,Low,Maintain and monitor,359,0
C000530,Synthetic Customer 0530,Leinster,Mass Market,41956.07,0,L000530,35627.43,0.6222,0,0,40976.69,36088.7,0.8807,34.1,Low,Maintain and monitor,360,0
C000480,Synthetic Customer 0480,Connacht,Mass Market,22000.0,0,L000480,18683.84,0.305,30,1,23026.59,21322.44,0.926,34.1,Low,Maintain and monitor,361,0
C000091,Synthetic Customer 0091,Ulster (ROI),Emerging Affluent,58181.43,0,L000091,7730.35,0.6072,0,0,56883.29,53043.99,0.9325,34.0,Low,Maintain and monitor,362,0
C000285,Synthetic Customer 0285,Munster,Mass Market,50846.81,0,L000285,23132.13,0.5906,0,0,50614.03,50681.41,1.0013,33.9,Low,Maintain and monitor,363,0
C000297,Synthetic Customer 0297,Leinster,Mass Market,55655.5,0,L000297,15744.4,0.6096,0,0,55830.56,50301.17,0.901,33.8,Low,Maintain and monitor,364,0
C000640,Synthetic Customer 0640,Dublin,Mass Market,121897.07,0,L000640,12420.45,0.6084,0,0,124504.64,112992.1,0.9075,33.8,Low,Maintain and monitor,365,0
C000512,Synthetic Customer 0512,Dublin,Mass Market,53798.07,0,L000512,3239.92,0.6101,0,0,53235.91,47487.35,0.892,33.7,Low,Maintain and monitor,366,0
C000874,Synthetic Customer 0874,Dublin,Mass Market,34841.24,0,L000874,25697.58,0.599,0,0,35674.9,33231.01,0.9315,33.6,Low,Maintain and monitor,367,0
C000406,Synthetic Customer 0406,Munster,Mass Market,36565.88,0,L000406,17545.5,0.5966,0,0,35685.46,33384.61,0.9355,33.6,Low,Maintain and monitor,368,0
C000555,Synthetic Customer 0555,Leinster,Mass Market,22000.0,0,L000555,9444.02,0.3985,15,1,21664.09,19240.88,0.8881,33.5,Low,Maintain and monitor,369,0
C000235,Synthetic Customer 0235,Dublin,Mass Market,57815.85,0,L000235,36435.01,0.6115,0,0,60129.58,50786.87,0.8446,33.4,Low,Maintain and monitor,370,0
C000302,Synthetic Customer 0302,Ulster (ROI),Mass Market,41523.87,1,L000302,10850.25,0.4524,0,0,41777.07,43342.56,1.0375,33.4,Low,Maintain and monitor,371,0
C000822,Synthetic Customer 0822,Ulster (ROI),Mass Market,98193.43,0,L000822,4315.81,0.6015,0,0,99365.85,89081.02,0.8965,33.4,Low,Maintain and monitor,372,0
C000988,Synthetic Customer 0988,Munster,Mass Market,73985.12,0,L000988,2426.89,0.6108,0,0,72631.3,61983.08,0.8534,33.4,Low,Maintain and monitor,373,0
C000102,Synthetic Customer 0102,Connacht,Mass Market,49890.81,0,L000102,38181.29,0.5966,0,0,49809.17,45057.98,0.9046,33.3,Low,Maintain and monitor,374,0
C000493,Synthetic Customer 0493,Dublin,Mass Market,28057.37,0,L000493,23129.5,0.4796,0,1,27784.01,26454.62,0.9522,33.3,Low,Maintain and monitor,375,0
C000354,Synthetic Customer 0354,Connacht,Emerging Affluent,38414.1,0,L000354,10493.38,0.5744,0,0,39385.03,39584.02,1.0051,33.3,Low,Maintain and monitor,376,0
C000495,Synthetic Customer 0495,Munster,Mass Market,27885.22,0,L000495,7484.6,0.3947,15,1,28017.19,24793.22,0.8849,33.3,Low,Maintain and monitor,377,0
C000292,Synthetic Customer 0292,Leinster,Mass Market,44537.99,0,L000292,5924.66,0.6035,0,0,43248.96,37892.29,0.8761,33.3,Low,Maintain and monitor,378,0
C000188,Synthetic Customer 0188,Leinster,Mass Market,39102.6,0,L000188,5281.76,0.2828,30,1,37363.0,35442.8,0.9486,33.3,Low,Maintain and monitor,379,0
C000126,Synthetic Customer 0126,Dublin,Affluent,48218.64,0,L000126,18632.65,0.1774,45,1,47529.67,45738.79,0.9623,33.2,Low,Maintain and monitor,380,0
C000647,Synthetic Customer 0647,Dublin,Mass Market,51727.93,0,L000647,11885.03,0.6043,0,0,49038.54,42259.56,0.8618,33.2,Low,Maintain and monitor,381,0
C000371,Synthetic Customer 0371,Dublin,Mass Market,22000.0,1,L000371,10659.16,0.325,0,1,21179.39,25463.94,1.2023,33.1,Low,Maintain and monitor,382,0
C000748,Synthetic Customer 0748,Dublin,Mass Market,107651.8,0,L000748,36075.81,0.608,0,0,105163.74,86384.03,0.8214,33.0,Low,Maintain and monitor,383,0
C000856,Synthetic Customer 0856,Munster,Mass Market,55220.06,0,L000856,10147.24,0.5937,0,0,58655.33,52244.44,0.8907,33.0,Low,Maintain and monitor,384,0
C000469,Synthetic Customer 0469,Leinster,Emerging Affluent,45744.59,0,L000469,5028.27,0.5855,0,0,45586.87,42261.2,0.927,33.0,Low,Maintain and monitor,385,0
C000869,Synthetic Customer 0869,Leinster,Mass Market,51833.78,0,L000869,6097.36,0.5727,0,0,51262.44,49743.08,0.9704,32.9,Low,Maintain and monitor,386,0
C000192,Synthetic Customer 0192,Munster,Mass Market,75284.1,0,L000192,5136.26,0.5929,0,0,73818.15,65130.08,0.8823,32.9,Low,Maintain and monitor,387,0
C000768,Synthetic Customer 0768,Ulster (ROI),Mass Market,57760.71,1,L000768,1844.09,0.4402,0,0,55086.22,56345.88,1.0229,32.8,Low,Maintain and monitor,388,0
C000773,Synthetic Customer 0773,Dublin,Affluent,22000.0,0,L000773,20504.63,0.5716,0,0,21530.39,20572.45,0.9555,32.7,Low,Maintain and monitor,389,0
C000230,Synthetic Customer 0230,Leinster,Emerging Affluent,40983.59,0,L000230,16725.15,0.5806,0,0,40183.51,36819.48,0.9163,32.7,Low,Maintain and monitor,390,0
C000499,Synthetic Customer 0499,Leinster,Mass Market,35058.51,0,L000499,9216.94,0.5836,0,0,35946.35,31987.67,0.8899,32.6,Low,Maintain and monitor,391,0
C000541,Synthetic Customer 0541,Munster,Mass Market,42471.65,0,L000541,5682.1,0.5738,0,0,43021.02,40088.63,0.9318,32.6,Low,Maintain and monitor,392,0
C000361,Synthetic Customer 0361,Dublin,Mass Market,51967.01,0,L000361,4753.65,0.5762,0,0,51009.52,47166.16,0.9247,32.6,Low,Maintain and monitor,393,0
C000312,Synthetic Customer 0312,Connacht,Emerging Affluent,58004.28,0,L000312,3098.09,0.5795,0,0,60219.6,54667.01,0.9078,32.6,Low,Maintain and monitor,394,0
C000514,Synthetic Customer 0514,Connacht,Mass Market,22775.82,0,L000514,2082.3,0.4747,0,1,22286.51,20075.46,0.9008,32.6,Low,Maintain and monitor,395,0
C000315,Synthetic Customer 0315,Munster,Mass Market,39211.85,0,L000315,11653.88,0.1752,45,1,40538.6,36497.18,0.9003,32.5,Low,Maintain and monitor,396,0
C000002,Synthetic Customer 0002,Dublin,Mass Market,36146.13,0,L000002,6783.52,0.1794,45,1,35302.43,30965.63,0.8772,32.5,Low,Maintain and monitor,397,0
C000508,Synthetic Customer 0508,Dublin,Mass Market,54634.03,0,L000508,5804.8,0.2573,30,1,52245.78,51055.18,0.9772,32.5,Low,Maintain and monitor,398,0
C000484,Synthetic Customer 0484,Dublin,Emerging Affluent,36119.12,0,L000484,5786.51,0.5557,0,0,35710.71,35880.72,1.0048,32.5,Low,Maintain and monitor,399,0
C000726,Synthetic Customer 0726,Dublin,Mass Market,39290.27,1,L000726,2286.07,0.4292,0,0,37864.88,39417.32,1.041,32.5,Low,Maintain and monitor,400,0
C000967,Synthetic Customer 0967,Leinster,Mass Market,24256.95,0,L000967,23107.96,0.5853,0,0,23321.24,19985.68,0.857,32.4,Low,Maintain and monitor,401,0
C000710,Synthetic Customer 0710,Dublin,Mass Market,67157.03,0,L000710,6775.22,0.5712,0,0,66439.13,61573.14,0.9268,32.4,Low,Maintain and monitor,402,0
C000223,Synthetic Customer 0223,Munster,Affluent,51608.44,0,L000223,4147.67,0.5665,0,0,52971.05,50232.96,0.9483,32.4,Low,Maintain and monitor,403,0
C000295,Synthetic Customer 0295,Leinster,Mass Market,53543.25,0,L000295,3503.2,0.4658,0,1,54979.52,50655.92,0.9214,32.4,Low,Maintain and monitor,404,0
C000658,Synthetic Customer 0658,Connacht,Mass Market,33763.12,0,L000658,1741.56,0.554,0,0,33623.24,33241.91,0.9887,32.3,Low,Maintain and monitor,405,0
C000718,Synthetic Customer 0718,Ulster (ROI),Mass Market,22525.22,0,L000718,714.13,0.4707,0,1,22032.28,19386.08,0.8799,32.3,Low,Maintain and monitor,406,0
C000016,Synthetic Customer 0016,Munster,Emerging Affluent,23689.73,0,L000016,32231.4,0.5745,0,0,23195.31,20707.87,0.8928,32.2,Low,Maintain and monitor,407,0
C000778,Synthetic Customer 0778,Munster,Affluent,38730.5,0,L000778,20171.15,0.5758,0,0,38837.33,34132.46,0.8789,32.2,Low,Maintain and monitor,408,0
C000927,Synthetic Customer 0927,Munster,Mass Market,69746.7,0,L000927,13039.89,0.5653,0,0,69537.6,64442.74,0.9267,32.2,Low,Maintain and monitor,409,0
C000729,Synthetic Customer 0729,Dublin,Emerging Affluent,47249.21,0,L000729,12809.05,0.5698,0,0,46726.08,42717.91,0.9142,32.2,Low,Maintain and monitor,410,0
C000779,Synthetic Customer 0779,Dublin,Mass Market,27373.63,0,L000779,11311.25,0.5595,0,0,27650.25,26538.38,0.9598,32.2,Low,Maintain and monitor,411,0
C000057,Synthetic Customer 0057,Connacht,Mass Market,82295.89,0,L000057,4406.39,0.5658,0,0,84695.84,78218.54,0.9235,32.2,Low,Maintain and monitor,412,0
C000009,Synthetic Customer 0009,Dublin,Mass Market,53171.85,0,L000009,11227.96,0.5746,0,0,52044.97,45686.14,0.8778,32.1,Low,Maintain and monitor,413,0
C000533,Synthetic Customer 0533,Munster,Affluent,44865.62,0,L000533,9810.7,0.5692,0,0,44083.36,39819.86,0.9033,32.1,Low,Maintain and monitor,414,0
C000464,Synthetic Customer 0464,Connacht,Emerging Affluent,49179.82,0,L000464,9341.79,0.5671,0,0,48866.07,44607.11,0.9128,32.1,Low,Maintain and monitor,415,0
C000588,Synthetic Customer 0588,Ulster (ROI),Mass Market,33552.52,0,L000588,3262.16,0.3621,15,1,34349.7,31181.08,0.9078,32.1,Low,Maintain and monitor,416,0
C000364,Synthetic Customer 0364,Dublin,Mass Market,65839.38,0,L000364,6827.73,0.576,0,0,65297.26,56345.48,0.8629,32.0,Low,Maintain and monitor,417,0
C000422,Synthetic Customer 0422,Leinster,Mass Market,37630.28,0,L000422,3607.38,0.2352,0,3,37107.27,35090.85,0.9457,32.0,Low,Maintain and monitor,418,0
C000041,Synthetic Customer 0041,Munster,Mass Market,67414.57,0,L000041,6923.07,0.5653,0,0,67543.97,60866.23,0.9011,31.9,Low,Maintain and monitor,419,0
C000118,Synthetic Customer 0118,Leinster,Mass Market,27631.22,0,L000118,6486.51,0.5668,0,0,28702.37,25642.45,0.8934,31.9,Low,Maintain and monitor,420,0
C000802,Synthetic Customer 0802,Munster,Mass Market,33136.74,0,L000802,5894.88,0.351,15,1,32055.96,30109.38,0.9393,31.9,Low,Maintain and monitor,421,0
C000535,Synthetic Customer 0535,Dublin,Mass Market,42694.04,0,L000535,36869.59,0.5517,0,0,41199.32,38800.79,0.9418,31.7,Low,Maintain and monitor,422,0
C000253,Synthetic Customer 0253,Munster,Mass Market,55724.97,0,L000253,13588.66,0.552,0,0,55892.62,52077.01,0.9317,31.7,Low,Maintain and monitor,423,0
C000152,Synthetic Customer 0152,Munster,Mass Market,55439.51,0,L000152,8798.51,0.5539,0,0,54897.36,50722.24,0.9239,31.7,Low,Maintain and monitor,424,0
C000607,Synthetic Customer 0607,Ulster (ROI),Mass Market,22000.0,0,L000607,3514.53,0.2619,30,1,21838.85,18852.51,0.8633,31.7,Low,Maintain and monitor,425,0
C000667,Synthetic Customer 0667,Munster,Mass Market,37488.54,0,L000667,946.19,0.5785,0,0,36375.54,29480.68,0.8105,31.7,Low,Maintain and monitor,426,0
C000135,Synthetic Customer 0135,Ulster (ROI),Mass Market,31878.82,0,L000135,12491.08,0.5525,0,0,31847.79,29255.9,0.9186,31.6,Low,Maintain and monitor,427,0
C000341,Synthetic Customer 0341,Leinster,Mass Market,22000.0,0,L000341,8660.15,0.1625,30,2,23893.87,19594.49,0.8201,31.6,Low,Maintain and monitor,428,0
C000159,Synthetic Customer 0159,Leinster,Mass Market,55961.46,0,L000159,7954.98,0.1546,45,1,57000.95,51072.24,0.896,31.6,Low,Maintain and monitor,429,0
C000471,Synthetic Customer 0471,Dublin,Mass Market,46948.16,0,L000471,2053.11,0.5672,0,0,48016.05,41057.83,0.8551,31.6,Low,Maintain and monitor,430,0
C000878,Synthetic Customer 0878,Connacht,Affluent,42060.94,1,L000878,672.35,0.4028,0,0,40801.3,43242.01,1.0598,31.6,Low,Maintain and monitor,431,0
C000798,Synthetic Customer 0798,Leinster,Mass Market,31691.82,0,L000798,29809.52,0.547,0,0,32141.88,30185.7,0.9391,31.5,Low,Maintain and monitor,432,0
C000288,Synthetic Customer 0288,Munster,Mass Market,37259.34,0,L000288,24724.02,0.5417,0,0,36542.84,35002.25,0.9578,31.5,Low,Maintain and monitor,433,0
C000419,Synthetic Customer 0419,Connacht,Mass Market,54876.56,0,L000419,18858.19,0.5577,0,0,53614.65,47911.58,0.8936,31.5,Low,Maintain and monitor,434,0
C000114,Synthetic Customer 0114,Ulster (ROI),Emerging Affluent,29024.44,0,L000114,12197.41,0.5345,0,0,28807.68,28638.66,0.9941,31.5,Low,Maintain and monitor,435,0
C000042,Synthetic Customer 0042,Leinster,Mass Market,35931.74,0,L000042,6996.53,0.5542,0,0,34921.61,31668.9,0.9069,31.5,Low,Maintain and monitor,436,0
C000731,Synthetic Customer 0731,Munster,Emerging Affluent,23428.39,0,L000731,4767.75,0.5527,0,0,23896.67,21848.79,0.9143,31.5,Low,Maintain and monitor,437,0
C000650,Synthetic Customer 0650,Dublin,Emerging Affluent,28686.73,0,L000650,32295.35,0.5367,0,0,28326.66,27755.71,0.9798,31.4,Low,Maintain and monitor,438,0
C000623,Synthetic Customer 0623,Dublin,Affluent,73949.91,0,L000623,28561.08,0.5404,0,0,73278.94,70489.06,0.9619,31.4,Low,Maintain and monitor,439,0
C000928,Synthetic Customer 0928,Leinster,Mass Market,49767.41,0,L000928,17887.57,0.5465,0,0,49992.12,46458.09,0.9293,31.4,Low,Maintain and monitor,440,0
C000511,Synthetic Customer 0511,Connacht,Mass Market,72122.98,0,L000511,4741.3,0.5468,0,0,68820.65,64213.15,0.9331,31.4,Low,Maintain and monitor,441,0
C000862,Synthetic Customer 0862,Dublin,Mass Market,39609.78,0,L000862,18431.22,0.4555,0,1,38825.12,32835.69,0.8457,31.3,Low,Maintain and monitor,442,0
C000119,Synthetic Customer 0119,Dublin,Mass Market,59276.87,0,L000119,17474.15,0.5639,0,0,56994.57,47718.15,0.8372,31.3,Low,Maintain and monitor,443,0
C000348,Synthetic Customer 0348,Dublin,Mass Market,22000.0,0,L000348,7349.06,0.5418,0,0,22166.19,20911.42,0.9434,31.3,Low,Maintain and monitor,444,0
C000273,Synthetic Customer 0273,Dublin,Mass Market,27490.19,0,L000273,6898.6,0.2349,30,1,27601.86,26094.97,0.9454,31.3,Low,Maintain and monitor,445,0
C000859,Synthetic Customer 0859,Munster,Mass Market,22000.0,0,L000859,2629.16,0.343,15,1,22202.99,20097.45,0.9052,31.3,Low,Maintain and monitor,446,0
C000884,Synthetic Customer 0884,Leinster,Mass Market,38057.58,0,L000884,23787.85,0.0409,60,1,38917.44,35497.93,0.9121,31.2,Low,Maintain and monitor,447,0
C000691,Synthetic Customer 0691,Dublin,Mass Market,22000.0,0,L000691,22018.45,0.3289,15,1,22615.57,21622.36,0.9561,31.2,Low,Maintain and monitor,448,0
C000193,Synthetic Customer 0193,Leinster,Mass Market,35580.53,0,L000193,18150.44,0.3363,15,1,35760.65,32708.56,0.9147,31.1,Low,Maintain and monitor,449,0
C000675,Synthetic Customer 0675,Dublin,Mass Market,24204.86,0,L000675,17742.7,0.1398,45,1,24378.7,22070.98,0.9053,31.1,Low,Maintain and monitor,450,0
C000476,Synthetic Customer 0476,Dublin,Emerging Affluent,32496.45,1,L000476,1693.73,0.3876,0,0,31571.38,34042.21,1.0783,31.1,Low,Maintain and monitor,451,0
C000542,Synthetic Customer 0542,Dublin,Emerging Affluent,45835.57,1,L000542,5206.67,0.4041,0,0,45736.1,45320.7,0.9909,31.0,Low,Maintain and monitor,452,0
C000374,Synthetic Customer 0374,Ulster (ROI),Mass Market,42868.36,0,L000374,5086.32,0.5453,0,0,43637.84,38955.69,0.8927,31.0,Low,Maintain and monitor,453,0
C000730,Synthetic Customer 0730,Leinster,Mass Market,22180.08,0,L000730,33701.97,0.5377,0,0,22869.14,20971.55,0.917,30.9,Low,Maintain and monitor,454,0
C000583,Synthetic Customer 0583,Leinster,Mass Market,54319.42,0,L000583,27260.58,0.5405,0,0,54206.14,48691.77,0.8983,30.9,Low,Maintain and monitor,455,0
C000832,Synthetic Customer 0832,Munster,Affluent,46537.13,0,L000832,11594.22,0.5359,0,0,45392.65,42023.74,0.9258,30.9,Low,Maintain and monitor,456,0
C000871,Synthetic Customer 0871,Dublin,Mass Market,29787.6,1,L000871,9715.65,0.3818,0,0,30555.38,33132.47,1.0843,30.9,Low,Maintain and monitor,457,0
C000028,Synthetic Customer 0028,Connacht,Mass Market,36085.69,0,L000028,4042.49,0.33,15,1,36604.9,33678.66,0.9201,30.9,Low,Maintain and monitor,458,0
C000580,Synthetic Customer 0580,Leinster,Mass Market,22000.0,0,L000580,35797.01,0.5238,0,0,20794.96,20087.72,0.966,30.8,Low,Maintain and monitor,459,0
C000451,Synthetic Customer 0451,Ulster (ROI),Mass Market,57318.11,0,L000451,21363.24,0.5336,0,0,58093.36,53749.11,0.9252,30.8,Low,Maintain and monitor,460,0
C000920,Synthetic Customer 0920,Dublin,Mass Market,44977.39,0,L000920,32918.8,0.529,0,0,42520.19,39512.19,0.9293,30.7,Low,Maintain and monitor,461,0
C000949,Synthetic Customer 0949,Dublin,Mass Market,51410.98,0,L000949,23507.37,0.2272,30,1,53024.45,48284.2,0.9106,30.7,Low,Maintain and monitor,462,0
C000083,Synthetic Customer 0083,Connacht,Mass Market,30775.94,0,L000083,17842.76,0.5366,0,0,31159.35,28116.01,0.9023,30.7,Low,Maintain and monitor,463,0
C000169,Synthetic Customer 0169,Connacht,Mass Market,32773.97,0,L000169,16876.74,0.5285,0,0,32951.88,30709.61,0.932,30.7,Low,Maintain and monitor,464,0
C000827,Synthetic Customer 0827,Connacht,Mass Market,28951.01,0,L000827,6987.08,0.5433,0,0,29051.69,25287.65,0.8704,30.7,Low,Maintain and monitor,465,0
C000741,Synthetic Customer 0741,Leinster,Mass Market,38691.75,0,L000741,17023.71,0.1329,45,1,38156.97,33802.32,0.8859,30.6,Low,Maintain and monitor,466,0
C000986,Synthetic Customer 0986,Munster,Mass Market,58316.03,0,L000986,14029.67,0.5152,0,0,59898.66,59268.19,0.9895,30.6,Low,Maintain and monitor,467,0
C000677,Synthetic Customer 0677,Leinster,Emerging Affluent,24631.75,0,L000677,12681.38,0.5294,0,0,24148.98,22262.29,0.9219,30.6,Low,Maintain and monitor,468,0
C000182,Synthetic Customer 0182,Dublin,Mass Market,29705.97,0,L000182,11454.54,0.5218,0,0,29717.98,28331.59,0.9533,30.6,Low,Maintain and monitor,469,0
C000255,Synthetic Customer 0255,Leinster,Mass Market,28669.37,0,L000255,2974.13,0.5178,0,0,27966.59,27326.0,0.9771,30.6,Low,Maintain and monitor,470,0
C000627,Synthetic Customer 0627,Ulster (ROI),Emerging Affluent,27702.53,0,L000627,24588.35,0.5244,0,0,27601.26,25723.45,0.932,30.5,Low,Maintain and monitor,471,0
C000122,Synthetic Customer 0122,Dublin,Mass Market,32447.42,0,L000122,9943.98,0.3265,0,2,33427.41,28525.8,0.8534,30.5,Low,Maintain and monitor,472,0
C000459,Synthetic Customer 0459,Dublin,Emerging Affluent,27009.94,0,L000459,35956.77,0.5346,0,0,27001.02,23627.47,0.8751,30.4,Low,Maintain and monitor,473,0
C000562,Synthetic Customer 0562,Ulster (ROI),Mass Market,40522.24,0,L000562,19546.63,0.5105,0,0,40801.38,40204.53,0.9854,30.4,Low,Maintain and monitor,474,0
C000770,Synthetic Customer 0770,Munster,Emerging Affluent,52877.75,0,L000770,11593.95,0.5203,0,0,54781.77,51376.22,0.9378,30.4,Low,Maintain and monitor,475,0
C000015,Synthetic Customer 0015,Connacht,Mass Market,37266.83,1,L000015,5551.99,0.3724,0,0,37361.39,40201.81,1.076,30.4,Low,Maintain and monitor,476,0
C000353,Synthetic Customer 0353,Leinster,Mass Market,34252.99,0,L000353,33662.05,0.5125,0,0,34856.92,33058.44,0.9484,30.1,Low,Maintain and monitor,477,0
C000621,Synthetic Customer 0621,Leinster,Mass Market,28385.49,0,L000621,33287.39,0.52,0,0,27370.61,24784.25,0.9055,30.1,Low,Maintain and monitor,478,0
C000918,Synthetic Customer 0918,Munster,Emerging Affluent,37899.95,0,L000918,20575.62,0.5091,0,0,38524.95,36984.0,0.96,30.1,Low,Maintain and monitor,479,0
C000156,Synthetic Customer 0156,Leinster,Mass Market,58604.94,0,L000156,12732.51,0.5212,0,0,57279.55,51613.47,0.9011,30.1,Low,Maintain and monitor,480,0
C000433,Synthetic Customer 0433,Dublin,Mass Market,27582.02,0,L000433,7342.96,0.2065,0,3,27551.28,23971.99,0.8701,30.1,Low,Maintain and monitor,481,0
C000200,Synthetic Customer 0200,Ulster (ROI),Emerging Affluent,93196.49,0,L000200,2285.49,0.5015,0,0,92561.48,91641.01,0.9901,30.1,Low,Maintain and monitor,482,0
C000900,Synthetic Customer 0900,Ulster (ROI),Emerging Affluent,49653.2,0,L000900,11793.8,0.522,0,0,50029.63,44519.38,0.8899,30.0,Low,Maintain and monitor,483,0
C000482,Synthetic Customer 0482,Leinster,Mass Market,40483.28,0,L000482,2304.33,0.5167,0,0,40817.47,37413.78,0.9166,30.0,Low,Maintain and monitor,484,0
C000299,Synthetic Customer 0299,Dublin,Affluent,42375.92,0,L000299,7267.03,0.5039,0,0,40939.43,39272.81,0.9593,29.9,Low,Maintain and monitor,485,0
C000903,Synthetic Customer 0903,Dublin,Emerging Affluent,44244.72,1,L000903,4028.34,0.3758,0,0,43611.04,43427.03,0.9958,29.8,Low,Maintain and monitor,486,0
C000027,Synthetic Customer 0027,Munster,Mass Market,22000.0,0,L000027,37455.01,0.5063,0,0,22001.6,20409.83,0.9277,29.7,Low,Maintain and monitor,487,0
C000127,Synthetic Customer 0127,Ulster (ROI),Mass Market,22983.7,1,L000127,13190.7,0.3508,0,0,23365.19,26067.14,1.1156,29.7,Low,Maintain and monitor,488,0
C000522,Synthetic Customer 0522,Dublin,Emerging Affluent,48475.65,1,L000522,9691.77,0.1608,15,1,49949.79,51169.97,1.0244,29.7,Low,Maintain and monitor,489,0
C000319,Synthetic Customer 0319,Dublin,Mass Market,25453.17,0,L000319,7067.84,0.4926,0,0,25218.27,25035.84,0.9928,29.7,Low,Maintain and monitor,490,0
C000655,Synthetic Customer 0655,Dublin,Mass Market,22353.99,0,L000655,4293.9,0.2952,15,1,22220.47,21031.51,0.9465,29.7,Low,Maintain and monitor,491,0
C000790,Synthetic Customer 0790,Dublin,Mass Market,27568.33,0,L000790,29693.6,0.4946,0,0,27866.19,27132.03,0.9737,29.6,Low,Maintain and monitor,492,0
C000721,Synthetic Customer 0721,Connacht,Mass Market,67904.97,1,L000721,15227.55,0.3539,0,0,67525.9,72150.94,1.0685,29.6,Low,Maintain and monitor,493,0
C000628,Synthetic Customer 0628,Leinster,Mass Market,23906.45,0,L000628,9294.62,0.4859,0,0,23469.66,23833.97,1.0155,29.6,Low,Maintain and monitor,494,0
C000081,Synthetic Customer 0081,Munster,Mass Market,87368.65,1,L000081,28942.93,0.3743,0,0,85088.26,81988.24,0.9636,29.5,Low,Maintain and monitor,495,0
C000179,Synthetic Customer 0179,Connacht,Emerging Affluent,64451.72,0,L000179,13343.07,0.5005,0,0,62237.53,58238.45,0.9357,29.5,Low,Maintain and monitor,496,0
C000571,Synthetic Customer 0571,Ulster (ROI),Mass Market,54782.76,0,L000571,24162.37,0.2875,15,1,53643.8,50833.12,0.9476,29.4,Low,Maintain and monitor,497,0
C000257,Synthetic Customer 0257,Munster,Mass Market,33476.79,0,L000257,11048.25,0.5043,0,0,32709.04,29439.95,0.9001,29.4,Low,Maintain and monitor,498,0
C000475,Synthetic Customer 0475,Dublin,Affluent,74334.7,0,L000475,41899.69,0.4932,0,0,74078.47,70151.95,0.947,29.3,Low,Maintain and monitor,499,0
C000694,Synthetic Customer 0694,Leinster,Affluent,37452.28,1,L000694,27685.14,0.3628,0,0,38296.64,38196.6,0.9974,29.3,Low,Maintain and monitor,500,0
C000148,Synthetic Customer 0148,Connacht,Mass Market,61246.34,0,L000148,26849.49,0.5044,0,0,62867.68,55844.33,0.8883,29.3,Low,Maintain and monitor,501,0
C000568,Synthetic Customer 0568,Ulster (ROI),Mass Market,31665.27,0,L000568,23475.78,0.5073,0,0,32629.97,28743.45,0.8809,29.3,Low,Maintain and monitor,502,0
C000924,Synthetic Customer 0924,Connacht,Emerging Affluent,30909.7,0,L000924,19572.07,0.5084,0,0,29928.57,26154.88,0.8739,29.3,Low,Maintain and monitor,503,0
C000641,Synthetic Customer 0641,Dublin,Mass Market,35446.29,0,L000641,19230.98,0.4912,0,0,35359.43,33535.2,0.9484,29.3,Low,Maintain and monitor,504,0
C000892,Synthetic Customer 0892,Leinster,Mass Market,22000.0,0,L000892,7575.42,0.4996,0,0,22233.07,20322.93,0.9141,29.3,Low,Maintain and monitor,505,0
C000448,Synthetic Customer 0448,Munster,Mass Market,23190.37,0,L000448,6479.23,0.5018,0,0,22440.43,20403.41,0.9092,29.3,Low,Maintain and monitor,506,0
C000759,Synthetic Customer 0759,Leinster,Mass Market,22000.0,0,L000759,2890.82,0.2909,15,1,22536.21,20948.63,0.9296,29.3,Low,Maintain and monitor,507,0
C000478,Synthetic Customer 0478,Connacht,Mass Market,48489.52,0,L000478,17276.69,0.5176,0,0,47393.55,38892.77,0.8206,29.2,Low,Maintain and monitor,508,0
C000089,Synthetic Customer 0089,Leinster,Mass Market,31558.45,0,L000089,9305.66,0.4851,0,0,31731.8,30787.94,0.9703,29.2,Low,Maintain and monitor,509,0
C000673,Synthetic Customer 0673,Connacht,Affluent,59409.74,0,L000673,1412.23,0.4888,0,0,60658.29,57747.32,0.952,29.2,Low,Maintain and monitor,510,0
C000971,Synthetic Customer 0971,Leinster,Emerging Affluent,27382.8,0,L000971,28416.84,0.4983,0,0,25169.14,22653.54,0.9001,29.1,Low,Maintain and monitor,511,0
C000373,Synthetic Customer 0373,Leinster,Emerging Affluent,37869.93,0,L000373,7459.64,0.5064,0,0,37198.08,31983.62,0.8598,29.1,Low,Maintain and monitor,512,0
C000723,Synthetic Customer 0723,Leinster,Emerging Affluent,43207.46,0,L000723,5661.38,0.5185,0,0,44624.09,35920.73,0.805,29.1,Low,Maintain and monitor,513,0
C000545,Synthetic Customer 0545,Connacht,Mass Market,50866.09,0,L000545,29968.82,0.1946,30,1,52040.11,45560.77,0.8755,29.0,Low,Maintain and monitor,514,0
C000445,Synthetic Customer 0445,Ulster (ROI),Mass Market,79155.19,0,L000445,21309.16,0.4974,0,0,77659.89,69023.44,0.8888,29.0,Low,Maintain and monitor,515,0
C000633,Synthetic Customer 0633,Leinster,Mass Market,78485.24,1,L000633,13332.08,0.3476,0,0,80573.04,83141.61,1.0319,29.0,Low,Maintain and monitor,516,0
C000467,Synthetic Customer 0467,Leinster,Mass Market,70030.0,0,L000467,8454.15,0.5214,0,0,70752.71,55607.06,0.7859,29.0,Low,Maintain and monitor,517,0
C000327,Synthetic Customer 0327,Ulster (ROI),Emerging Affluent,30036.35,0,L000327,6201.96,0.485,0,0,30277.57,28644.48,0.9461,29.0,Low,Maintain and monitor,518,0
C000737,Synthetic Customer 0737,Connacht,Mass Market,22000.0,1,L000737,28055.76,0.3303,0,0,23093.8,26976.64,1.1681,28.9,Low,Maintain and monitor,519,0
C000916,Synthetic Customer 0916,Munster,Emerging Affluent,39963.09,1,L000916,26438.85,0.3527,0,0,40893.67,40633.23,0.9936,28.8,Low,Maintain and monitor,520,0
C000414,Synthetic Customer 0414,Ulster (ROI),Mass Market,28020.77,1,L000414,13419.79,0.3283,0,0,27960.19,33474.12,1.1972,28.8,Low,Maintain and monitor,521,0
C000382,Synthetic Customer 0382,Connacht,Mass Market,22000.0,0,L000382,11132.47,0.4807,0,0,23010.8,21790.54,0.947,28.8,Low,Maintain and monitor,522,0
C000762,Synthetic Customer 0762,Connacht,Mass Market,32894.97,0,L000762,24461.9,0.4816,0,0,32593.7,30122.4,0.9242,28.6,Low,Maintain and monitor,523,0
C000088,Synthetic Customer 0088,Dublin,Mass Market,65988.54,0,L000088,16165.84,0.4737,0,0,67232.07,64361.04,0.9573,28.6,Low,Maintain and monitor,524,0
C000915,Synthetic Customer 0915,Leinster,Mass Market,102709.66,0,L000915,6282.3,0.4869,0,0,106267.68,94735.03,0.8915,28.6,Low,Maintain and monitor,525,0
C000690,Synthetic Customer 0690,Connacht,Mass Market,39581.96,0,L000690,20029.56,0.4623,0,0,39961.1,39849.91,0.9972,28.5,Low,Maintain and monitor,526,0
C000922,Synthetic Customer 0922,Munster,Mass Market,39216.04,0,L000922,13368.83,0.4814,0,0,40225.84,36479.69,0.9069,28.5,Low,Maintain and monitor,527,0
C000037,Synthetic Customer 0037,Munster,Mass Market,45673.39,0,L000037,12583.86,0.4731,0,0,46201.03,43645.03,0.9447,28.5,Low,Maintain and monitor,528,0
C000805,Synthetic Customer 0805,Connacht,Emerging Affluent,60546.63,0,L000805,5594.43,0.4905,0,0,60512.28,52262.24,0.8637,28.5,Low,Maintain and monitor,529,0
C000864,Synthetic Customer 0864,Connacht,Mass Market,48940.14,0,L000864,17100.32,0.4834,0,0,47273.86,42263.93,0.894,28.4,Low,Maintain and monitor,530,0
C000567,Synthetic Customer 0567,Munster,Mass Market,32623.09,0,L000567,15302.0,0.4703,0,0,33539.96,31845.26,0.9495,28.4,Low,Maintain and monitor,531,0
C000905,Synthetic Customer 0905,Dublin,Mass Market,64560.17,0,L000905,10459.29,0.4795,0,0,63849.68,58016.66,0.9086,28.4,Low,Maintain and monitor,532,0
C000274,Synthetic Customer 0274,Leinster,Mass Market,36834.58,0,L000274,8987.24,0.283,0,2,35593.6,29599.61,0.8316,28.4,Low,Maintain and monitor,533,0
C000845,Synthetic Customer 0845,Dublin,Affluent,44399.09,0,L000845,4889.82,0.4954,0,0,43509.04,36573.38,0.8406,28.4,Low,Maintain and monitor,534,0
C000585,Synthetic Customer 0585,Dublin,Emerging Affluent,119916.52,0,L000585,25157.31,0.4713,0,0,116068.66,108998.21,0.9391,28.3,Low,Maintain and monitor,535,0
C000958,Synthetic Customer 0958,Leinster,Mass Market,43631.91,1,L000958,13058.23,0.3346,0,0,42899.01,43649.01,1.0175,28.3,Low,Maintain and monitor,536,0
C000637,Synthetic Customer 0637,Leinster,Emerging Affluent,27731.63,0,L000637,7729.88,0.4847,0,0,26892.18,23619.99,0.8783,28.3,Low,Maintain and monitor,537,0
C000216,Synthetic Customer 0216,Connacht,Mass Market,28457.31,0,L000216,6710.93,0.4793,0,0,28986.45,25889.26,0.8932,28.3,Low,Maintain and monitor,538,0
C000491,Synthetic Customer 0491,Dublin,Mass Market,43920.53,0,L000491,9821.79,0.4832,0,0,46221.13,40378.54,0.8736,28.2,Low,Maintain and monitor,539,0
C000043,Synthetic Customer 0043,Dublin,Emerging Affluent,22000.0,0,L000043,8399.87,0.4847,0,0,21066.54,18029.52,0.8558,28.1,Low,Maintain and monitor,540,0
C000679,Synthetic Customer 0679,Munster,Emerging Affluent,46871.63,0,L000679,3166.52,0.2616,0,2,47516.17,42376.4,0.8918,28.1,Low,Maintain and monitor,541,0
C000105,Synthetic Customer 0105,Connacht,Mass Market,41132.69,0,L000105,19023.99,0.4593,0,0,41507.75,39914.83,0.9616,28.0,Low,Maintain and monitor,542,0
C000004,Synthetic Customer 0004,Leinster,Mass Market,70947.7,0,L000004,18126.87,0.483,0,0,74711.44,63643.0,0.8519,28.0,Low,Maintain and monitor,543,0
C000162,Synthetic Customer 0162,Ulster (ROI),Emerging Affluent,22000.0,0,L000162,9726.19,0.4626,0,0,21575.68,20255.78,0.9388,28.0,Low,Maintain and monitor,544,0
C000196,Synthetic Customer 0196,Munster,Emerging Affluent,68862.54,0,L000196,6818.1,0.4659,0,0,68375.46,63449.76,0.928,28.0,Low,Maintain and monitor,545,0
C000693,Synthetic Customer 0693,Dublin,Mass Market,23048.73,0,L000693,4565.97,0.4854,0,0,23364.73,19510.16,0.835,28.0,Low,Maintain and monitor,546,0
C000881,Synthetic Customer 0881,Leinster,Mass Market,66859.22,0,L000881,1795.22,0.4537,0,0,65072.81,64053.43,0.9843,28.0,Low,Maintain and monitor,547,0
C000744,Synthetic Customer 0744,Munster,Emerging Affluent,56662.89,0,L000744,27983.98,0.4629,0,0,54161.03,49908.48,0.9215,27.8,Low,Maintain and monitor,548,0
C000592,Synthetic Customer 0592,Leinster,Mass Market,28689.94,0,L000592,24626.51,0.2609,15,1,29557.05,26582.26,0.8994,27.8,Low,Maintain and monitor,549,0
C000262,Synthetic Customer 0262,Leinster,Affluent,49791.92,0,L000262,14990.21,0.4602,0,0,49955.74,46531.35,0.9315,27.8,Low,Maintain and monitor,550,0
C000668,Synthetic Customer 0668,Dublin,Mass Market,30211.24,0,L000668,7142.71,0.4672,0,0,30407.07,27330.5,0.8988,27.8,Low,Maintain and monitor,551,0
C000375,Synthetic Customer 0375,Dublin,Mass Market,53453.98,0,L000375,6726.76,0.4723,0,0,53931.38,47401.66,0.8789,27.8,Low,Maintain and monitor,552,0
C000410,Synthetic Customer 0410,Dublin,Emerging Affluent,34989.56,0,L000410,5571.4,0.4612,0,0,32413.0,30093.15,0.9284,27.8,Low,Maintain and monitor,553,0
C000965,Synthetic Customer 0965,Leinster,Mass Market,77454.17,0,L000965,1255.09,0.4655,0,0,71766.79,65348.36,0.9106,27.8,Low,Maintain and monitor,554,0
C000415,Synthetic Customer 0415,Munster,Mass Market,52312.15,0,L000415,11959.1,0.4565,0,0,51471.65,48295.99,0.9383,27.7,Low,Maintain and monitor,555,0
C000605,Synthetic Customer 0605,Dublin,Mass Market,28000.47,0,L000605,10805.78,0.3731,0,1,28317.84,23299.97,0.8228,27.7,Low,Maintain and monitor,556,0
C000534,Synthetic Customer 0534,Ulster (ROI),Mass Market,49469.54,1,L000534,10341.2,0.3223,0,0,50153.6,50734.3,1.0116,27.7,Low,Maintain and monitor,557,0
C000987,Synthetic Customer 0987,Dublin,Mass Market,49804.65,0,L000987,3260.38,0.4637,0,0,51284.37,46283.74,0.9025,27.7,Low,Maintain and monitor,558,0
C000296,Synthetic Customer 0296,Leinster,Mass Market,88939.37,0,L000296,29542.27,0.4582,0,0,85828.17,78605.77,0.9159,27.6,Low,Maintain and monitor,559,0
C000610,Synthetic Customer 0610,Leinster,Mass Market,29358.98,0,L000610,17778.14,0.4771,0,0,30062.15,25170.94,0.8373,27.6,Low,Maintain and monitor,560,0
C000010,Synthetic Customer 0010,Dublin,Mass Market,54938.74,0,L000010,17681.99,0.4613,0,0,54640.03,49556.08,0.907,27.6,Low,Maintain and monitor,561,0
C000202,Synthetic Customer 0202,Dublin,Affluent,43313.37,0,L000202,9661.79,0.4571,0,0,43300.08,40152.29,0.9273,27.6,Low,Maintain and monitor,562,0
C000154,Synthetic Customer 0154,Ulster (ROI),Mass Market,24017.53,0,L000154,6105.4,0.2582,15,1,23152.4,20520.89,0.8863,27.6,Low,Maintain and monitor,563,0
C000417,Synthetic Customer 0417,Connacht,Mass Market,22205.72,0,L000417,5981.11,0.4548,0,0,21840.85,20439.21,0.9358,27.6,Low,Maintain and monitor,564,0
C000263,Synthetic Customer 0263,Munster,Mass Market,41849.46,0,L000263,951.5,0.2478,15,1,39413.74,36953.56,0.9376,27.6,Low,Maintain and monitor,565,0
C000080,Synthetic Customer 0080,Dublin,Mass Market,50251.98,0,L000080,25982.25,0.35,0,1,50467.27,46169.11,0.9148,27.5,Low,Maintain and monitor,566,0
C000517,Synthetic Customer 0517,Leinster,Mass Market,23554.26,0,L000517,24948.31,0.4532,0,0,23332.87,21663.39,0.9284,27.5,Low,Maintain and monitor,567,0
C000552,Synthetic Customer 0552,Munster,Emerging Affluent,37508.86,0,L000552,8601.54,0.4412,0,0,36637.82,36089.26,0.985,27.5,Low,Maintain and monitor,568,0
C000093,Synthetic Customer 0093,Dublin,Mass Market,38148.0,0,L000093,6170.06,0.25,15,1,37278.02,34002.4,0.9121,27.5,Low,Maintain and monitor,569,0
C000237,Synthetic Customer 0237,Dublin,Affluent,56266.79,0,L000237,3406.21,0.4475,0,0,57621.02,55411.64,0.9617,27.5,Low,Maintain and monitor,570,0
C000111,Synthetic Customer 0111,Munster,Mass Market,22000.0,0,L000111,20871.19,0.152,30,1,22087.54,19858.35,0.8991,27.4,Low,Maintain and monitor,571,0
C000359,Synthetic Customer 0359,Dublin,Emerging Affluent,99371.98,0,L000359,4671.23,0.4494,0,0,95541.18,89306.78,0.9347,27.4,Low,Maintain and monitor,572,0
C000747,Synthetic Customer 0747,Dublin,Mass Market,97929.27,0,L000747,3749.43,0.4519,0,0,100565.01,92683.36,0.9216,27.4,Low,Maintain and monitor,573,0
C000214,Synthetic Customer 0214,Dublin,Mass Market,59898.37,0,L000214,26627.59,0.4643,0,0,59693.59,51068.88,0.8555,27.3,Low,Maintain and monitor,574,0
C000426,Synthetic Customer 0426,Connacht,Mass Market,28706.81,0,L000426,19420.35,0.4575,0,0,27769.19,24805.86,0.8933,27.3,Low,Maintain and monitor,575,0
C000449,Synthetic Customer 0449,Dublin,Affluent,71051.36,0,L000449,5339.16,0.444,0,0,73167.32,69828.67,0.9544,27.3,Low,Maintain and monitor,576,0
C000992,Synthetic Customer 0992,Munster,Mass Market,40757.42,0,L000992,29261.28,0.4302,0,0,41272.07,41292.15,1.0005,27.2,Low,Maintain and monitor,577,0
C000755,Synthetic Customer 0755,Munster,Mass Market,45896.14,1,L000755,15257.94,0.3082,0,0,46697.68,47351.57,1.014,27.2,Low,Maintain and monitor,578,0
C000972,Synthetic Customer 0972,Dublin,Mass Market,119999.42,0,L000972,12235.01,0.4563,0,0,113468.19,100116.46,0.8823,27.2,Low,Maintain and monitor,579,0
C000125,Synthetic Customer 0125,Connacht,Mass Market,52574.17,0,L000125,35775.3,0.4366,0,0,53348.85,51169.43,0.9591,27.1,Low,Maintain and monitor,580,0
C000565,Synthetic Customer 0565,Dublin,Mass Market,65053.05,0,L000565,20349.8,0.4735,0,0,62524.25,49928.3,0.7985,27.1,Low,Maintain and monitor,581,0
C000019,Synthetic Customer 0019,Dublin,Emerging Affluent,22000.0,0,L000019,11596.34,0.4379,0,0,22242.28,21232.27,0.9546,27.1,Low,Maintain and monitor,582,0
C000740,Synthetic Customer 0740,Leinster,Mass Market,22000.0,0,L000740,7794.45,0.4374,0,0,22092.49,21136.5,0.9567,27.1,Low,Maintain and monitor,583,0
C000656,Synthetic Customer 0656,Ulster (ROI),Emerging Affluent,33582.16,0,L000656,2894.63,0.4378,0,0,33800.58,32517.1,0.962,27.1,Low,Maintain and monitor,584,0
C000330,Synthetic Customer 0330,Munster,Mass Market,59157.43,0,L000330,26014.43,0.4513,0,0,58835.74,52227.25,0.8877,27.0,Low,Maintain and monitor,585,0
C000935,Synthetic Customer 0935,Munster,Emerging Affluent,71359.4,0,L000935,18727.07,0.451,0,0,70753.5,62967.85,0.89,27.0,Low,Maintain and monitor,586,0
C000902,Synthetic Customer 0902,Ulster (ROI),Mass Market,53552.3,0,L000902,4087.1,0.4285,0,0,53674.87,52956.39,0.9866,27.0,Low,Maintain and monitor,587,0
C000387,Synthetic Customer 0387,Connacht,Mass Market,28779.3,0,L000387,14029.0,0.4356,0,0,28124.81,26734.04,0.9506,26.9,Low,Maintain and monitor,588,0
C000688,Synthetic Customer 0688,Dublin,Mass Market,44053.71,0,L000688,24273.8,0.4481,0,0,42358.38,37244.08,0.8793,26.8,Low,Maintain and monitor,589,0
C000165,Synthetic Customer 0165,Dublin,Mass Market,29089.14,0,L000165,8308.17,0.2247,15,1,29128.63,27776.66,0.9536,26.8,Low,Maintain and monitor,590,0
C000807,Synthetic Customer 0807,Munster,Mass Market,33114.86,0,L000807,8202.23,0.4305,0,0,31850.52,30541.12,0.9589,26.8,Low,Maintain and monitor,591,0
C000323,Synthetic Customer 0323,Leinster,Mass Market,48073.8,0,L000323,7295.52,0.4321,0,0,46658.58,44367.56,0.9509,26.8,Low,Maintain and monitor,592,0
C000609,Synthetic Customer 0609,Munster,Emerging Affluent,41035.37,0,L000609,25031.08,0.4235,0,0,41656.33,40635.98,0.9755,26.7,Low,Maintain and monitor,593,0
C000047,Synthetic Customer 0047,Munster,Mass Market,39422.17,1,L000047,14953.29,0.2775,0,0,39074.71,43852.87,1.1223,26.7,Low,Maintain and monitor,594,0
C000309,Synthetic Customer 0309,Munster,Mass Market,39774.06,0,L000309,3727.17,0.4428,0,0,40697.01,36438.65,0.8954,26.7,Low,Maintain and monitor,595,0
C000380,Synthetic Customer 0380,Ulster (ROI),Mass Market,52069.16,0,L000380,23778.61,0.4331,0,0,52573.71,48671.32,0.9258,26.6,Low,Maintain and monitor,596,0
C000817,Synthetic Customer 0817,Munster,Mass Market,43629.69,0,L000817,13471.08,0.4255,0,0,43837.53,42261.48,0.964,26.6,Low,Maintain and monitor,597,0
C000969,Synthetic Customer 0969,Dublin,Emerging Affluent,25998.42,0,L000969,13329.4,0.417,0,0,25711.06,25812.63,1.004,26.6,Low,Maintain and monitor,598,0
C000013,Synthetic Customer 0013,Leinster,Mass Market,27094.89,0,L000013,17696.59,0.4286,0,0,27147.9,25321.39,0.9327,26.5,Low,Maintain and monitor,599,0
C000803,Synthetic Customer 0803,Dublin,Affluent,22000.0,0,L000803,16538.09,0.4388,0,0,21686.91,19255.73,0.8879,26.5,Low,Maintain and monitor,600,0
C000092,Synthetic Customer 0092,Dublin,Mass Market,27583.31,0,L000092,23418.63,0.4436,0,0,28295.13,24244.8,0.8569,26.4,Low,Maintain and monitor,601,0
C000311,Synthetic Customer 0311,Connacht,Emerging Affluent,31819.19,0,L000311,17229.36,0.4318,0,0,31744.69,28938.29,0.9116,26.4,Low,Maintain and monitor,602,0
C000077,Synthetic Customer 0077,Dublin,Mass Market,40824.91,0,L000077,15523.69,0.1166,30,1,40104.61,38082.95,0.9496,26.4,Low,Maintain and monitor,603,0
C000952,Synthetic Customer 0952,Dublin,Affluent,55341.69,0,L000952,13534.08,0.4142,0,0,55746.27,55283.53,0.9917,26.4,Low,Maintain and monitor,604,0
C000570,Synthetic Customer 0570,Ulster (ROI),Mass Market,36124.64,0,L000570,10688.17,0.4222,0,0,34670.25,33107.44,0.9549,26.4,Low,Maintain and monitor,605,0
C000955,Synthetic Customer 0955,Munster,Affluent,25860.12,0,L000955,2570.75,0.4284,0,0,24846.78,23011.83,0.9261,26.4,Low,Maintain and monitor,606,0
C000385,Synthetic Customer 0385,Leinster,Mass Market,41122.4,0,L000385,2083.26,0.4235,0,0,39526.38,37431.04,0.947,26.4,Low,Maintain and monitor,607,0
C000983,Synthetic Customer 0983,Connacht,Mass Market,48425.21,1,L000983,938.76,0.3068,0,0,50068.66,46646.86,0.9317,26.4,Low,Maintain and monitor,608,0
C000942,Synthetic Customer 0942,Munster,Mass Market,27898.17,0,L000942,24230.88,0.4243,0,0,26600.42,24855.03,0.9344,26.3,Low,Maintain and monitor,609,0
C000442,Synthetic Customer 0442,Dublin,Mass Market,57808.25,0,L000442,10115.86,0.4294,0,0,57759.67,51664.1,0.8945,26.2,Low,Maintain and monitor,610,0
C000891,Synthetic Customer 0891,Leinster,Emerging Affluent,35542.96,0,L000891,6084.06,0.4166,0,0,35558.87,34008.83,0.9564,26.2,Low,Maintain and monitor,611,0
C000697,Synthetic Customer 0697,Connacht,Mass Market,23385.42,0,L000697,25378.22,0.4327,0,0,23498.2,20558.52,0.8749,26.1,Low,Maintain and monitor,612,0
C000250,Synthetic Customer 0250,Connacht,Mass Market,24816.58,0,L000250,23384.1,0.4126,0,0,24041.66,22831.97,0.9497,26.0,Low,Maintain and monitor,613,0
C000734,Synthetic Customer 0734,Dublin,Mass Market,94870.66,0,L000734,4657.55,0.4218,0,0,98035.31,89118.54,0.909,26.0,Low,Maintain and monitor,614,0
C000218,Synthetic Customer 0218,Dublin,Mass Market,56067.6,0,L000218,3391.17,0.4387,0,0,55132.87,46026.31,0.8348,26.0,Low,Maintain and monitor,615,0
C000304,Synthetic Customer 0304,Dublin,Mass Market,32418.32,0,L000304,22667.07,0.4113,0,0,31282.32,29778.48,0.9519,25.9,Low,Maintain and monitor,616,0
C000551,Synthetic Customer 0551,Dublin,Mass Market,81143.48,0,L000551,15723.6,0.4164,0,0,82674.86,74232.15,0.8979,25.7,Low,Maintain and monitor,617,0
C000369,Synthetic Customer 0369,Ulster (ROI),Affluent,37322.1,0,L000369,14573.17,0.4251,0,0,37733.51,32693.7,0.8664,25.7,Low,Maintain and monitor,618,0
C000283,Synthetic Customer 0283,Ulster (ROI),Mass Market,31840.49,0,L000283,12844.69,0.4193,0,0,31342.16,27951.03,0.8918,25.7,Low,Maintain and monitor,619,0
C000164,Synthetic Customer 0164,Dublin,Emerging Affluent,55559.61,0,L000164,22427.68,0.4036,0,0,55862.49,52939.25,0.9477,25.6,Low,Maintain and monitor,620,0
C000447,Synthetic Customer 0447,Leinster,Mass Market,48661.26,0,L000447,22206.7,0.4148,0,0,50464.43,45354.36,0.8987,25.6,Low,Maintain and monitor,621,0
C000753,Synthetic Customer 0753,Dublin,Mass Market,22000.0,0,L000753,9895.92,0.4006,0,0,22137.79,21257.96,0.9603,25.6,Low,Maintain and monitor,622,0
C000732,Synthetic Customer 0732,Munster,Mass Market,26410.66,0,L000732,20716.46,0.3942,0,0,27086.81,26700.39,0.9857,25.5,Low,Maintain and monitor,623,0
C000775,Synthetic Customer 0775,Leinster,Mass Market,94552.12,1,L000775,5514.01,0.2705,0,0,96212.79,96279.03,1.0007,25.5,Low,Maintain and monitor,624,0
C000034,Synthetic Customer 0034,Munster,Mass Market,35456.65,0,L000034,24106.4,0.4167,0,0,34821.13,30288.55,0.8698,25.4,Low,Maintain and monitor,625,0
C000587,Synthetic Customer 0587,Leinster,Mass Market,69434.96,0,L000587,16500.89,0.4077,0,0,73219.66,66420.61,0.9071,25.4,Low,Maintain and monitor,626,0
C000316,Synthetic Customer 0316,Munster,Mass Market,26550.1,0,L000316,38304.58,0.4049,0,0,26489.84,24029.52,0.9071,25.3,Low,Maintain and monitor,627,0
C000671,Synthetic Customer 0671,Dublin,Mass Market,29938.39,0,L000671,6217.9,0.4116,0,0,29573.56,26103.15,0.8827,25.3,Low,Maintain and monitor,628,0
C000441,Synthetic Customer 0441,Leinster,Mass Market,28776.96,0,L000441,4611.42,0.422,0,0,28574.98,23945.94,0.838,25.3,Low,Maintain and monitor,629,0
C000062,Synthetic Customer 0062,Leinster,Mass Market,50946.24,0,L000062,20023.82,0.4172,0,0,51016.79,42992.69,0.8427,25.2,Low,Maintain and monitor,630,0
C000201,Synthetic Customer 0201,Dublin,Mass Market,31263.93,0,L000201,9218.22,0.3882,0,0,31753.75,31118.36,0.98,25.2,Low,Maintain and monitor,631,0
C000785,Synthetic Customer 0785,Connacht,Mass Market,56483.51,0,L000785,2868.97,0.3943,0,0,57437.71,54820.83,0.9544,25.2,Low,Maintain and monitor,632,0
C000885,Synthetic Customer 0885,Ulster (ROI),Emerging Affluent,36809.45,0,L000885,2679.02,0.1931,15,1,37119.08,34204.99,0.9215,25.2,Low,Maintain and monitor,633,0
C000652,Synthetic Customer 0652,Connacht,Affluent,44910.12,0,L000652,32212.72,0.4159,0,0,45014.15,37783.16,0.8394,25.1,Low,Maintain and monitor,634,0
C000857,Synthetic Customer 0857,Munster,Mass Market,33719.46,0,L000857,15119.19,0.4204,0,0,34213.38,28144.77,0.8226,25.1,Low,Maintain and monitor,635,0
C000005,Synthetic Customer 0005,Dublin,Mass Market,71788.19,1,L000005,12916.51,0.2711,0,0,74399.11,71530.93,0.9614,25.1,Low,Maintain and monitor,636,0
C000078,Synthetic Customer 0078,Dublin,Emerging Affluent,66219.05,0,L000078,9710.75,0.4022,0,0,66130.58,59451.79,0.899,25.1,Low,Maintain and monitor,637,0
C000205,Synthetic Customer 0205,Munster,Mass Market,22000.0,0,L000205,5302.46,0.4062,0,0,22538.52,19998.82,0.8873,25.1,Low,Maintain and monitor,638,0
C000714,Synthetic Customer 0714,Ulster (ROI),Emerging Affluent,40235.78,0,L000714,3627.0,0.3805,0,0,40814.6,40904.84,1.0022,25.1,Low,Maintain and monitor,639,0
C000344,Synthetic Customer 0344,Dublin,Mass Market,35991.44,0,L000344,23345.65,0.401,0,0,35027.75,31587.48,0.9018,25.0,Low,Maintain and monitor,640,0
C000221,Synthetic Customer 0221,Munster,Mass Market,57665.69,0,L000221,23326.76,0.3881,0,0,59025.82,56380.01,0.9552,25.0,Low,Maintain and monitor,641,0
C000045,Synthetic Customer 0045,Dublin,Mass Market,28616.82,1,L000045,3113.25,0.2391,0,0,28994.71,33515.9,1.1559,25.0,Low,Maintain and monitor,642,0
C000786,Synthetic Customer 0786,Ulster (ROI),Mass Market,34150.64,1,L000786,2441.05,0.2465,0,0,34047.02,35987.92,1.057,25.0,Low,Maintain and monitor,643,0
C000788,Synthetic Customer 0788,Dublin,Affluent,51437.76,0,L000788,35389.45,0.3971,0,0,48958.96,44466.45,0.9082,24.9,Low,Maintain and monitor,644,0
C000685,Synthetic Customer 0685,Munster,Mass Market,69201.21,1,L000685,27738.92,0.2708,0,0,68792.42,64239.76,0.9338,24.9,Low,Maintain and monitor,645,0
C000173,Synthetic Customer 0173,Leinster,Emerging Affluent,80775.68,0,L000173,3866.37,0.401,0,0,80312.48,71287.46,0.8876,24.9,Low,Maintain and monitor,646,0
C000929,Synthetic Customer 0929,Leinster,Emerging Affluent,30580.85,0,L000929,2957.94,0.4122,0,0,30512.09,25513.84,0.8362,24.9,Low,Maintain and monitor,647,0
C000615,Synthetic Customer 0615,Dublin,Mass Market,57781.69,0,L000615,34198.93,0.3752,0,0,57775.5,57311.09,0.992,24.8,Low,Maintain and monitor,648,0
C000329,Synthetic Customer 0329,Munster,Emerging Affluent,49527.23,0,L000329,23106.28,0.3892,0,0,49571.11,46284.92,0.9337,24.8,Low,Maintain and monitor,649,0
C000549,Synthetic Customer 0549,Munster,Emerging Affluent,23744.2,0,L000549,19120.14,0.4044,0,0,22390.54,19183.08,0.8567,24.8,Low,Maintain and monitor,650,0
C000282,Synthetic Customer 0282,Leinster,Mass Market,53993.34,0,L000282,16897.21,0.3882,0,0,55490.58,51721.91,0.9321,24.8,Low,Maintain and monitor,651,0
C000875,Synthetic Customer 0875,Munster,Emerging Affluent,47824.2,0,L000875,3339.99,0.3995,0,0,45422.08,39927.08,0.879,24.8,Low,Maintain and monitor,652,0
C000539,Synthetic Customer 0539,Leinster,Mass Market,34810.74,0,L000539,1560.76,0.404,0,0,33942.54,29370.4,0.8653,24.8,Low,Maintain and monitor,653,0
C000518,Synthetic Customer 0518,Dublin,Mass Market,22000.0,0,L000518,29357.91,0.3994,0,0,22404.95,19482.36,0.8696,24.7,Low,Maintain and monitor,654,0
C000101,Synthetic Customer 0101,Connacht,Mass Market,22000.0,0,L000101,16359.23,0.3878,0,0,22292.54,20549.81,0.9218,24.7,Low,Maintain and monitor,655,0
C000957,Synthetic Customer 0957,Dublin,Mass Market,81001.63,0,L000957,8024.79,0.0762,30,1,75914.4,71968.76,0.948,24.7,Low,Maintain and monitor,656,0
C000846,Synthetic Customer 0846,Munster,Mass Market,48274.11,0,L000846,13586.42,0.3753,0,0,48768.25,47282.25,0.9695,24.6,Low,Maintain and monitor,657,0
C000213,Synthetic Customer 0213,Dublin,Mass Market,40826.5,0,L000213,10571.81,0.3943,0,0,40087.71,35411.75,0.8834,24.6,Low,Maintain and monitor,658,0
C000735,Synthetic Customer 0735,Dublin,Mass Market,49020.29,0,L000735,9688.04,0.1796,15,1,49812.95,45897.36,0.9214,24.6,Low,Maintain and monitor,659,0
C000197,Synthetic Customer 0197,Leinster,Mass Market,47067.14,0,L000197,5274.32,0.2764,0,1,48316.22,44992.11,0.9312,24.6,Low,Maintain and monitor,660,0
C000360,Synthetic Customer 0360,Connacht,Mass Market,40262.84,0,L000360,2798.22,0.3997,0,0,39688.91,33969.29,0.8559,24.6,Low,Maintain and monitor,661,0
C000472,Synthetic Customer 0472,Leinster,Mass Market,52727.4,0,L000472,36576.85,0.3746,0,0,51318.08,49510.5,0.9648,24.5,Low,Maintain and monitor,662,0
C000943,Synthetic Customer 0943,Dublin,Emerging Affluent,44448.63,0,L000943,24702.49,0.2815,0,1,43277.44,38934.61,0.8997,24.5,Low,Maintain and monitor,663,0
C000128,Synthetic Customer 0128,Leinster,Mass Market,89470.06,0,L000128,30947.91,0.3748,0,0,88281.34,83596.28,0.9469,24.4,Low,Maintain and monitor,664,0
C000795,Synthetic Customer 0795,Leinster,Mass Market,22000.0,0,L000795,14444.33,0.0699,30,1,22298.13,21170.26,0.9494,24.4,Low,Maintain and monitor,665,0
C000634,Synthetic Customer 0634,Munster,Mass Market,44477.84,0,L000634,3478.39,0.1752,15,1,46380.8,42889.58,0.9247,24.4,Low,Maintain and monitor,666,0
C000032,Synthetic Customer 0032,Connacht,Mass Market,79083.2,0,L000032,7737.32,0.3924,0,0,77379.58,66676.91,0.8617,24.3,Low,Maintain and monitor,667,0
C000109,Synthetic Customer 0109,Munster,Mass Market,103159.8,0,L000109,5327.76,0.3767,0,0,102699.97,95355.49,0.9285,24.3,Low,Maintain and monitor,668,0
C000160,Synthetic Customer 0160,Leinster,Emerging Affluent,27799.83,1,L000160,32395.9,0.2231,0,0,27484.6,29751.5,1.0825,24.2,Low,Maintain and monitor,669,0
C000398,Synthetic Customer 0398,Leinster,Mass Market,23458.28,0,L000398,18520.71,0.3821,0,0,23651.79,21172.5,0.8952,24.2,Low,Maintain and monitor,670,0
C000810,Synthetic Customer 0810,Dublin,Emerging Affluent,54127.28,0,L000810,14859.51,0.3664,0,0,53433.1,51914.94,0.9716,24.2,Low,Maintain and monitor,671,0
C000340,Synthetic Customer 0340,Ulster (ROI),Emerging Affluent,109938.22,0,L000340,9816.24,0.1647,15,1,110613.5,104615.41,0.9458,24.2,Low,Maintain and monitor,672,0
C000390,Synthetic Customer 0390,Dublin,Mass Market,22000.0,1,L000390,6881.16,0.2202,0,0,21136.2,24429.64,1.1558,24.2,Low,Maintain and monitor,673,0
C000232,Synthetic Customer 0232,Dublin,Mass Market,46882.09,0,L000232,4993.9,0.1801,15,1,47324.24,41604.52,0.8791,24.2,Low,Maintain and monitor,674,0
C000544,Synthetic Customer 0544,Dublin,Mass Market,43241.5,0,L000544,3770.68,0.3819,0,0,45235.92,40368.37,0.8924,24.2,Low,Maintain and monitor,675,0
C000343,Synthetic Customer 0343,Ulster (ROI),Mass Market,22247.17,0,L000343,2402.28,0.3633,0,0,22694.84,22294.99,0.9824,24.2,Low,Maintain and monitor,676,0
C000946,Synthetic Customer 0946,Munster,Emerging Affluent,40781.32,0,L000946,20625.57,0.3747,0,0,41278.76,37963.1,0.9197,24.1,Low,Maintain and monitor,677,0
C000504,Synthetic Customer 0504,Leinster,Mass Market,24866.28,0,L000504,14842.37,0.1775,0,2,25741.37,21630.02,0.8403,24.1,Low,Maintain and monitor,678,0
C000336,Synthetic Customer 0336,Ulster (ROI),Emerging Affluent,22000.0,0,L000336,3125.73,0.3486,0,0,21529.5,22315.42,1.0365,24.1,Low,Maintain and monitor,679,0
C000140,Synthetic Customer 0140,Ulster (ROI),Mass Market,43237.11,0,L000140,3018.61,0.3755,0,0,41536.94,38116.81,0.9177,24.1,Low,Maintain and monitor,680,0
C000520,Synthetic Customer 0520,Dublin,Mass Market,39027.67,0,L000520,13108.11,0.3792,0,0,38356.91,33869.42,0.883,24.0,Low,Maintain and monitor,681,0
C000556,Synthetic Customer 0556,Connacht,Emerging Affluent,37627.61,0,L000556,6975.51,0.3788,0,0,38699.67,34268.38,0.8855,24.0,Low,Maintain and monitor,682,0
C000082,Synthetic Customer 0082,Connacht,Affluent,54093.85,0,L000082,10017.32,0.3732,0,0,53157.89,48030.18,0.9035,23.9,Low,Maintain and monitor,683,0
C000321,Synthetic Customer 0321,Munster,Emerging Affluent,23193.84,0,L000321,22805.4,0.3625,0,0,23520.1,22248.63,0.9459,23.8,Low,Maintain and monitor,684,0
C000264,Synthetic Customer 0264,Leinster,Mass Market,48756.82,0,L000264,10514.2,0.3763,0,0,49175.91,43163.05,0.8777,23.8,Low,Maintain and monitor,685,0
C000060,Synthetic Customer 0060,Munster,Mass Market,39811.61,0,L000060,2714.87,0.3766,0,0,40089.98,34995.19,0.8729,23.8,Low,Maintain and monitor,686,0
C000432,Synthetic Customer 0432,Munster,Emerging Affluent,40419.31,0,L000432,14493.95,0.2666,0,1,40250.97,35590.11,0.8842,23.7,Low,Maintain and monitor,687,0
C000553,Synthetic Customer 0553,Leinster,Mass Market,41951.11,0,L000553,9599.0,0.3668,0,0,39444.02,35945.59,0.9113,23.7,Low,Maintain and monitor,688,0
C000450,Synthetic Customer 0450,Munster,Affluent,104361.53,0,L000450,7498.8,0.3619,0,0,105359.29,98513.26,0.935,23.7,Low,Maintain and monitor,689,0
C000818,Synthetic Customer 0818,Ulster (ROI),Emerging Affluent,29090.58,0,L000818,5621.55,0.3664,0,0,28500.3,26074.87,0.9149,23.7,Low,Maintain and monitor,690,0
C000925,Synthetic Customer 0925,Connacht,Mass Market,30257.24,0,L000925,19277.81,0.0678,30,1,29378.82,25712.85,0.8752,23.6,Low,Maintain and monitor,691,0
C000597,Synthetic Customer 0597,Ulster (ROI),Mass Market,22000.0,0,L000597,11787.69,0.16,15,1,21845.6,19693.8,0.9015,23.6,Low,Maintain and monitor,692,0
C000880,Synthetic Customer 0880,Dublin,Mass Market,22000.0,0,L000880,9195.54,0.381,0,0,22445.99,18644.88,0.8307,23.6,Low,Maintain and monitor,693,0
C000006,Synthetic Customer 0006,Munster,Mass Market,36514.96,0,L000006,3571.86,0.3671,0,0,35652.18,32074.67,0.8997,23.6,Low,Maintain and monitor,694,0
C000268,Synthetic Customer 0268,Connacht,Mass Market,53407.75,0,L000268,2990.11,0.3826,0,0,50536.61,41798.3,0.8271,23.6,Low,Maintain and monitor,695,0
C000324,Synthetic Customer 0324,Connacht,Mass Market,22000.0,0,L000324,25477.36,0.3717,0,0,22389.96,19437.48,0.8681,23.5,Low,Maintain and monitor,696,0
C000669,Synthetic Customer 0669,Leinster,Mass Market,66393.71,0,L000669,20797.42,0.364,0,0,68239.29,61918.28,0.9074,23.5,Low,Maintain and monitor,697,0
C000599,Synthetic Customer 0599,Leinster,Mass Market,35367.06,0,L000599,13422.01,0.3637,0,0,36508.77,33163.72,0.9084,23.5,Low,Maintain and monitor,698,0
C000146,Synthetic Customer 0146,Munster,Mass Market,28320.31,0,L000146,11091.27,0.3555,0,0,28200.12,26452.42,0.938,23.5,Low,Maintain and monitor,699,0
C000781,Synthetic Customer 0781,Connacht,Mass Market,32226.09,0,L000781,6607.8,0.1468,15,1,31356.74,29815.76,0.9509,23.5,Low,Maintain and monitor,700,0
C000038,Synthetic Customer 0038,Dublin,Mass Market,25603.03,0,L000038,6584.26,0.3582,0,0,25125.83,23363.52,0.9299,23.5,Low,Maintain and monitor,701,0
C000094,Synthetic Customer 0094,Leinster,Mass Market,61758.87,0,L000094,4224.25,0.3657,0,0,64298.31,57785.73,0.8987,23.5,Low,Maintain and monitor,702,0
C000529,Synthetic Customer 0529,Leinster,Mass Market,49668.68,0,L000529,31905.42,0.357,0,0,49495.21,45599.85,0.9213,23.4,Low,Maintain and monitor,703,0
C000847,Synthetic Customer 0847,Connacht,Emerging Affluent,80925.5,0,L000847,10640.61,0.358,0,0,82500.46,75859.49,0.9195,23.4,Low,Maintain and monitor,704,0
C000377,Synthetic Customer 0377,Dublin,Mass Market,59348.43,0,L000377,8318.79,0.3603,0,0,61883.92,56371.34,0.9109,23.4,Low,Maintain and monitor,705,0
C000204,Synthetic Customer 0204,Munster,Mass Market,55871.12,0,L000204,3433.7,0.2589,0,1,56758.81,50066.32,0.8821,23.4,Low,Maintain and monitor,706,0
C000573,Synthetic Customer 0573,Connacht,Mass Market,54871.52,0,L000573,18754.3,0.3539,0,0,53835.63,49722.9,0.9236,23.3,Low,Maintain and monitor,707,0
C000982,Synthetic Customer 0982,Munster,Emerging Affluent,96906.7,0,L000982,15550.12,0.3505,0,0,96813.44,91456.02,0.9447,23.3,Low,Maintain and monitor,708,0
C000751,Synthetic Customer 0751,Leinster,Mass Market,30792.8,0,L000751,8783.6,0.3537,0,0,29937.11,27827.39,0.9295,23.3,Low,Maintain and monitor,709,0
C000462,Synthetic Customer 0462,Ulster (ROI),Mass Market,34106.09,0,L000462,3308.71,0.3499,0,0,32872.89,31234.59,0.9502,23.3,Low,Maintain and monitor,710,0
C000993,Synthetic Customer 0993,Dublin,Affluent,22215.45,0,L000993,14120.67,0.3523,0,0,22094.41,20524.26,0.9289,23.2,Low,Maintain and monitor,711,0
C000866,Synthetic Customer 0866,Dublin,Mass Market,34758.1,0,L000866,13129.28,0.3731,0,0,33676.85,27943.23,0.8297,23.2,Low,Maintain and monitor,712,0
C000294,Synthetic Customer 0294,Leinster,Mass Market,22000.0,0,L000294,9821.06,0.3575,0,0,21490.68,19244.51,0.8955,23.2,Low,Maintain and monitor,713,0
C000404,Synthetic Customer 0404,Connacht,Mass Market,86198.4,0,L000404,9621.37,0.3485,0,0,84547.92,79534.52,0.9407,23.2,Low,Maintain and monitor,714,0
C000505,Synthetic Customer 0505,Dublin,Mass Market,46933.51,0,L000505,9166.76,0.3414,0,0,49129.42,47950.84,0.976,23.2,Low,Maintain and monitor,715,0
C000457,Synthetic Customer 0457,Dublin,Mass Market,85005.91,0,L000457,5394.79,0.364,0,0,86181.01,75333.64,0.8741,23.2,Low,Maintain and monitor,716,0
C000733,Synthetic Customer 0733,Connacht,Mass Market,22090.71,0,L000733,4101.44,0.3641,0,0,22255.32,19369.13,0.8703,23.2,Low,Maintain and monitor,717,0
C000423,Synthetic Customer 0423,Connacht,Mass Market,35848.16,0,L000423,3370.0,0.3423,0,0,36049.32,34891.03,0.9679,23.2,Low,Maintain and monitor,718,0
C000821,Synthetic Customer 0821,Munster,Mass Market,42686.33,0,L000821,15268.16,0.1411,15,1,43622.72,41027.51,0.9405,23.1,Low,Maintain and monitor,719,0
C000800,Synthetic Customer 0800,Leinster,Emerging Affluent,61990.87,0,L000800,2077.54,0.3559,0,0,62134.72,55975.23,0.9009,23.1,Low,Maintain and monitor,720,0
C000663,Synthetic Customer 0663,Dublin,Mass Market,56011.35,0,L000663,25492.97,0.3521,0,0,55072.25,49779.2,0.9039,23.0,Low,Maintain and monitor,721,0
C000199,Synthetic Customer 0199,Dublin,Mass Market,43933.08,0,L000199,18146.92,0.3639,0,0,44241.53,37366.0,0.8446,23.0,Low,Maintain and monitor,722,0
C000418,Synthetic Customer 0418,Dublin,Emerging Affluent,23580.32,0,L000418,3338.59,0.3623,0,0,23268.3,19871.47,0.854,23.0,Low,Maintain and monitor,723,0
C000842,Synthetic Customer 0842,Dublin,Emerging Affluent,39311.55,0,L000842,3030.68,0.3404,0,0,38087.7,36262.19,0.9521,23.0,Low,Maintain and monitor,724,0
C000789,Synthetic Customer 0789,Dublin,Mass Market,22000.0,0,L000789,2839.84,0.3627,0,0,22218.61,18914.31,0.8513,23.0,Low,Maintain and monitor,725,0
C000975,Synthetic Customer 0975,Dublin,Emerging Affluent,38376.24,0,L000975,26636.69,0.3555,0,0,38379.19,33587.86,0.8752,22.9,Low,Maintain and monitor,726,0
C000777,Synthetic Customer 0777,Leinster,Mass Market,57767.97,0,L000777,11985.66,0.3583,0,0,61227.97,52745.05,0.8615,22.9,Low,Maintain and monitor,727,0
C000945,Synthetic Customer 0945,Dublin,Mass Market,38049.08,0,L000945,3683.77,0.3358,0,0,37505.12,36403.86,0.9706,22.9,Low,Maintain and monitor,728,0
C000618,Synthetic Customer 0618,Leinster,Mass Market,22000.0,0,L000618,2209.72,0.3589,0,0,22092.52,18966.58,0.8585,22.9,Low,Maintain and monitor,729,0
C000717,Synthetic Customer 0717,Leinster,Mass Market,22825.52,0,L000717,12276.57,0.3368,0,0,21823.3,20684.93,0.9478,22.8,Low,Maintain and monitor,730,0
C000026,Synthetic Customer 0026,Connacht,Mass Market,63486.25,0,L000026,11614.66,0.2461,0,1,61286.53,53449.68,0.8721,22.8,Low,Maintain and monitor,731,0
C000809,Synthetic Customer 0809,Munster,Mass Market,22975.66,0,L000809,9328.74,0.3456,0,0,22603.04,20620.15,0.9123,22.8,Low,Maintain and monitor,732,0
C000259,Synthetic Customer 0259,Munster,Emerging Affluent,52312.27,0,L000259,5289.09,0.3445,0,0,52464.49,47890.31,0.9128,22.8,Low,Maintain and monitor,733,0
C000743,Synthetic Customer 0743,Connacht,Mass Market,55939.69,0,L000743,5152.95,0.3372,0,0,56454.2,53877.7,0.9544,22.8,Low,Maintain and monitor,734,0
C000750,Synthetic Customer 0750,Connacht,Mass Market,40846.56,0,L000750,3048.8,0.3261,0,0,40649.98,40595.39,0.9987,22.8,Low,Maintain and monitor,735,0
C000098,Synthetic Customer 0098,Munster,Mass Market,22000.0,0,L000098,2375.39,0.1437,15,1,22435.29,19905.61,0.8872,22.8,Low,Maintain and monitor,736,0
C000861,Synthetic Customer 0861,Munster,Mass Market,124811.83,0,L000861,7070.91,0.3284,0,0,119841.86,117674.4,0.9819,22.7,Low,Maintain and monitor,737,0
C000040,Synthetic Customer 0040,Munster,Emerging Affluent,44452.29,0,L000040,5338.92,0.3392,0,0,42399.97,39239.72,0.9255,22.7,Low,Maintain and monitor,738,0
C000352,Synthetic Customer 0352,Leinster,Mass Market,44007.26,0,L000352,1049.12,0.3556,0,0,44071.87,37694.9,0.8553,22.7,Low,Maintain and monitor,739,0
C000355,Synthetic Customer 0355,Leinster,Mass Market,37696.74,0,L000355,39717.69,0.3379,0,0,37860.14,35137.4,0.9281,22.6,Low,Maintain and monitor,740,0
C000937,Synthetic Customer 0937,Munster,Mass Market,36645.28,0,L000937,13605.0,0.3258,0,0,37645.47,37093.91,0.9853,22.6,Low,Maintain and monitor,741,0
C000129,Synthetic Customer 0129,Ulster (ROI),Mass Market,26949.66,0,L000129,10848.38,0.3407,0,0,27383.38,24886.71,0.9088,22.6,Low,Maintain and monitor,742,0
C000532,Synthetic Customer 0532,Leinster,Mass Market,22000.0,0,L000532,7540.1,0.3395,0,0,22731.88,20873.27,0.9182,22.6,Low,Maintain and monitor,743,0
C000481,Synthetic Customer 0481,Dublin,Mass Market,59001.26,0,L000481,6176.0,0.3366,0,0,59112.11,55337.08,0.9361,22.6,Low,Maintain and monitor,744,0
C000452,Synthetic Customer 0452,Munster,Mass Market,54314.47,0,L000452,25851.61,0.3361,0,0,54068.27,50048.04,0.9256,22.5,Low,Maintain and monitor,745,0
C000814,Synthetic Customer 0814,Leinster,Mass Market,24004.17,0,L000814,30877.84,0.3459,0,0,24503.8,21142.55,0.8628,22.4,Low,Maintain and monitor,746,0
C000896,Synthetic Customer 0896,Dublin,Mass Market,34898.81,0,L000896,9554.39,0.3234,0,0,34905.66,33927.63,0.972,22.4,Low,Maintain and monitor,747,0
C000711,Synthetic Customer 0711,Leinster,Mass Market,29380.78,0,L000711,7358.5,0.3356,0,0,29986.35,27405.17,0.9139,22.4,Low,Maintain and monitor,748,0
C000858,Synthetic Customer 0858,Dublin,Emerging Affluent,37792.5,0,L000858,6628.15,0.3386,0,0,37995.72,34377.96,0.9048,22.4,Low,Maintain and monitor,749,0
C000325,Synthetic Customer 0325,Dublin,Affluent,33207.81,0,L000325,6132.22,0.3428,0,0,33172.39,29238.97,0.8814,22.4,Low,Maintain and monitor,750,0
C000095,Synthetic Customer 0095,Connacht,Emerging Affluent,33600.62,0,L000095,2344.58,0.3144,0,0,34639.59,35119.47,1.0139,22.4,Low,Maintain and monitor,751,0
C000749,Synthetic Customer 0749,Munster,Affluent,52420.19,0,L000749,35270.13,0.3402,0,0,51731.65,45873.59,0.8868,22.3,Low,Maintain and monitor,752,0
C000536,Synthetic Customer 0536,Dublin,Mass Market,41132.24,0,L000536,33268.85,0.3339,0,0,38625.53,35038.54,0.9071,22.3,Low,Maintain and monitor,753,0
C000443,Synthetic Customer 0443,Leinster,Emerging Affluent,61274.88,0,L000443,19588.58,0.1396,15,1,61330.31,52634.12,0.8582,22.3,Low,Maintain and monitor,754,0
C000642,Synthetic Customer 0642,Connacht,Mass Market,43146.06,0,L000642,19354.97,0.3399,0,0,41512.9,36506.49,0.8794,22.3,Low,Maintain and monitor,755,0
C000172,Synthetic Customer 0172,Dublin,Mass Market,51524.04,0,L000172,11069.6,0.1223,15,1,49856.76,46868.49,0.9401,22.3,Low,Maintain and monitor,756,0
C000853,Synthetic Customer 0853,Connacht,Emerging Affluent,24701.02,0,L000853,4893.99,0.3142,0,0,25131.75,25138.89,1.0003,22.3,Low,Maintain and monitor,757,0
C000613,Synthetic Customer 0613,Munster,Mass Market,78607.34,0,L000613,12823.02,0.3466,0,0,79715.32,67195.2,0.8429,22.2,Low,Maintain and monitor,758,0
C000806,Synthetic Customer 0806,Connacht,Mass Market,31202.1,0,L000806,10577.28,0.3324,0,0,31491.26,28657.65,0.91,22.2,Low,Maintain and monitor,759,0
C000346,Synthetic Customer 0346,Leinster,Mass Market,46263.57,0,L000346,7226.36,0.3241,0,0,45094.96,42765.75,0.9483,22.2,Low,Maintain and monitor,760,0
C000053,Synthetic Customer 0053,Dublin,Mass Market,57548.12,0,L000053,21926.83,0.333,0,0,60318.91,53898.3,0.8936,22.1,Low,Maintain and monitor,761,0
C000430,Synthetic Customer 0430,Leinster,Mass Market,46826.13,0,L000430,28108.4,0.2318,0,1,48334.37,41307.68,0.8546,22.0,Low,Maintain and monitor,762,0
C000370,Synthetic Customer 0370,Leinster,Mass Market,91407.24,0,L000370,24112.26,0.3241,0,0,91970.1,84359.51,0.9172,22.0,Low,Maintain and monitor,763,0
C000289,Synthetic Customer 0289,Leinster,Mass Market,44075.58,0,L000289,37020.25,0.3319,0,0,43510.44,38201.26,0.878,21.9,Low,Maintain and monitor,764,0
C000463,Synthetic Customer 0463,Leinster,Emerging Affluent,32676.94,0,L000463,27264.07,0.3275,0,0,33498.44,29976.67,0.8949,21.9,Low,Maintain and monitor,765,0
C000579,Synthetic Customer 0579,Ulster (ROI),Mass Market,62480.43,0,L000579,22649.39,0.3348,0,0,63455.53,55014.17,0.867,21.9,Low,Maintain and monitor,766,0
C000339,Synthetic Customer 0339,Leinster,Emerging Affluent,50882.07,0,L000339,3454.68,0.3241,0,0,53086.82,48650.88,0.9164,21.9,Low,Maintain and monitor,767,0
C000454,Synthetic Customer 0454,Connacht,Mass Market,22000.0,0,L000454,1211.63,0.3305,0,0,22302.61,19747.14,0.8854,21.9,Low,Maintain and monitor,768,0
C000054,Synthetic Customer 0054,Leinster,Mass Market,26382.73,0,L000054,19631.84,0.3172,0,0,26278.22,24534.69,0.9337,21.8,Low,Maintain and monitor,769,0
C000300,Synthetic Customer 0300,Connacht,Mass Market,24143.07,0,L000300,8972.74,0.3231,0,0,23456.43,21313.64,0.9086,21.8,Low,Maintain and monitor,770,0
C000502,Synthetic Customer 0502,Dublin,Mass Market,24394.56,0,L000502,7490.87,0.3152,0,0,24270.68,22970.86,0.9464,21.8,Low,Maintain and monitor,771,0
C000421,Synthetic Customer 0421,Dublin,Mass Market,50576.56,0,L000421,7306.87,0.1909,0,1,52201.96,53017.33,1.0156,21.8,Low,Maintain and monitor,772,0
C000631,Synthetic Customer 0631,Leinster,Mass Market,43572.16,0,L000631,20773.3,0.3123,0,0,44042.23,41476.36,0.9417,21.7,Low,Maintain and monitor,773,0
C000412,Synthetic Customer 0412,Connacht,Mass Market,48428.88,0,L000412,5890.61,0.3246,0,0,48237.08,42919.07,0.8898,21.7,Low,Maintain and monitor,774,0
C000724,Synthetic Customer 0724,Dublin,Mass Market,23714.97,0,L000724,1610.67,0.2282,0,1,23767.85,19978.36,0.8406,21.7,Low,Maintain and monitor,775,0
C000989,Synthetic Customer 0989,Leinster,Mass Market,34516.24,0,L000989,5836.99,0.0968,15,1,34727.03,33308.12,0.9591,21.5,Low,Maintain and monitor,776,0
C000366,Synthetic Customer 0366,Leinster,Affluent,67052.81,0,L000366,13568.16,0.3163,0,0,69490.64,61946.38,0.8914,21.4,Low,Maintain and monitor,777,0
C000725,Synthetic Customer 0725,Munster,Mass Market,28645.41,0,L000725,9617.18,0.3129,0,0,28052.7,25534.3,0.9102,21.4,Low,Maintain and monitor,778,0
C000794,Synthetic Customer 0794,Ulster (ROI),Emerging Affluent,38340.25,0,L000794,16270.93,0.3102,0,0,39031.1,35478.93,0.909,21.3,Low,Maintain and monitor,779,0
C000278,Synthetic Customer 0278,Leinster,Mass Market,38414.32,0,L000278,10755.43,0.3077,0,0,39948.08,36995.44,0.9261,21.3,Low,Maintain and monitor,780,0
C000540,Synthetic Customer 0540,Dublin,Mass Market,35267.96,0,L000540,10977.17,0.3047,0,0,34985.96,32318.7,0.9238,21.2,Low,Maintain and monitor,781,0
C000258,Synthetic Customer 0258,Connacht,Mass Market,48567.35,0,L000258,7110.47,0.3086,0,0,48860.99,44211.27,0.9048,21.2,Low,Maintain and monitor,782,0
C000898,Synthetic Customer 0898,Leinster,Mass Market,26005.6,0,L000898,20220.71,0.3122,0,0,26169.64,23029.32,0.88,21.1,Low,Maintain and monitor,783,0
C000238,Synthetic Customer 0238,Leinster,Mass Market,24930.16,0,L000238,11759.09,0.3042,0,0,24511.06,22475.28,0.9169,21.1,Low,Maintain and monitor,784,0
C000087,Synthetic Customer 0087,Ulster (ROI),Affluent,65055.13,0,L000087,17071.65,0.3133,0,0,66506.78,57123.99,0.8589,21.0,Low,Maintain and monitor,785,0
C000527,Synthetic Customer 0527,Leinster,Mass Market,44261.63,0,L000527,12015.44,0.2961,0,0,45196.05,42211.05,0.934,20.9,Low,Maintain and monitor,786,0
C000547,Synthetic Customer 0547,Ulster (ROI),Mass Market,22276.63,0,L000547,8347.83,0.2969,0,0,22395.03,20762.45,0.9271,20.9,Low,Maintain and monitor,787,0
C000033,Synthetic Customer 0033,Munster,Mass Market,32860.02,0,L000033,29638.56,0.2969,0,0,34005.75,30857.08,0.9074,20.7,Low,Maintain and monitor,788,0
C000787,Synthetic Customer 0787,Dublin,Emerging Affluent,43090.86,0,L000787,24008.78,0.3064,0,0,40449.21,34946.69,0.864,20.7,Low,Maintain and monitor,789,0
C000664,Synthetic Customer 0664,Dublin,Mass Market,30502.23,0,L000664,21502.33,0.2915,0,0,29799.64,27844.6,0.9344,20.7,Low,Maintain and monitor,790,0
C000904,Synthetic Customer 0904,Leinster,Mass Market,38940.43,0,L000904,11867.63,0.2826,0,0,37588.81,36565.53,0.9728,20.7,Low,Maintain and monitor,791,0
C000358,Synthetic Customer 0358,Munster,Mass Market,45947.42,0,L000358,28598.63,0.3113,0,0,47839.54,39787.95,0.8317,20.6,Low,Maintain and monitor,792,0
C000356,Synthetic Customer 0356,Ulster (ROI),Emerging Affluent,94196.99,0,L000356,19196.29,0.2982,0,0,91016.46,81313.09,0.8934,20.6,Low,Maintain and monitor,793,0
C000908,Synthetic Customer 0908,Ulster (ROI),Mass Market,36537.33,0,L000908,11595.89,0.2916,0,0,36435.65,33545.76,0.9207,20.6,Low,Maintain and monitor,794,0
C000219,Synthetic Customer 0219,Munster,Emerging Affluent,93880.43,0,L000219,3469.47,0.2842,0,0,90992.29,86919.94,0.9552,20.6,Low,Maintain and monitor,795,0
C000029,Synthetic Customer 0029,Dublin,Mass Market,35723.88,0,L000029,31902.56,0.2853,0,0,35191.82,33119.19,0.9411,20.5,Low,Maintain and monitor,796,0
C000097,Synthetic Customer 0097,Munster,Mass Market,40398.93,0,L000097,18285.51,0.1854,0,1,41006.25,36973.36,0.9017,20.5,Low,Maintain and monitor,797,0
C000490,Synthetic Customer 0490,Connacht,Mass Market,55814.87,0,L000490,13975.65,0.2922,0,0,55482.38,50064.04,0.9023,20.5,Low,Maintain and monitor,798,0
C000402,Synthetic Customer 0402,Leinster,Emerging Affluent,60238.19,0,L000402,25175.76,0.287,0,0,60436.66,55339.32,0.9157,20.4,Low,Maintain and monitor,799,0
C000826,Synthetic Customer 0826,Leinster,Mass Market,27314.76,0,L000826,10860.86,0.2977,0,0,27561.44,23795.72,0.8634,20.4,Low,Maintain and monitor,800,0
C000224,Synthetic Customer 0224,Connacht,Affluent,66262.21,0,L000224,8267.89,0.2822,0,0,68384.22,64601.46,0.9447,20.4,Low,Maintain and monitor,801,0
C000272,Synthetic Customer 0272,Munster,Emerging Affluent,45898.89,0,L000272,7936.72,0.2692,0,0,47060.13,47177.06,1.0025,20.4,Low,Maintain and monitor,802,0
C000537,Synthetic Customer 0537,Munster,Mass Market,41932.29,0,L000537,6416.18,0.2808,0,0,42012.13,39605.25,0.9427,20.4,Low,Maintain and monitor,803,0
C000883,Synthetic Customer 0883,Connacht,Emerging Affluent,62626.23,0,L000883,25037.77,0.2964,0,0,62095.53,53885.3,0.8678,20.3,Low,Maintain and monitor,804,0
C000212,Synthetic Customer 0212,Dublin,Affluent,33162.94,0,L000212,20184.36,0.291,0,0,33230.15,29563.01,0.8896,20.3,Low,Maintain and monitor,805,0
C000608,Synthetic Customer 0608,Munster,Mass Market,37137.01,0,L000608,11834.33,0.2824,0,0,37207.07,34623.63,0.9306,20.3,Low,Maintain and monitor,806,0
C000976,Synthetic Customer 0976,Munster,Mass Market,128705.02,0,L000976,7600.11,0.2917,0,0,126500.4,111566.56,0.8819,20.3,Low,Maintain and monitor,807,0
C000381,Synthetic Customer 0381,Connacht,Mass Market,50491.3,0,L000381,12780.7,0.2809,0,0,51143.89,47537.68,0.9295,20.2,Low,Maintain and monitor,808,0
C000815,Synthetic Customer 0815,Connacht,Emerging Affluent,47274.81,0,L000815,6200.96,0.286,0,0,49473.9,44426.44,0.898,20.2,Low,Maintain and monitor,809,0
C000488,Synthetic Customer 0488,Leinster,Mass Market,57248.43,0,L000488,10297.66,0.1771,0,1,58229.53,52518.95,0.9019,20.1,Low,Maintain and monitor,810,0
C000630,Synthetic Customer 0630,Ulster (ROI),Mass Market,49784.08,0,L000630,3192.54,0.289,0,0,52187.74,45790.39,0.8774,20.1,Low,Maintain and monitor,811,0
C000372,Synthetic Customer 0372,Leinster,Mass Market,33040.87,0,L000372,10829.06,0.274,0,0,32353.51,30053.39,0.9289,20.0,Low,Maintain and monitor,812,0
C000142,Synthetic Customer 0142,Munster,Emerging Affluent,60760.35,0,L000142,32518.1,0.2854,0,0,59508.02,52031.86,0.8744,19.9,Low,Maintain and monitor,813,0
C000061,Synthetic Customer 0061,Connacht,Emerging Affluent,36393.26,0,L000061,5727.55,0.2673,0,0,37955.82,36213.89,0.9541,19.9,Low,Maintain and monitor,814,0
C000132,Synthetic Customer 0132,Connacht,Affluent,40417.87,0,L000132,38493.36,0.2749,0,0,42228.15,38323.61,0.9075,19.8,Low,Maintain and monitor,815,0
C000557,Synthetic Customer 0557,Munster,Mass Market,48178.18,0,L000557,12435.44,0.2586,0,0,46846.15,45953.11,0.9809,19.8,Low,Maintain and monitor,816,0
C000712,Synthetic Customer 0712,Leinster,Emerging Affluent,24473.48,0,L000712,4458.6,0.2751,0,0,24854.02,22670.35,0.9121,19.8,Low,Maintain and monitor,817,0
C000305,Synthetic Customer 0305,Connacht,Mass Market,34041.27,0,L000305,25062.6,0.1582,0,1,35902.18,33824.07,0.9421,19.7,Low,Maintain and monitor,818,0
C001000,Synthetic Customer 1000,Dublin,Mass Market,48110.14,0,L001000,24206.62,0.2797,0,0,48688.62,42395.25,0.8707,19.7,Low,Maintain and monitor,819,0
C000379,Synthetic Customer 0379,Munster,Mass Market,23033.04,0,L000379,9708.54,0.2635,0,0,23212.85,22131.04,0.9534,19.7,Low,Maintain and monitor,820,0
C000586,Synthetic Customer 0586,Connacht,Emerging Affluent,41988.87,0,L000586,32521.34,0.2743,0,0,42865.91,38070.4,0.8881,19.6,Low,Maintain and monitor,821,0
C000591,Synthetic Customer 0591,Dublin,Emerging Affluent,43873.67,0,L000591,29661.03,0.2685,0,0,43287.17,39641.13,0.9158,19.6,Low,Maintain and monitor,822,0
C000308,Synthetic Customer 0308,Leinster,Emerging Affluent,33999.89,0,L000308,24045.59,0.2688,0,0,34426.19,31289.76,0.9089,19.6,Low,Maintain and monitor,823,0
C000397,Synthetic Customer 0397,Munster,Mass Market,35036.5,0,L000397,27691.58,0.2657,0,0,35980.05,33118.39,0.9205,19.5,Low,Maintain and monitor,824,0
C000644,Synthetic Customer 0644,Dublin,Mass Market,26856.31,0,L000644,17328.58,0.2866,0,0,27686.27,22739.96,0.8213,19.5,Low,Maintain and monitor,825,0
C000269,Synthetic Customer 0269,Dublin,Mass Market,50870.49,0,L000269,12327.57,0.2692,0,0,50320.37,45150.11,0.8973,19.5,Low,Maintain and monitor,826,0
C000455,Synthetic Customer 0455,Leinster,Mass Market,22000.0,0,L000455,18017.99,0.2459,0,0,21662.18,21732.99,1.0033,19.4,Low,Maintain and monitor,827,0
C000860,Synthetic Customer 0860,Dublin,Mass Market,52992.66,0,L000860,11349.34,0.2505,0,0,55652.45,54208.34,0.9741,19.4,Low,Maintain and monitor,828,0
C000110,Synthetic Customer 0110,Connacht,Affluent,46786.07,0,L000110,23274.59,0.2537,0,0,46983.39,44811.98,0.9538,19.3,Low,Maintain and monitor,829,0
C000645,Synthetic Customer 0645,Dublin,Mass Market,63752.97,0,L000645,21874.54,0.2545,0,0,65324.8,62198.27,0.9521,19.3,Low,Maintain and monitor,830,0
C000626,Synthetic Customer 0626,Dublin,Emerging Affluent,73916.73,0,L000626,17719.18,0.2725,0,0,75607.43,65246.85,0.863,19.3,Low,Maintain and monitor,831,0
C000616,Synthetic Customer 0616,Leinster,Mass Market,43357.28,0,L000616,10622.06,0.246,0,0,44490.73,44095.94,0.9911,19.3,Low,Maintain and monitor,832,0
C000999,Synthetic Customer 0999,Munster,Mass Market,50460.85,0,L000999,4647.47,0.2599,0,0,51547.32,47307.24,0.9177,19.3,Low,Maintain and monitor,833,0
C000769,Synthetic Customer 0769,Dublin,Mass Market,26772.21,0,L000769,8718.68,0.2682,0,0,26625.97,23040.51,0.8653,19.1,Low,Maintain and monitor,834,0
C000792,Synthetic Customer 0792,Munster,Mass Market,50077.8,0,L000792,5545.39,0.2668,0,0,49034.59,42109.75,0.8588,19.0,Low,Maintain and monitor,835,0
C000389,Synthetic Customer 0389,Dublin,Mass Market,34616.5,0,L000389,5456.41,0.2697,0,0,33305.33,28034.35,0.8417,19.0,Low,Maintain and monitor,836,0
C000427,Synthetic Customer 0427,Dublin,Mass Market,36785.08,0,L000427,2732.45,0.268,0,0,37168.18,31798.1,0.8555,19.0,Low,Maintain and monitor,837,0
C000286,Synthetic Customer 0286,Munster,Emerging Affluent,82650.75,0,L000286,16083.11,0.2452,0,0,84231.32,79914.04,0.9487,18.9,Low,Maintain and monitor,838,0
C000056,Synthetic Customer 0056,Connacht,Mass Market,25444.14,0,L000056,11335.21,0.2595,0,0,25168.64,22142.42,0.8798,18.9,Low,Maintain and monitor,839,0
C000510,Synthetic Customer 0510,Leinster,Mass Market,22000.0,0,L000510,11084.72,0.2408,0,0,22310.89,21557.67,0.9662,18.9,Low,Maintain and monitor,840,0
C000783,Synthetic Customer 0783,Ulster (ROI),Emerging Affluent,63996.61,0,L000783,5646.09,0.2706,0,0,62408.22,51995.82,0.8332,18.9,Low,Maintain and monitor,841,0
C000117,Synthetic Customer 0117,Dublin,Mass Market,40251.41,0,L000117,3298.52,0.2377,0,0,39537.02,38696.91,0.9788,18.9,Low,Maintain and monitor,842,0
C000489,Synthetic Customer 0489,Dublin,Affluent,46003.55,0,L000489,30985.66,0.2567,0,0,44470.19,39415.92,0.8863,18.8,Low,Maintain and monitor,843,0
C000225,Synthetic Customer 0225,Munster,Mass Market,32852.65,0,L000225,23868.26,0.1377,0,1,32781.14,30431.47,0.9283,18.7,Low,Maintain and monitor,844,0
C000161,Synthetic Customer 0161,Leinster,Mass Market,84947.25,0,L000161,16976.71,0.2626,0,0,83683.65,70723.87,0.8451,18.7,Low,Maintain and monitor,845,0
C000189,Synthetic Customer 0189,Ulster (ROI),Mass Market,73679.38,0,L000189,9282.76,0.2561,0,0,73662.17,64637.29,0.8775,18.7,Low,Maintain and monitor,846,0
C000303,Synthetic Customer 0303,Dublin,Emerging Affluent,47933.05,0,L000303,8273.36,0.2229,0,0,47574.12,48766.95,1.0251,18.7,Low,Maintain and monitor,847,0
C000145,Synthetic Customer 0145,Leinster,Affluent,37543.62,0,L000145,6308.78,0.2667,0,0,37096.48,30739.07,0.8286,18.7,Low,Maintain and monitor,848,0
C000147,Synthetic Customer 0147,Connacht,Mass Market,43571.41,0,L000147,3095.86,0.2428,0,0,42946.31,40034.48,0.9322,18.7,Low,Maintain and monitor,849,0
C000345,Synthetic Customer 0345,Connacht,Emerging Affluent,30025.0,0,L000345,21066.79,0.2537,0,0,29378.72,25643.84,0.8729,18.6,Low,Maintain and monitor,850,0
C000961,Synthetic Customer 0961,Dublin,Mass Market,69367.74,0,L000961,8243.28,0.2527,0,0,69470.12,60984.02,0.8778,18.6,Low,Maintain and monitor,851,0
C000660,Synthetic Customer 0660,Dublin,Mass Market,47154.29,0,L000660,24299.32,0.2509,0,0,48386.63,42342.82,0.8751,18.5,Low,Maintain and monitor,852,0
C000231,Synthetic Customer 0231,Munster,Emerging Affluent,47684.76,0,L000231,21750.95,0.2537,0,0,49316.24,42294.25,0.8576,18.5,Low,Maintain and monitor,853,0
C000470,Synthetic Customer 0470,Connacht,Emerging Affluent,22439.18,0,L000470,15947.09,0.2507,0,0,22527.6,19841.85,0.8808,18.5,Low,Maintain and monitor,854,0
C000048,Synthetic Customer 0048,Dublin,Affluent,56498.33,0,L000048,893.26,0.2394,0,0,56113.65,52135.72,0.9291,18.5,Low,Maintain and monitor,855,0
C000870,Synthetic Customer 0870,Dublin,Emerging Affluent,29787.94,0,L000870,18486.74,0.2374,0,0,30767.71,28365.67,0.9219,18.4,Low,Maintain and monitor,856,0
C000383,Synthetic Customer 0383,Connacht,Mass Market,60260.89,0,L000383,12623.4,0.2346,0,0,58915.6,55536.04,0.9426,18.4,Low,Maintain and monitor,857,0
C000754,Synthetic Customer 0754,Munster,Mass Market,25701.16,0,L000754,2458.97,0.2381,0,0,25746.51,23723.18,0.9214,18.4,Low,Maintain and monitor,858,0
C000848,Synthetic Customer 0848,Leinster,Affluent,71930.33,0,L000848,16090.48,0.2421,0,0,71884.71,64563.27,0.8982,18.3,Low,Maintain and monitor,859,0
C000546,Synthetic Customer 0546,Dublin,Emerging Affluent,22000.0,0,L000546,29247.68,0.2421,0,0,21220.29,18791.69,0.8856,18.2,Low,Maintain and monitor,860,0
C000705,Synthetic Customer 0705,Leinster,Mass Market,31639.24,0,L000705,18499.82,0.2313,0,0,31622.59,29465.26,0.9318,18.2,Low,Maintain and monitor,861,0
C000368,Synthetic Customer 0368,Dublin,Affluent,59565.64,0,L000368,5821.27,0.2356,0,0,57856.6,52927.68,0.9148,18.2,Low,Maintain and monitor,862,0
C000393,Synthetic Customer 0393,Connacht,Mass Market,74797.8,0,L000393,35689.06,0.2438,0,0,72972.42,63332.31,0.8679,18.1,Low,Maintain and monitor,863,0
C000138,Synthetic Customer 0138,Dublin,Mass Market,28273.67,0,L000138,22581.79,0.238,0,0,28477.94,24965.72,0.8767,18.0,Low,Maintain and monitor,864,0
C000407,Synthetic Customer 0407,Connacht,Mass Market,55914.03,0,L000407,3470.91,0.2485,0,0,56686.27,47378.57,0.8358,18.0,Low,Maintain and monitor,865,0
C000217,Synthetic Customer 0217,Connacht,Emerging Affluent,69058.48,0,L000217,13708.19,0.2262,0,0,67771.4,62542.33,0.9228,17.9,Low,Maintain and monitor,866,0
C000648,Synthetic Customer 0648,Dublin,Mass Market,39382.18,0,L000648,7437.71,0.2173,0,0,40099.08,38619.43,0.9631,17.9,Low,Maintain and monitor,867,0
C000519,Synthetic Customer 0519,Munster,Affluent,47947.22,0,L000519,6423.51,0.2267,0,0,48343.61,44293.12,0.9162,17.9,Low,Maintain and monitor,868,0
C000706,Synthetic Customer 0706,Leinster,Affluent,24051.29,0,L000706,26956.09,0.2312,0,0,24120.09,21355.88,0.8854,17.8,Low,Maintain and monitor,869,0
C000158,Synthetic Customer 0158,Ulster (ROI),Mass Market,22000.0,0,L000158,21078.54,0.223,0,0,21427.87,19928.88,0.93,17.8,Low,Maintain and monitor,870,0
C000761,Synthetic Customer 0761,Munster,Emerging Affluent,41571.79,0,L000761,26824.8,0.2306,0,0,41056.46,36420.63,0.8871,17.7,Low,Maintain and monitor,871,0
C000659,Synthetic Customer 0659,Ulster (ROI),Mass Market,37361.12,0,L000659,12647.53,0.2279,0,0,36352.3,32336.44,0.8895,17.7,Low,Maintain and monitor,872,0
C000672,Synthetic Customer 0672,Dublin,Emerging Affluent,30121.96,0,L000672,7930.03,0.2383,0,0,30088.8,25360.88,0.8429,17.7,Low,Maintain and monitor,873,0
C000962,Synthetic Customer 0962,Connacht,Mass Market,31847.26,0,L000962,6566.34,0.125,0,1,32049.83,27972.0,0.8728,17.7,Low,Maintain and monitor,874,0
C000835,Synthetic Customer 0835,Connacht,Emerging Affluent,75210.9,0,L000835,8869.41,0.2351,0,0,74945.92,64037.96,0.8545,17.6,Low,Maintain and monitor,875,0
C000752,Synthetic Customer 0752,Munster,Emerging Affluent,31635.48,0,L000752,6823.11,0.2292,0,0,31678.05,27616.81,0.8718,17.6,Low,Maintain and monitor,876,0
C000959,Synthetic Customer 0959,Dublin,Mass Market,22000.0,0,L000959,26239.95,0.1103,0,1,21047.73,19409.69,0.9222,17.5,Low,Maintain and monitor,877,0
C000841,Synthetic Customer 0841,Ulster (ROI),Affluent,39130.51,0,L000841,19405.47,0.2225,0,0,39731.64,35752.81,0.8999,17.5,Low,Maintain and monitor,878,0
C000601,Synthetic Customer 0601,Leinster,Emerging Affluent,49665.03,0,L000601,14438.19,0.2122,0,0,46118.29,43345.35,0.9399,17.5,Low,Maintain and monitor,879,0
C000012,Synthetic Customer 0012,Dublin,Emerging Affluent,47343.93,0,L000012,7125.8,0.2201,0,0,47446.02,43029.27,0.9069,17.5,Low,Maintain and monitor,880,0
C000025,Synthetic Customer 0025,Leinster,Mass Market,64567.4,0,L000025,26879.18,0.2308,0,0,66932.47,56720.29,0.8474,17.4,Low,Maintain and monitor,881,0
C000516,Synthetic Customer 0516,Dublin,Mass Market,63700.24,0,L000516,26861.66,0.2153,0,0,60275.42,55499.56,0.9208,17.4,Low,Maintain and monitor,882,0
C000151,Synthetic Customer 0151,Leinster,Affluent,43012.09,0,L000151,20599.75,0.2231,0,0,42142.54,37298.47,0.8851,17.4,Low,Maintain and monitor,883,0
C000051,Synthetic Customer 0051,Leinster,Mass Market,63827.39,0,L000051,11021.66,0.2136,0,0,65457.31,60524.92,0.9246,17.4,Low,Maintain and monitor,884,0
C000261,Synthetic Customer 0261,Dublin,Emerging Affluent,22000.0,0,L000261,7924.02,0.2239,0,0,21353.42,18740.31,0.8776,17.4,Low,Maintain and monitor,885,0
C000834,Synthetic Customer 0834,Dublin,Affluent,22000.0,0,L000834,18716.52,0.2221,0,0,20983.66,18380.31,0.8759,17.3,Low,Maintain and monitor,886,0
C000654,Synthetic Customer 0654,Munster,Mass Market,42424.97,0,L000654,11963.94,0.1967,0,0,43134.49,43026.32,0.9975,17.3,Low,Maintain and monitor,887,0
C000548,Synthetic Customer 0548,Leinster,Mass Market,22000.0,0,L000548,1911.3,0.2077,0,0,21248.09,20058.35,0.944,17.3,Low,Maintain and monitor,888,0
C000991,Synthetic Customer 0991,Dublin,Mass Market,53329.4,0,L000991,23764.6,0.2214,0,0,54627.02,47582.21,0.871,17.2,Low,Maintain and monitor,889,0
C000622,Synthetic Customer 0622,Connacht,Mass Market,49660.11,0,L000622,6090.77,0.2273,0,0,50152.43,42346.61,0.8444,17.2,Low,Maintain and monitor,890,0
C000738,Synthetic Customer 0738,Dublin,Mass Market,32734.64,0,L000738,4834.61,0.1998,0,0,32583.24,31484.64,0.9663,17.2,Low,Maintain and monitor,891,0
C000425,Synthetic Customer 0425,Ulster (ROI),Mass Market,52432.13,0,L000425,19844.24,0.2072,0,0,51751.6,47725.49,0.9222,17.1,Low,Maintain and monitor,892,0
C000074,Synthetic Customer 0074,Munster,Emerging Affluent,42974.71,0,L000074,10779.74,0.1952,0,0,43285.64,42388.0,0.9793,17.1,Low,Maintain and monitor,893,0
C000867,Synthetic Customer 0867,Dublin,Mass Market,68603.31,0,L000867,13575.81,0.1927,0,0,65934.5,64534.7,0.9788,17.0,Low,Maintain and monitor,894,0
C000704,Synthetic Customer 0704,Ulster (ROI),Mass Market,48759.42,0,L000704,5370.17,0.2167,0,0,48485.74,42118.82,0.8687,17.0,Low,Maintain and monitor,895,0
C000831,Synthetic Customer 0831,Dublin,Mass Market,54918.45,0,L000831,1665.16,0.1949,0,0,54063.34,52002.32,0.9619,16.9,Low,Maintain and monitor,896,0
C000823,Synthetic Customer 0823,Dublin,Mass Market,79809.43,0,L000823,714.44,0.2033,0,0,76233.91,69848.22,0.9162,16.9,Low,Maintain and monitor,897,0
C000241,Synthetic Customer 0241,Dublin,Mass Market,23220.14,0,L000241,7758.78,0.1922,0,0,22454.38,21567.24,0.9605,16.8,Low,Maintain and monitor,898,0
C000665,Synthetic Customer 0665,Connacht,Mass Market,46819.07,0,L000665,20188.0,0.2125,0,0,46034.66,39202.94,0.8516,16.7,Low,Maintain and monitor,899,0
C000948,Synthetic Customer 0948,Leinster,Affluent,22000.0,0,L000948,8563.3,0.195,0,0,21197.28,19749.21,0.9317,16.7,Low,Maintain and monitor,900,0
C000830,Synthetic Customer 0830,Ulster (ROI),Mass Market,47208.15,0,L000830,2796.25,0.1937,0,0,47135.08,44665.48,0.9476,16.7,Low,Maintain and monitor,901,0
C000052,Synthetic Customer 0052,Leinster,Mass Market,46731.09,0,L000052,2237.7,0.2026,0,0,46943.77,42352.59,0.9022,16.7,Low,Maintain and monitor,902,0
C000064,Synthetic Customer 0064,Dublin,Affluent,22000.0,0,L000064,11293.81,0.2107,0,0,22024.26,18842.88,0.8556,16.6,Low,Maintain and monitor,903,0
C000050,Synthetic Customer 0050,Munster,Affluent,50069.35,0,L000050,19831.97,0.2047,0,0,50780.12,44132.9,0.8691,16.5,Low,Maintain and monitor,904,0
C000347,Synthetic Customer 0347,Munster,Mass Market,70353.28,0,L000347,16585.3,0.2101,0,0,71506.84,60589.28,0.8473,16.5,Low,Maintain and monitor,905,0
C000985,Synthetic Customer 0985,Leinster,Mass Market,30710.0,0,L000985,7575.06,0.1872,0,0,29513.4,27739.05,0.9399,16.4,Low,Maintain and monitor,906,0
C000251,Synthetic Customer 0251,Dublin,Mass Market,26063.03,0,L000251,5643.13,0.1876,0,0,26280.68,24659.94,0.9383,16.4,Low,Maintain and monitor,907,0
C000538,Synthetic Customer 0538,Munster,Emerging Affluent,22000.0,0,L000538,4017.49,0.1929,0,0,21676.94,19832.39,0.9149,16.4,Low,Maintain and monitor,908,0
C000757,Synthetic Customer 0757,Munster,Affluent,22000.0,0,L000757,35385.04,0.1783,0,0,21781.58,20987.8,0.9636,16.2,Low,Maintain and monitor,909,0
C000291,Synthetic Customer 0291,Leinster,Emerging Affluent,63841.04,0,L000291,3089.75,0.1748,0,0,64757.34,62964.61,0.9723,16.2,Low,Maintain and monitor,910,0
C000424,Synthetic Customer 0424,Dublin,Mass Market,23803.36,0,L000424,8271.47,0.2032,0,0,25232.57,21017.73,0.833,16.1,Low,Maintain and monitor,911,0
C000399,Synthetic Customer 0399,Dublin,Mass Market,22000.0,0,L000399,4415.45,0.1819,0,0,21389.04,19579.81,0.9154,16.0,Low,Maintain and monitor,912,0
C000625,Synthetic Customer 0625,Dublin,Mass Market,49745.46,0,L000625,3651.79,0.1816,0,0,50789.4,46981.44,0.925,16.0,Low,Maintain and monitor,913,0
C000686,Synthetic Customer 0686,Dublin,Mass Market,82239.96,0,L000686,31690.01,0.1836,0,0,85626.93,76948.73,0.8987,15.9,Low,Maintain and monitor,914,0
C000378,Synthetic Customer 0378,Dublin,Emerging Affluent,33946.65,0,L000378,30880.58,0.1832,0,0,34097.24,30844.41,0.9046,15.9,Low,Maintain and monitor,915,0
C000736,Synthetic Customer 0736,Dublin,Emerging Affluent,24895.63,0,L000736,10768.43,0.186,0,0,25520.1,22454.98,0.8799,15.8,Low,Maintain and monitor,916,0
C000226,Synthetic Customer 0226,Dublin,Emerging Affluent,44948.49,0,L000226,6031.53,0.1735,0,0,46262.66,43288.87,0.9357,15.8,Low,Maintain and monitor,917,0
C000326,Synthetic Customer 0326,Leinster,Mass Market,31159.72,0,L000326,24059.25,0.1761,0,0,30667.24,28003.88,0.9132,15.7,Low,Maintain and monitor,918,0
C000575,Synthetic Customer 0575,Ulster (ROI),Mass Market,27176.73,0,L000575,15771.86,0.1849,0,0,26160.59,22707.07,0.868,15.7,Low,Maintain and monitor,919,0
C000234,Synthetic Customer 0234,Dublin,Emerging Affluent,54127.16,0,L000234,7820.68,0.1749,0,0,54047.43,49618.52,0.9181,15.7,Low,Maintain and monitor,920,0
C000124,Synthetic Customer 0124,Connacht,Mass Market,55856.95,0,L000124,3069.84,0.1604,0,0,57926.55,56853.95,0.9815,15.7,Low,Maintain and monitor,921,0
C000408,Synthetic Customer 0408,Connacht,Mass Market,22895.53,0,L000408,36953.99,0.1622,0,0,23147.65,22296.22,0.9632,15.6,Low,Maintain and monitor,922,0
C000602,Synthetic Customer 0602,Munster,Mass Market,56675.68,0,L000602,32491.53,0.1755,0,0,58327.27,53014.36,0.9089,15.6,Low,Maintain and monitor,923,0
C000934,Synthetic Customer 0934,Dublin,Emerging Affluent,22000.0,0,L000934,19539.65,0.1817,0,0,22282.6,19422.79,0.8717,15.6,Low,Maintain and monitor,924,0
C000914,Synthetic Customer 0914,Ulster (ROI),Mass Market,33434.9,0,L000914,13802.61,0.1744,0,0,33468.55,30332.05,0.9063,15.6,Low,Maintain and monitor,925,0
C000931,Synthetic Customer 0931,Dublin,Mass Market,59878.27,0,L000931,7849.55,0.15,0,0,57370.53,58511.68,1.0199,15.6,Low,Maintain and monitor,926,0
C000271,Synthetic Customer 0271,Leinster,Mass Market,33491.32,0,L000271,7281.65,0.1565,0,0,32549.63,32167.3,0.9883,15.6,Low,Maintain and monitor,927,0
C000134,Synthetic Customer 0134,Dublin,Mass Market,51472.13,0,L000134,5908.08,0.177,0,0,49401.06,43189.39,0.8743,15.4,Low,Maintain and monitor,928,0
C000682,Synthetic Customer 0682,Leinster,Mass Market,22000.0,0,L000682,5501.88,0.1524,0,0,22194.18,21987.05,0.9907,15.4,Low,Maintain and monitor,929,0
C000104,Synthetic Customer 0104,Connacht,Mass Market,86174.84,0,L000104,10433.99,0.1552,0,0,84083.44,79842.6,0.9496,15.2,Low,Maintain and monitor,930,0
C000357,Synthetic Customer 0357,Leinster,Mass Market,35168.14,0,L000357,8771.09,0.1607,0,0,35278.88,32603.48,0.9242,15.2,Low,Maintain and monitor,931,0
C000780,Synthetic Customer 0780,Dublin,Mass Market,74002.34,0,L000780,7585.68,0.1582,0,0,74353.92,70021.73,0.9417,15.2,Low,Maintain and monitor,932,0
C000401,Synthetic Customer 0401,Munster,Emerging Affluent,39759.67,0,L000401,4656.21,0.1735,0,0,38383.26,33592.08,0.8752,15.2,Low,Maintain and monitor,933,0
C000120,Synthetic Customer 0120,Connacht,Mass Market,54754.14,0,L000120,2393.14,0.1563,0,0,54918.28,51929.01,0.9456,15.2,Low,Maintain and monitor,934,0
C000181,Synthetic Customer 0181,Dublin,Mass Market,32291.89,0,L000181,19203.85,0.1543,0,0,32422.38,30729.35,0.9478,15.1,Low,Maintain and monitor,935,0
C000507,Synthetic Customer 0507,Connacht,Affluent,41268.55,0,L000507,11302.04,0.176,0,0,42271.33,35870.3,0.8486,15.1,Low,Maintain and monitor,936,0
C000055,Synthetic Customer 0055,Leinster,Mass Market,26676.54,0,L000055,1471.97,0.1634,0,0,26084.91,23649.25,0.9066,15.1,Low,Maintain and monitor,937,0
C000487,Synthetic Customer 0487,Connacht,Mass Market,62311.19,0,L000487,13987.21,0.1626,0,0,66790.75,60342.56,0.9035,15.0,Low,Maintain and monitor,938,0
C000940,Synthetic Customer 0940,Munster,Mass Market,49180.82,0,L000940,10808.52,0.1535,0,0,48935.34,45990.34,0.9398,15.0,Low,Maintain and monitor,939,0
C000222,Synthetic Customer 0222,Connacht,Mass Market,33017.72,0,L000222,37297.53,0.1572,0,0,33278.53,30492.35,0.9163,14.9,Low,Maintain and monitor,940,0
C000046,Synthetic Customer 0046,Connacht,Emerging Affluent,48062.94,0,L000046,28411.38,0.1693,0,0,45263.45,38991.18,0.8614,14.9,Low,Maintain and monitor,941,0
C000242,Synthetic Customer 0242,Dublin,Affluent,35153.13,0,L000242,22863.49,0.1575,0,0,35912.14,32178.84,0.896,14.8,Low,Maintain and monitor,942,0
C000287,Synthetic Customer 0287,Leinster,Affluent,53509.73,0,L000287,17504.17,0.1456,0,0,51293.83,48963.77,0.9546,14.8,Low,Maintain and monitor,943,0
C000020,Synthetic Customer 0020,Leinster,Emerging Affluent,54727.0,0,L000020,13854.29,0.1714,0,0,53661.77,44968.43,0.838,14.8,Low,Maintain and monitor,944,0
C000191,Synthetic Customer 0191,Leinster,Emerging Affluent,43171.35,0,L000191,13122.94,0.1493,0,0,42248.23,39866.19,0.9436,14.8,Low,Maintain and monitor,945,0
C000825,Synthetic Customer 0825,Leinster,Mass Market,28232.38,0,L000825,1563.04,0.1586,0,0,28092.66,24741.42,0.8807,14.7,Low,Maintain and monitor,946,0
C000687,Synthetic Customer 0687,Dublin,Emerging Affluent,36710.15,0,L000687,34246.89,0.1438,0,0,37192.44,34968.19,0.9402,14.6,Low,Maintain and monitor,947,0
C000337,Synthetic Customer 0337,Munster,Emerging Affluent,28947.08,0,L000337,15503.1,0.1463,0,0,28667.65,26813.57,0.9353,14.6,Low,Maintain and monitor,948,0
C000116,Synthetic Customer 0116,Munster,Mass Market,41994.78,0,L000116,2182.93,0.1485,0,0,41299.66,37798.45,0.9152,14.6,Low,Maintain and monitor,949,0
C000791,Synthetic Customer 0791,Connacht,Mass Market,27391.86,0,L000791,8044.97,0.1452,0,0,27868.13,25631.86,0.9198,14.5,Low,Maintain and monitor,950,0
C000473,Synthetic Customer 0473,Dublin,Mass Market,34697.81,0,L000473,1858.87,0.1534,0,0,35262.88,30652.12,0.8692,14.3,Low,Maintain and monitor,951,0
C000275,Synthetic Customer 0275,Munster,Mass Market,27802.21,0,L000275,25935.42,0.1408,0,0,27856.64,25268.39,0.9071,14.2,Low,Maintain and monitor,952,0
C000561,Synthetic Customer 0561,Leinster,Mass Market,22000.0,0,L000561,15252.88,0.1322,0,0,22673.07,21468.18,0.9469,14.2,Low,Maintain and monitor,953,0
C000103,Synthetic Customer 0103,Connacht,Mass Market,26175.6,0,L000103,11788.99,0.1503,0,0,25386.87,22058.08,0.8689,14.2,Low,Maintain and monitor,954,0
C000190,Synthetic Customer 0190,Dublin,Mass Market,34938.57,0,L000190,5701.4,0.1157,0,0,35174.5,36007.2,1.0237,14.2,Low,Maintain and monitor,955,0
C000970,Synthetic Customer 0970,Munster,Mass Market,44982.81,0,L000970,16192.8,0.134,0,0,45361.75,42272.82,0.9319,14.1,Low,Maintain and monitor,956,0
C000246,Synthetic Customer 0246,Dublin,Mass Market,72468.31,0,L000246,14296.08,0.1317,0,0,73292.4,69312.56,0.9457,14.1,Low,Maintain and monitor,957,0
C000003,Synthetic Customer 0003,Munster,Mass Market,47900.05,0,L000003,21976.76,0.1395,0,0,50012.48,44754.86,0.8949,14.0,Low,Maintain and monitor,958,0
C000889,Synthetic Customer 0889,Dublin,Mass Market,29131.64,0,L000889,2888.79,0.1525,0,0,28852.71,24008.33,0.8321,14.0,Low,Maintain and monitor,959,0
C000497,Synthetic Customer 0497,Munster,Mass Market,38434.3,0,L000497,12554.36,0.1311,0,0,40036.92,37117.21,0.9271,13.9,Low,Maintain and monitor,960,0
C000651,Synthetic Customer 0651,Ulster (ROI),Emerging Affluent,28870.36,0,L000651,13646.43,0.1313,0,0,27395.99,24876.27,0.908,13.8,Low,Maintain and monitor,961,0
C000208,Synthetic Customer 0208,Leinster,Mass Market,40490.1,0,L000208,6143.8,0.1309,0,0,39672.25,36347.4,0.9162,13.8,Low,Maintain and monitor,962,0
C000840,Synthetic Customer 0840,Munster,Mass Market,22000.0,0,L000840,21566.4,0.03,0,1,22175.24,19386.4,0.8742,13.7,Low,Maintain and monitor,963,0
C000411,Synthetic Customer 0411,Connacht,Emerging Affluent,39102.1,0,L000411,37555.26,0.1361,0,0,37843.04,32758.74,0.8656,13.6,Low,Maintain and monitor,964,0
C000396,Synthetic Customer 0396,Connacht,Mass Market,44161.63,0,L000396,20122.93,0.1316,0,0,43898.17,39167.91,0.8922,13.6,Low,Maintain and monitor,965,0
C000756,Synthetic Customer 0756,Dublin,Mass Market,34493.69,0,L000756,18804.48,0.1373,0,0,35155.57,30116.93,0.8567,13.6,Low,Maintain and monitor,966,0
C000746,Synthetic Customer 0746,Ulster (ROI),Mass Market,32712.54,0,L000746,9395.8,0.1259,0,0,31662.41,29101.05,0.9191,13.6,Low,Maintain and monitor,967,0
C000392,Synthetic Customer 0392,Munster,Mass Market,29679.13,0,L000392,27075.63,0.1314,0,0,28519.36,24715.96,0.8666,13.4,Low,Maintain and monitor,968,0
C000435,Synthetic Customer 0435,Leinster,Mass Market,91867.19,0,L000435,17776.73,0.1298,0,0,93884.53,82233.89,0.8759,13.4,Low,Maintain and monitor,969,0
C000307,Synthetic Customer 0307,Leinster,Mass Market,46765.53,0,L000307,26818.12,0.1267,0,0,46056.87,40181.31,0.8724,13.3,Low,Maintain and monitor,970,0
C000144,Synthetic Customer 0144,Leinster,Mass Market,22000.0,0,L000144,1444.59,0.1241,0,0,22387.46,20002.59,0.8935,13.3,Low,Maintain and monitor,971,0
C000813,Synthetic Customer 0813,Connacht,Mass Market,52617.34,0,L000813,19564.89,0.1131,0,0,53596.55,49806.9,0.9293,13.2,Low,Maintain and monitor,972,0
C000483,Synthetic Customer 0483,Munster,Mass Market,22000.0,0,L000483,15290.05,0.1004,0,0,21407.17,21113.81,0.9863,13.2,Low,Maintain and monitor,973,0
C000979,Synthetic Customer 0979,Leinster,Mass Market,49286.19,0,L000979,4541.11,0.1034,0,0,46521.8,45325.99,0.9743,13.2,Low,Maintain and monitor,974,0
C000206,Synthetic Customer 0206,Dublin,Mass Market,45818.56,0,L000206,2497.75,0.1296,0,0,44696.41,38161.77,0.8538,13.2,Low,Maintain and monitor,975,0
C000420,Synthetic Customer 0420,Munster,Mass Market,22000.0,0,L000420,34098.39,0.1085,0,0,21485.44,19778.4,0.9205,12.9,Low,Maintain and monitor,976,0
C000409,Synthetic Customer 0409,Leinster,Mass Market,22000.0,0,L000409,6590.34,0.1276,0,0,21366.8,17751.54,0.8308,12.9,Low,Maintain and monitor,977,0
C000460,Synthetic Customer 0460,Leinster,Mass Market,76767.93,0,L000460,4738.12,0.1108,0,0,76317.56,69341.14,0.9086,12.9,Low,Maintain and monitor,978,0
C000796,Synthetic Customer 0796,Ulster (ROI),Emerging Affluent,114562.11,0,L000796,2846.06,0.0929,0,0,108377.8,105560.48,0.974,12.8,Low,Maintain and monitor,979,0
C000067,Synthetic Customer 0067,Ulster (ROI),Affluent,50203.52,0,L000067,12593.78,0.1144,0,0,49341.95,42690.88,0.8652,12.7,Low,Maintain and monitor,980,0
C000492,Synthetic Customer 0492,Dublin,Mass Market,22000.0,0,L000492,19354.27,0.1138,0,0,22550.82,19489.09,0.8642,12.6,Low,Maintain and monitor,981,0
C000995,Synthetic Customer 0995,Dublin,Mass Market,26013.5,0,L000995,2273.44,0.0854,0,0,26196.25,25763.13,0.9835,12.5,Low,Maintain and monitor,982,0
C000997,Synthetic Customer 0997,Munster,Mass Market,30858.6,0,L000997,22719.79,0.097,0,0,29185.73,26706.17,0.915,12.4,Low,Maintain and monitor,983,0
C000099,Synthetic Customer 0099,Dublin,Mass Market,41297.18,0,L000099,3339.77,0.085,0,0,42608.02,39818.68,0.9345,12.1,Low,Maintain and monitor,984,0
C000771,Synthetic Customer 0771,Dublin,Mass Market,86893.42,0,L000771,5945.79,0.1098,0,0,85676.15,69641.76,0.8128,12.0,Low,Maintain and monitor,985,0
C000248,Synthetic Customer 0248,Connacht,Affluent,27540.0,0,L000248,32169.18,0.0919,0,0,27150.85,24055.21,0.886,11.9,Low,Maintain and monitor,986,0
C000036,Synthetic Customer 0036,Dublin,Mass Market,22000.0,0,L000036,6033.28,0.0777,0,0,22762.02,20292.59,0.8915,11.4,Low,Maintain and monitor,987,0
C000477,Synthetic Customer 0477,Leinster,Mass Market,99328.7,0,L000477,6067.53,0.0768,0,0,99255.74,88194.72,0.8886,11.3,Low,Maintain and monitor,988,0
C000767,Synthetic Customer 0767,Leinster,Mass Market,33261.6,0,L000767,2258.68,0.0637,0,0,32500.43,30707.27,0.9448,11.3,Low,Maintain and monitor,989,0
C000254,Synthetic Customer 0254,Dublin,Mass Market,77250.15,0,L000254,31393.8,0.0545,0,0,77303.73,75836.86,0.981,11.2,Low,Maintain and monitor,990,0
C000576,Synthetic Customer 0576,Munster,Mass Market,48542.87,0,L000576,23404.23,0.0746,0,0,48719.36,42853.99,0.8796,11.1,Low,Maintain and monitor,991,0
C000207,Synthetic Customer 0207,Leinster,Mass Market,104662.21,0,L000207,6501.28,0.0503,0,0,107208.98,100918.83,0.9413,10.7,Low,Maintain and monitor,992,0
C000974,Synthetic Customer 0974,Ulster (ROI),Mass Market,26255.69,0,L000974,2672.03,0.0815,0,0,26682.3,20516.25,0.7689,10.4,Low,Maintain and monitor,993,0
C000318,Synthetic Customer 0318,Munster,Mass Market,33484.67,0,L000318,8717.08,0.0568,0,0,33877.71,28765.99,0.8491,10.1,Low,Maintain and monitor,994,0
C000501,Synthetic Customer 0501,Leinster,Mass Market,22000.0,0,L000501,6947.61,0.03,0,0,22103.87,21587.63,0.9766,10.1,Low,Maintain and monitor,995,0
C000657,Synthetic Customer 0657,Connacht,Emerging Affluent,30739.33,0,L000657,14181.78,0.037,0,0,31913.91,29163.03,0.9138,9.9,Low,Maintain and monitor,996,0
C000990,Synthetic Customer 0990,Leinster,Mass Market,22000.0,0,L000990,13638.89,0.0454,0,0,21350.88,18670.24,0.8744,9.9,Low,Maintain and monitor,997,0
C000960,Synthetic Customer 0960,Leinster,Mass Market,24327.41,0,L000960,10688.1,0.03,0,0,23943.68,21966.26,0.9174,9.6,Low,Maintain and monitor,998,0
C000643,Synthetic Customer 0643,Dublin,Emerging Affluent,32537.95,0,L000643,22086.01,0.03,0,0,33703.15,30507.08,0.9052,9.5,Low,Maintain and monitor,999,0
C000245,Synthetic Customer 0245,Dublin,Emerging Affluent,54296.9,0,L000245,9279.71,0.03,0,0,52601.84,47272.07,0.8987,9.4,Low,Maintain and monitor,1000,0
