snapshot_date,account_id,closing_balance
2025-07-28,A000001,13048.5
2025-08-28,A000001,13113.98
2025-09-28,A000001,13221.57
2025-10-28,A000001,14220.65
2025-11-28,A000001,15532.7
2025-12-28,A000001,15323.23
2026-01-28,A000001,15023.78
2026-02-28,A000001,15849.98
2026-03-28,A000001,16078.74
2026-04-28,A000001,16811.5
2026-05-28,A000001,17319.57
2026-06-28,A000001,16720.34
2025-07-28,A000002,12621.69
2025-08-28,A000002,13492.24
2025-09-28,A000002,14075.71
2025-10-28,A000002,14609.95
2025-11-28,A000002,14215.72
2025-12-28,A000002,14779.51
2026-01-28,A000002,15718.54
2026-02-28,A000002,15450.24
2026-03-28,A000002,16096.42
2026-04-28,A000002,16461.27
2026-05-28,A000002,15897.85
2026-06-28,A000002,16473.05
2025-07-28,A000003,1987.54
2025-08-28,A000003,2080.19
2025-09-28,A000003,1399.69
2025-10-28,A000003,774.29
2025-11-28,A000003,1983.17
2025-12-28,A000003,3089.75
2026-01-28,A000003,2659.64
2026-02-28,A000003,3665.8
2026-03-28,A000003,5129.9
2026-04-28,A000003,6126.45
2026-05-28,A000003,6116.16
2026-06-28,A000003,7504.08
2025-07-28,A000004,2540.88
2025-08-28,A000004,3957.48
2025-09-28,A000004,4436.61
2025-10-28,A000004,4664.47
2025-11-28,A000004,6127.91
2025-12-28,A000004,8287.68
2026-01-28,A000004,9711.22
2026-02-28,A000004,10272.41
2026-03-28,A000004,9766.89
2026-04-28,A000004,9413.36
2026-05-28,A000004,10184.79
2026-06-28,A000004,11374.45
2025-07-28,A000005,12312.08
2025-08-28,A000005,13319.43
2025-09-28,A000005,14007.6
2025-10-28,A000005,14550.3
2025-11-28,A000005,15733.25
2025-12-28,A000005,16392.21
2026-01-28,A000005,16614.1
2026-02-28,A000005,17366.73
2026-03-28,A000005,16599.16
2026-04-28,A000005,17870.48
2026-05-28,A000005,16911.8
2026-06-28,A000005,16293.63
2025-07-28,A000006,4025.09
2025-08-28,A000006,4521.08
2025-09-28,A000006,4392.34
2025-10-28,A000006,4726.11
2025-11-28,A000006,5456.89
2025-12-28,A000006,6076.16
2026-01-28,A000006,5918.02
2026-02-28,A000006,6615.41
2026-03-28,A000006,7493.14
2026-04-28,A000006,7874.38
2026-05-28,A000006,7815.03
2026-06-28,A000006,8030.79
2025-07-28,A000007,270.45
2025-08-28,A000007,542.99
2025-09-28,A000007,1029.91
2025-10-28,A000007,969.42
2025-11-28,A000007,1170.71
2025-12-28,A000007,1514.18
2026-01-28,A000007,1817.6
2026-02-28,A000007,1683.26
2026-03-28,A000007,1917.04
2026-04-28,A000007,2114.57
2026-05-28,A000007,2199.19
2026-06-28,A000007,2562.23
2025-07-28,A000008,9552.1
2025-08-28,A000008,10391.1
2025-09-28,A000008,11081.12
2025-10-28,A000008,11030.14
2025-11-28,A000008,10914.92
2025-12-28,A000008,11546.64
2026-01-28,A000008,12865.12
2026-02-28,A000008,12656.39
2026-03-28,A000008,13625.77
2026-04-28,A000008,13279.05
2026-05-28,A000008,13482.04
2026-06-28,A000008,12871.85
2025-07-28,A000009,13626.65
2025-08-28,A000009,14287.47
2025-09-28,A000009,14936.91
2025-10-28,A000009,15873.42
2025-11-28,A000009,15649.68
2025-12-28,A000009,15456.54
2026-01-28,A000009,17165.14
2026-02-28,A000009,17080.56
2026-03-28,A000009,18303.78
2026-04-28,A000009,17960.44
2026-05-28,A000009,18895.01
2026-06-28,A000009,19409.5
2025-07-28,A000010,10666.83
2025-08-28,A000010,11636.35
2025-09-28,A000010,12590.84
2025-10-28,A000010,12238.99
2025-11-28,A000010,12954.31
2025-12-28,A000010,13883.75
2026-01-28,A000010,13696.26
2026-02-28,A000010,12952.19
2026-03-28,A000010,14297.29
2026-04-28,A000010,14272.83
2026-05-28,A000010,15388.1
2026-06-28,A000010,14862.64
2025-07-28,A000011,6015.4
2025-08-28,A000011,5615.75
2025-09-28,A000011,4391.32
2025-10-28,A000011,4625.29
2025-11-28,A000011,4906.79
2025-12-28,A000011,5637.83
2026-01-28,A000011,5614.23
2026-02-28,A000011,4645.99
2026-03-28,A000011,4055.0
2026-04-28,A000011,3336.21
2026-05-28,A000011,3047.76
2026-06-28,A000011,2482.35
2025-07-28,A000012,14166.66
2025-08-28,A000012,14108.98
2025-09-28,A000012,15427.31
2025-10-28,A000012,16495.15
2025-11-28,A000012,17457.28
2025-12-28,A000012,16768.52
2026-01-28,A000012,18133.98
2026-02-28,A000012,17955.51
2026-03-28,A000012,18361.57
2026-04-28,A000012,18074.38
2026-05-28,A000012,18147.01
2026-06-28,A000012,18366.37
2025-07-28,A000013,17733.46
2025-08-28,A000013,18210.85
2025-09-28,A000013,18817.06
2025-10-28,A000013,18949.37
2025-11-28,A000013,19150.43
2025-12-28,A000013,19635.19
2026-01-28,A000013,19453.88
2026-02-28,A000013,20123.37
2026-03-28,A000013,20340.62
2026-04-28,A000013,19986.12
2026-05-28,A000013,20041.29
2026-06-28,A000013,19808.28
2025-07-28,A000014,2299.06
2025-08-28,A000014,2665.42
2025-09-28,A000014,2412.52
2025-10-28,A000014,2292.5
2025-11-28,A000014,2401.6
2025-12-28,A000014,2408.33
2026-01-28,A000014,2815.7
2026-02-28,A000014,3322.52
2026-03-28,A000014,3069.01
2026-04-28,A000014,3106.67
2026-05-28,A000014,3008.38
2026-06-28,A000014,3059.8
2025-07-28,A000015,1711.66
2025-08-28,A000015,1107.04
2025-09-28,A000015,170.37
2025-10-28,A000015,-320.47
2025-11-28,A000015,153.88
2025-12-28,A000015,-677.37
2026-01-28,A000015,-968.42
2026-02-28,A000015,-565.26
2026-03-28,A000015,-489.12
2026-04-28,A000015,-1255.98
2026-05-28,A000015,-2158.92
2026-06-28,A000015,-1851.26
2025-07-28,A000016,9858.47
2025-08-28,A000016,9723.92
2025-09-28,A000016,9451.06
2025-10-28,A000016,9182.31
2025-11-28,A000016,9717.53
2025-12-28,A000016,10170.59
2026-01-28,A000016,9895.51
2026-02-28,A000016,10328.2
2026-03-28,A000016,10535.53
2026-04-28,A000016,11213.83
2026-05-28,A000016,11706.75
2026-06-28,A000016,12287.97
2025-07-28,A000017,629.68
2025-08-28,A000017,-131.91
2025-09-28,A000017,-42.28
2025-10-28,A000017,-144.47
2025-11-28,A000017,-726.71
2025-12-28,A000017,-791.71
2026-01-28,A000017,-1344.12
2026-02-28,A000017,-1106.92
2026-03-28,A000017,-1357.17
2026-04-28,A000017,-1405.82
2026-05-28,A000017,-2110.04
2026-06-28,A000017,-2188.53
2025-07-28,A000018,12497.91
2025-08-28,A000018,13247.87
2025-09-28,A000018,12701.79
2025-10-28,A000018,12419.65
2025-11-28,A000018,11813.83
2025-12-28,A000018,11273.02
2026-01-28,A000018,10782.99
2026-02-28,A000018,10210.22
2026-03-28,A000018,10343.78
2026-04-28,A000018,10815.26
2026-05-28,A000018,10430.13
2026-06-28,A000018,10273.31
2025-07-28,A000019,1433.89
2025-08-28,A000019,1257.02
2025-09-28,A000019,1010.41
2025-10-28,A000019,1152.04
2025-11-28,A000019,1783.64
2025-12-28,A000019,1901.87
2026-01-28,A000019,2300.5
2026-02-28,A000019,2406.7
2026-03-28,A000019,2560.73
2026-04-28,A000019,2769.86
2026-05-28,A000019,2687.01
2026-06-28,A000019,2450.72
2025-07-28,A000020,13511.01
2025-08-28,A000020,14342.27
2025-09-28,A000020,14666.0
2025-10-28,A000020,15451.53
2025-11-28,A000020,17172.77
2025-12-28,A000020,16883.08
2026-01-28,A000020,17692.48
2026-02-28,A000020,18260.94
2026-03-28,A000020,19820.4
2026-04-28,A000020,20413.01
2026-05-28,A000020,21160.93
2026-06-28,A000020,22053.23
2025-07-28,A000021,10944.06
2025-08-28,A000021,10988.41
2025-09-28,A000021,10714.88
2025-10-28,A000021,10619.61
2025-11-28,A000021,10378.27
2025-12-28,A000021,10611.75
2026-01-28,A000021,10827.87
2026-02-28,A000021,11284.07
2026-03-28,A000021,11601.74
2026-04-28,A000021,11637.02
2026-05-28,A000021,11433.56
2026-06-28,A000021,11762.92
2025-07-28,A000022,8229.53
2025-08-28,A000022,7173.11
2025-09-28,A000022,6971.6
2025-10-28,A000022,7621.95
2025-11-28,A000022,6667.09
2025-12-28,A000022,6813.96
2026-01-28,A000022,6334.57
2026-02-28,A000022,7157.56
2026-03-28,A000022,6270.63
2026-04-28,A000022,6642.9
2026-05-28,A000022,6275.1
2026-06-28,A000022,6023.74
2025-07-28,A000023,14064.0
2025-08-28,A000023,14510.9
2025-09-28,A000023,14244.73
2025-10-28,A000023,14464.04
2025-11-28,A000023,15024.52
2025-12-28,A000023,14438.44
2026-01-28,A000023,14931.58
2026-02-28,A000023,15095.14
2026-03-28,A000023,14485.3
2026-04-28,A000023,15756.26
2026-05-28,A000023,15654.9
2026-06-28,A000023,16210.69
2025-07-28,A000024,13943.4
2025-08-28,A000024,14488.35
2025-09-28,A000024,14458.3
2025-10-28,A000024,13778.7
2025-11-28,A000024,14035.16
2025-12-28,A000024,12814.4
2026-01-28,A000024,12312.4
2026-02-28,A000024,12227.15
2026-03-28,A000024,12076.22
2026-04-28,A000024,12776.34
2026-05-28,A000024,12796.3
2026-06-28,A000024,11804.33
2025-07-28,A000025,15650.0
2025-08-28,A000025,14960.01
2025-09-28,A000025,16419.42
2025-10-28,A000025,18198.15
2025-11-28,A000025,19824.94
2025-12-28,A000025,20193.28
2026-01-28,A000025,20238.03
2026-02-28,A000025,21610.33
2026-03-28,A000025,23114.82
2026-04-28,A000025,22822.31
2026-05-28,A000025,23048.53
2026-06-28,A000025,24159.22
2025-07-28,A000026,4314.59
2025-08-28,A000026,4940.65
2025-09-28,A000026,4284.17
2025-10-28,A000026,5098.27
2025-11-28,A000026,4941.14
2025-12-28,A000026,6392.19
2026-01-28,A000026,7480.46
2026-02-28,A000026,8827.32
2026-03-28,A000026,9368.86
2026-04-28,A000026,10404.11
2026-05-28,A000026,10534.44
2026-06-28,A000026,11845.3
2025-07-28,A000027,4335.17
2025-08-28,A000027,4293.7
2025-09-28,A000027,4111.5
2025-10-28,A000027,4297.83
2025-11-28,A000027,4641.53
2025-12-28,A000027,4940.77
2026-01-28,A000027,5122.33
2026-02-28,A000027,5359.6
2026-03-28,A000027,5235.67
2026-04-28,A000027,5457.4
2026-05-28,A000027,5612.37
2026-06-28,A000027,5736.88
2025-07-28,A000028,17269.04
2025-08-28,A000028,17852.91
2025-09-28,A000028,17272.44
2025-10-28,A000028,16882.36
2025-11-28,A000028,16998.55
2025-12-28,A000028,17004.93
2026-01-28,A000028,18047.13
2026-02-28,A000028,17884.69
2026-03-28,A000028,18436.37
2026-04-28,A000028,19023.48
2026-05-28,A000028,19809.23
2026-06-28,A000028,19344.19
2025-07-28,A000029,11053.38
2025-08-28,A000029,11726.21
2025-09-28,A000029,11594.54
2025-10-28,A000029,11903.21
2025-11-28,A000029,11499.62
2025-12-28,A000029,12472.18
2026-01-28,A000029,12671.24
2026-02-28,A000029,12485.36
2026-03-28,A000029,13068.51
2026-04-28,A000029,12588.84
2026-05-28,A000029,12637.49
2026-06-28,A000029,13523.17
2025-07-28,A000030,17749.98
2025-08-28,A000030,19505.28
2025-09-28,A000030,20421.82
2025-10-28,A000030,21659.63
2025-11-28,A000030,22015.47
2025-12-28,A000030,21241.82
2026-01-28,A000030,21444.92
2026-02-28,A000030,21548.86
2026-03-28,A000030,22699.56
2026-04-28,A000030,22921.3
2026-05-28,A000030,23095.67
2026-06-28,A000030,23504.86
2025-07-28,A000031,7573.07
2025-08-28,A000031,7302.39
2025-09-28,A000031,7344.0
2025-10-28,A000031,7622.86
2025-11-28,A000031,8137.93
2025-12-28,A000031,8053.7
2026-01-28,A000031,8605.6
2026-02-28,A000031,8653.27
2026-03-28,A000031,8471.08
2026-04-28,A000031,8871.09
2026-05-28,A000031,8846.66
2026-06-28,A000031,9244.95
2025-07-28,A000032,14983.58
2025-08-28,A000032,14443.26
2025-09-28,A000032,16341.16
2025-10-28,A000032,17231.96
2025-11-28,A000032,17639.6
2025-12-28,A000032,19204.81
2026-01-28,A000032,20733.02
2026-02-28,A000032,22312.69
2026-03-28,A000032,23813.48
2026-04-28,A000032,25236.32
2026-05-28,A000032,25044.23
2026-06-28,A000032,26078.02
2025-07-28,A000033,2454.75
2025-08-28,A000033,2231.73
2025-09-28,A000033,3219.02
2025-10-28,A000033,3314.19
2025-11-28,A000033,3946.22
2025-12-28,A000033,4257.5
2026-01-28,A000033,4465.92
2026-02-28,A000033,5109.42
2026-03-28,A000033,5325.14
2026-04-28,A000033,5568.18
2026-05-28,A000033,5051.1
2026-06-28,A000033,6043.14
2025-07-28,A000034,10821.62
2025-08-28,A000034,10296.99
2025-09-28,A000034,10546.46
2025-10-28,A000034,10904.67
2025-11-28,A000034,10958.59
2025-12-28,A000034,11808.46
2026-01-28,A000034,12367.68
2026-02-28,A000034,12096.75
2026-03-28,A000034,12233.1
2026-04-28,A000034,13193.2
2026-05-28,A000034,13844.33
2026-06-28,A000034,14601.41
2025-07-28,A000035,17716.56
2025-08-28,A000035,18283.3
2025-09-28,A000035,18538.65
2025-10-28,A000035,19932.79
2025-11-28,A000035,20623.01
2025-12-28,A000035,20886.01
2026-01-28,A000035,20334.15
2026-02-28,A000035,21337.02
2026-03-28,A000035,22076.13
2026-04-28,A000035,22090.13
2026-05-28,A000035,21835.35
2026-06-28,A000035,22315.81
2025-07-28,A000036,2127.54
2025-08-28,A000036,2313.21
2025-09-28,A000036,2930.53
2025-10-28,A000036,3049.66
2025-11-28,A000036,3433.18
2025-12-28,A000036,3908.56
2026-01-28,A000036,4079.79
2026-02-28,A000036,4624.05
2026-03-28,A000036,4913.29
2026-04-28,A000036,4780.1
2026-05-28,A000036,4768.8
2026-06-28,A000036,4706.42
2025-07-28,A000037,3311.88
2025-08-28,A000037,4072.64
2025-09-28,A000037,3821.09
2025-10-28,A000037,3227.02
2025-11-28,A000037,4482.2
2025-12-28,A000037,5139.82
2026-01-28,A000037,4845.78
2026-02-28,A000037,4734.47
2026-03-28,A000037,4127.56
2026-04-28,A000037,4776.14
2026-05-28,A000037,5464.83
2026-06-28,A000037,6006.52
2025-07-28,A000038,10146.52
2025-08-28,A000038,9846.27
2025-09-28,A000038,10291.94
2025-10-28,A000038,10722.29
2025-11-28,A000038,10888.33
2025-12-28,A000038,10786.06
2026-01-28,A000038,10814.62
2026-02-28,A000038,11374.65
2026-03-28,A000038,11604.66
2026-04-28,A000038,11384.28
2026-05-28,A000038,11224.98
2026-06-28,A000038,11447.19
2025-07-28,A000039,16600.4
2025-08-28,A000039,16738.59
2025-09-28,A000039,17668.5
2025-10-28,A000039,17582.86
2025-11-28,A000039,17217.41
2025-12-28,A000039,17021.22
2026-01-28,A000039,17212.01
2026-02-28,A000039,17688.86
2026-03-28,A000039,17805.49
2026-04-28,A000039,19040.62
2026-05-28,A000039,18371.8
2026-06-28,A000039,19415.49
2025-07-28,A000040,6487.01
2025-08-28,A000040,7362.42
2025-09-28,A000040,6841.34
2025-10-28,A000040,6823.03
2025-11-28,A000040,6779.32
2025-12-28,A000040,6768.95
2026-01-28,A000040,7810.46
2026-02-28,A000040,9009.65
2026-03-28,A000040,8748.38
2026-04-28,A000040,9783.09
2026-05-28,A000040,9509.27
2026-06-28,A000040,9964.79
2025-07-28,A000041,13619.96
2025-08-28,A000041,13929.7
2025-09-28,A000041,13649.76
2025-10-28,A000041,14431.66
2025-11-28,A000041,14944.27
2025-12-28,A000041,14958.87
2026-01-28,A000041,16858.15
2026-02-28,A000041,17704.84
2026-03-28,A000041,16813.54
2026-04-28,A000041,18122.75
2026-05-28,A000041,19094.08
2026-06-28,A000041,19324.78
2025-07-28,A000042,1177.96
2025-08-28,A000042,1557.47
2025-09-28,A000042,1911.22
2025-10-28,A000042,2844.6
2025-11-28,A000042,2669.38
2025-12-28,A000042,2600.01
2026-01-28,A000042,3337.08
2026-02-28,A000042,3847.85
2026-03-28,A000042,3568.11
2026-04-28,A000042,3853.62
2026-05-28,A000042,4245.28
2026-06-28,A000042,3853.23
2025-07-28,A000043,8701.12
2025-08-28,A000043,8735.55
2025-09-28,A000043,9091.43
2025-10-28,A000043,9075.55
2025-11-28,A000043,9385.04
2025-12-28,A000043,9712.87
2026-01-28,A000043,10247.31
2026-02-28,A000043,10808.43
2026-03-28,A000043,11189.86
2026-04-28,A000043,11149.26
2026-05-28,A000043,11674.93
2026-06-28,A000043,11756.53
2025-07-28,A000044,5910.0
2025-08-28,A000044,6683.38
2025-09-28,A000044,7670.77
2025-10-28,A000044,8005.28
2025-11-28,A000044,8246.86
2025-12-28,A000044,8856.91
2026-01-28,A000044,9557.51
2026-02-28,A000044,10339.68
2026-03-28,A000044,10547.28
2026-04-28,A000044,10134.12
2026-05-28,A000044,10077.35
2026-06-28,A000044,10408.07
2025-07-28,A000045,2827.4
2025-08-28,A000045,2618.47
2025-09-28,A000045,2497.07
2025-10-28,A000045,1640.83
2025-11-28,A000045,1743.08
2025-12-28,A000045,1325.54
2026-01-28,A000045,1000.32
2026-02-28,A000045,706.24
2026-03-28,A000045,281.72
2026-04-28,A000045,-557.54
2026-05-28,A000045,-862.11
2026-06-28,A000045,-1631.27
2025-07-28,A000046,16667.63
2025-08-28,A000046,16793.21
2025-09-28,A000046,17686.13
2025-10-28,A000046,18857.51
2025-11-28,A000046,19954.92
2025-12-28,A000046,21134.75
2026-01-28,A000046,22018.72
2026-02-28,A000046,21789.66
2026-03-28,A000046,21792.5
2026-04-28,A000046,22446.23
2026-05-28,A000046,22569.29
2026-06-28,A000046,22107.79
2025-07-28,A000047,6950.57
2025-08-28,A000047,7521.21
2025-09-28,A000047,7109.32
2025-10-28,A000047,6742.95
2025-11-28,A000047,6056.09
2025-12-28,A000047,6630.12
2026-01-28,A000047,5918.42
2026-02-28,A000047,5286.59
2026-03-28,A000047,5026.57
2026-04-28,A000047,4758.67
2026-05-28,A000047,4011.56
2026-06-28,A000047,3114.68
2025-07-28,A000048,13779.93
2025-08-28,A000048,13720.71
2025-09-28,A000048,13383.08
2025-10-28,A000048,13772.6
2025-11-28,A000048,14635.7
2025-12-28,A000048,14859.26
2026-01-28,A000048,15874.41
2026-02-28,A000048,15273.51
2026-03-28,A000048,14470.08
2026-04-28,A000048,14413.09
2026-05-28,A000048,15714.89
2026-06-28,A000048,16099.59
2025-07-28,A000049,9924.43
2025-08-28,A000049,9111.56
2025-09-28,A000049,9310.81
2025-10-28,A000049,8282.7
2025-11-28,A000049,8959.37
2025-12-28,A000049,8864.12
2026-01-28,A000049,8069.84
2026-02-28,A000049,6988.95
2026-03-28,A000049,7749.67
2026-04-28,A000049,7766.21
2026-05-28,A000049,8575.72
2026-06-28,A000049,8181.29
2025-07-28,A000050,4607.68
2025-08-28,A000050,5965.11
2025-09-28,A000050,7063.12
2025-10-28,A000050,8120.58
2025-11-28,A000050,7520.45
2025-12-28,A000050,8811.37
2026-01-28,A000050,9229.29
2026-02-28,A000050,8985.69
2026-03-28,A000050,10369.67
2026-04-28,A000050,10564.62
2026-05-28,A000050,9960.7
2026-06-28,A000050,10943.57
2025-07-28,A000051,938.52
2025-08-28,A000051,603.02
2025-09-28,A000051,2251.39
2025-10-28,A000051,2526.27
2025-11-28,A000051,2930.85
2025-12-28,A000051,4090.75
2026-01-28,A000051,4612.67
2026-02-28,A000051,4886.34
2026-03-28,A000051,5470.87
2026-04-28,A000051,5872.56
2026-05-28,A000051,5255.05
2026-06-28,A000051,5373.41
2025-07-28,A000052,8122.93
2025-08-28,A000052,8417.16
2025-09-28,A000052,8987.81
2025-10-28,A000052,9357.25
2025-11-28,A000052,10751.8
2025-12-28,A000052,10860.13
2026-01-28,A000052,11764.2
2026-02-28,A000052,12200.19
2026-03-28,A000052,12273.68
2026-04-28,A000052,13537.99
2026-05-28,A000052,12869.55
2026-06-28,A000052,12500.49
2025-07-28,A000053,5429.96
2025-08-28,A000053,5654.31
2025-09-28,A000053,6654.51
2025-10-28,A000053,5850.54
2025-11-28,A000053,7440.09
2025-12-28,A000053,7387.97
2026-01-28,A000053,7159.09
2026-02-28,A000053,8738.13
2026-03-28,A000053,10310.83
2026-04-28,A000053,10408.4
2026-05-28,A000053,12013.97
2026-06-28,A000053,12681.6
2025-07-28,A000054,4308.53
2025-08-28,A000054,3997.54
2025-09-28,A000054,4195.8
2025-10-28,A000054,4665.04
2025-11-28,A000054,4633.46
2025-12-28,A000054,4710.52
2026-01-28,A000054,4499.26
2026-02-28,A000054,4192.64
2026-03-28,A000054,4378.01
2026-04-28,A000054,4845.83
2026-05-28,A000054,5508.4
2026-06-28,A000054,6023.69
2025-07-28,A000055,1396.69
2025-08-28,A000055,1147.86
2025-09-28,A000055,1752.0
2025-10-28,A000055,1948.07
2025-11-28,A000055,2600.31
2025-12-28,A000055,2394.52
2026-01-28,A000055,2934.21
2026-02-28,A000055,3021.68
2026-03-28,A000055,2753.59
2026-04-28,A000055,2627.93
2026-05-28,A000055,3009.58
2026-06-28,A000055,3668.13
2025-07-28,A000056,7405.94
2025-08-28,A000056,8078.85
2025-09-28,A000056,8138.16
2025-10-28,A000056,8708.09
2025-11-28,A000056,8935.69
2025-12-28,A000056,9372.86
2026-01-28,A000056,9531.07
2026-02-28,A000056,9389.29
2026-03-28,A000056,9019.58
2026-04-28,A000056,9248.81
2026-05-28,A000056,9088.45
2026-06-28,A000056,9766.58
2025-07-28,A000057,10590.54
2025-08-28,A000057,10038.92
2025-09-28,A000057,8991.43
2025-10-28,A000057,7658.34
2025-11-28,A000057,8939.34
2025-12-28,A000057,10922.88
2026-01-28,A000057,12893.54
2026-02-28,A000057,14720.42
2026-03-28,A000057,15421.23
2026-04-28,A000057,15354.01
2026-05-28,A000057,17187.86
2026-06-28,A000057,17815.4
2025-07-28,A000058,10852.8
2025-08-28,A000058,10971.14
2025-09-28,A000058,11726.76
2025-10-28,A000058,12906.98
2025-11-28,A000058,13316.68
2025-12-28,A000058,13215.61
2026-01-28,A000058,13073.7
2026-02-28,A000058,12890.96
2026-03-28,A000058,13559.81
2026-04-28,A000058,13176.83
2026-05-28,A000058,13864.31
2026-06-28,A000058,14808.02
2025-07-28,A000059,6344.76
2025-08-28,A000059,5620.54
2025-09-28,A000059,6552.06
2025-10-28,A000059,7476.42
2025-11-28,A000059,8090.96
2025-12-28,A000059,8497.08
2026-01-28,A000059,9982.83
2026-02-28,A000059,9501.85
2026-03-28,A000059,9693.31
2026-04-28,A000059,9780.28
2026-05-28,A000059,10094.6
2026-06-28,A000059,10668.31
2025-07-28,A000060,14599.75
2025-08-28,A000060,15642.0
2025-09-28,A000060,15619.66
2025-10-28,A000060,16123.9
2025-11-28,A000060,16019.12
2025-12-28,A000060,17014.52
2026-01-28,A000060,18102.6
2026-02-28,A000060,18823.54
2026-03-28,A000060,18250.9
2026-04-28,A000060,19417.73
2026-05-28,A000060,19696.03
2026-06-28,A000060,19844.3
2025-07-28,A000061,6486.97
2025-08-28,A000061,6696.15
2025-09-28,A000061,7273.8
2025-10-28,A000061,6783.05
2025-11-28,A000061,7239.31
2025-12-28,A000061,7369.73
2026-01-28,A000061,7143.0
2026-02-28,A000061,7948.75
2026-03-28,A000061,8998.38
2026-04-28,A000061,8792.27
2026-05-28,A000061,9084.69
2026-06-28,A000061,8569.16
2025-07-28,A000062,10601.77
2025-08-28,A000062,11729.46
2025-09-28,A000062,11206.02
2025-10-28,A000062,11248.14
2025-11-28,A000062,12264.58
2025-12-28,A000062,12423.21
2026-01-28,A000062,12926.66
2026-02-28,A000062,13715.1
2026-03-28,A000062,14686.87
2026-04-28,A000062,14840.34
2026-05-28,A000062,16340.94
2026-06-28,A000062,17174.44
2025-07-28,A000063,2145.98
2025-08-28,A000063,1813.35
2025-09-28,A000063,2091.13
2025-10-28,A000063,1465.05
2025-11-28,A000063,1620.34
2025-12-28,A000063,1621.35
2026-01-28,A000063,1361.78
2026-02-28,A000063,496.28
2026-03-28,A000063,-96.56
2026-04-28,A000063,137.34
2026-05-28,A000063,-18.28
2026-06-28,A000063,-693.63
2025-07-28,A000064,4726.61
2025-08-28,A000064,5115.55
2025-09-28,A000064,5287.28
2025-10-28,A000064,5645.29
2025-11-28,A000064,6305.35
2025-12-28,A000064,6861.11
2026-01-28,A000064,7201.18
2026-02-28,A000064,6889.61
2026-03-28,A000064,6939.2
2026-04-28,A000064,7124.79
2026-05-28,A000064,7672.85
2026-06-28,A000064,8149.99
2025-07-28,A000065,2666.7
2025-08-28,A000065,3602.3
2025-09-28,A000065,4148.31
2025-10-28,A000065,3735.36
2025-11-28,A000065,4069.52
2025-12-28,A000065,4443.45
2026-01-28,A000065,5501.26
2026-02-28,A000065,5705.75
2026-03-28,A000065,6562.27
2026-04-28,A000065,7289.68
2026-05-28,A000065,7385.31
2026-06-28,A000065,8137.69
2025-07-28,A000066,15160.23
2025-08-28,A000066,14805.91
2025-09-28,A000066,14831.55
2025-10-28,A000066,15937.32
2025-11-28,A000066,16387.89
2025-12-28,A000066,17205.43
2026-01-28,A000066,16941.77
2026-02-28,A000066,16333.81
2026-03-28,A000066,17235.52
2026-04-28,A000066,17421.88
2026-05-28,A000066,18743.72
2026-06-28,A000066,18104.96
2025-07-28,A000067,2480.06
2025-08-28,A000067,3850.76
2025-09-28,A000067,4469.05
2025-10-28,A000067,4346.34
2025-11-28,A000067,5539.02
2025-12-28,A000067,6332.61
2026-01-28,A000067,6094.07
2026-02-28,A000067,6836.02
2026-03-28,A000067,7030.41
2026-04-28,A000067,6838.89
2026-05-28,A000067,7442.35
2026-06-28,A000067,8605.61
2025-07-28,A000068,9805.45
2025-08-28,A000068,10038.1
2025-09-28,A000068,10783.89
2025-10-28,A000068,10542.11
2025-11-28,A000068,10886.35
2025-12-28,A000068,11605.79
2026-01-28,A000068,12614.46
2026-02-28,A000068,13554.13
2026-03-28,A000068,13180.75
2026-04-28,A000068,12617.82
2026-05-28,A000068,14084.14
2026-06-28,A000068,14773.57
2025-07-28,A000069,6504.91
2025-08-28,A000069,5867.14
2025-09-28,A000069,5428.31
2025-10-28,A000069,6262.77
2025-11-28,A000069,5470.21
2025-12-28,A000069,4133.34
2026-01-28,A000069,3472.31
2026-02-28,A000069,2570.05
2026-03-28,A000069,1484.53
2026-04-28,A000069,1749.93
2026-05-28,A000069,2088.95
2026-06-28,A000069,2685.93
2025-07-28,A000070,1143.62
2025-08-28,A000070,1592.07
2025-09-28,A000070,1646.38
2025-10-28,A000070,2532.45
2025-11-28,A000070,2549.21
2025-12-28,A000070,2502.78
2026-01-28,A000070,2113.41
2026-02-28,A000070,1783.99
2026-03-28,A000070,1887.63
2026-04-28,A000070,2524.99
2026-05-28,A000070,1963.53
2026-06-28,A000070,787.87
2025-07-28,A000071,15427.13
2025-08-28,A000071,15078.39
2025-09-28,A000071,15256.19
2025-10-28,A000071,14676.0
2025-11-28,A000071,14015.63
2025-12-28,A000071,13551.26
2026-01-28,A000071,13244.09
2026-02-28,A000071,13236.14
2026-03-28,A000071,12759.35
2026-04-28,A000071,12682.25
2026-05-28,A000071,11941.19
2026-06-28,A000071,11242.4
2025-07-28,A000072,6373.2
2025-08-28,A000072,7082.59
2025-09-28,A000072,7186.2
2025-10-28,A000072,7828.39
2025-11-28,A000072,7895.47
2025-12-28,A000072,7221.56
2026-01-28,A000072,8322.56
2026-02-28,A000072,9171.36
2026-03-28,A000072,8425.97
2026-04-28,A000072,8592.49
2026-05-28,A000072,10272.92
2026-06-28,A000072,9210.26
2025-07-28,A000073,2927.41
2025-08-28,A000073,3705.49
2025-09-28,A000073,3975.28
2025-10-28,A000073,4317.18
2025-11-28,A000073,4234.8
2025-12-28,A000073,4962.49
2026-01-28,A000073,5567.95
2026-02-28,A000073,5479.67
2026-03-28,A000073,5906.0
2026-04-28,A000073,6418.89
2026-05-28,A000073,7269.48
2026-06-28,A000073,7101.4
2025-07-28,A000074,10209.1
2025-08-28,A000074,10224.87
2025-09-28,A000074,10343.88
2025-10-28,A000074,9920.5
2025-11-28,A000074,10169.66
2025-12-28,A000074,10135.09
2026-01-28,A000074,9898.27
2026-02-28,A000074,9550.3
2026-03-28,A000074,9840.06
2026-04-28,A000074,10815.12
2026-05-28,A000074,10436.01
2026-06-28,A000074,10330.65
2025-07-28,A000075,12742.46
2025-08-28,A000075,13784.46
2025-09-28,A000075,13504.56
2025-10-28,A000075,14246.65
2025-11-28,A000075,15371.35
2025-12-28,A000075,16663.77
2026-01-28,A000075,16307.88
2026-02-28,A000075,17132.08
2026-03-28,A000075,17271.75
2026-04-28,A000075,17011.53
2026-05-28,A000075,16386.98
2026-06-28,A000075,16687.45
2025-07-28,A000076,7910.37
2025-08-28,A000076,7825.4
2025-09-28,A000076,8073.74
2025-10-28,A000076,9034.64
2025-11-28,A000076,9146.64
2025-12-28,A000076,10049.34
2026-01-28,A000076,10264.04
2026-02-28,A000076,10530.41
2026-03-28,A000076,11234.76
2026-04-28,A000076,11164.21
2026-05-28,A000076,10472.21
2026-06-28,A000076,9340.71
2025-07-28,A000077,15038.23
2025-08-28,A000077,14534.75
2025-09-28,A000077,15224.81
2025-10-28,A000077,15610.03
2025-11-28,A000077,16744.92
2025-12-28,A000077,16358.43
2026-01-28,A000077,15932.22
2026-02-28,A000077,15822.3
2026-03-28,A000077,16208.88
2026-04-28,A000077,16050.54
2026-05-28,A000077,16379.46
2026-06-28,A000077,17217.69
2025-07-28,A000078,9199.44
2025-08-28,A000078,10511.55
2025-09-28,A000078,11201.6
2025-10-28,A000078,12970.09
2025-11-28,A000078,12724.01
2025-12-28,A000078,12108.2
2026-01-28,A000078,12997.43
2026-02-28,A000078,12179.91
2026-03-28,A000078,12863.93
2026-04-28,A000078,14498.2
2026-05-28,A000078,14944.75
2026-06-28,A000078,14206.91
2025-07-28,A000079,13609.77
2025-08-28,A000079,13398.07
2025-09-28,A000079,13382.17
2025-10-28,A000079,13279.82
2025-11-28,A000079,13467.24
2025-12-28,A000079,13368.93
2026-01-28,A000079,13097.18
2026-02-28,A000079,13649.92
2026-03-28,A000079,13866.03
2026-04-28,A000079,14287.5
2026-05-28,A000079,14708.33
2026-06-28,A000079,14697.23
2025-07-28,A000080,15549.93
2025-08-28,A000080,16115.43
2025-09-28,A000080,15354.66
2025-10-28,A000080,15645.28
2025-11-28,A000080,16506.93
2025-12-28,A000080,15982.64
2026-01-28,A000080,15314.56
2026-02-28,A000080,16753.71
2026-03-28,A000080,17812.48
2026-04-28,A000080,18406.63
2026-05-28,A000080,18799.77
2026-06-28,A000080,19729.91
2025-07-28,A000081,9909.81
2025-08-28,A000081,8502.64
2025-09-28,A000081,8034.25
2025-10-28,A000081,7757.36
2025-11-28,A000081,8628.33
2025-12-28,A000081,9272.14
2026-01-28,A000081,8232.36
2026-02-28,A000081,9769.26
2026-03-28,A000081,10830.23
2026-04-28,A000081,9933.76
2026-05-28,A000081,10495.51
2026-06-28,A000081,11690.82
2025-07-28,A000082,8744.13
2025-08-28,A000082,9639.31
2025-09-28,A000082,10032.33
2025-10-28,A000082,10131.92
2025-11-28,A000082,10547.49
2025-12-28,A000082,11541.21
2026-01-28,A000082,11549.29
2026-02-28,A000082,12138.91
2026-03-28,A000082,13206.41
2026-04-28,A000082,13309.21
2026-05-28,A000082,13222.91
2026-06-28,A000082,14512.1
2025-07-28,A000083,-75.71
2025-08-28,A000083,798.32
2025-09-28,A000083,964.97
2025-10-28,A000083,1709.16
2025-11-28,A000083,1415.96
2025-12-28,A000083,980.97
2026-01-28,A000083,916.41
2026-02-28,A000083,1663.49
2026-03-28,A000083,2568.61
2026-04-28,A000083,3181.19
2026-05-28,A000083,3278.21
2026-06-28,A000083,3355.11
2025-07-28,A000084,3272.8
2025-08-28,A000084,4352.74
2025-09-28,A000084,4830.69
2025-10-28,A000084,5117.81
2025-11-28,A000084,4547.96
2025-12-28,A000084,5093.26
2026-01-28,A000084,4945.32
2026-02-28,A000084,5524.31
2026-03-28,A000084,6393.17
2026-04-28,A000084,6344.72
2026-05-28,A000084,6611.94
2026-06-28,A000084,6425.9
2025-07-28,A000085,11323.76
2025-08-28,A000085,10694.51
2025-09-28,A000085,9915.02
2025-10-28,A000085,9574.31
2025-11-28,A000085,9386.34
2025-12-28,A000085,9663.09
2026-01-28,A000085,10208.43
2026-02-28,A000085,9361.33
2026-03-28,A000085,8978.45
2026-04-28,A000085,8657.86
2026-05-28,A000085,7762.29
2026-06-28,A000085,7632.59
2025-07-28,A000086,11202.3
2025-08-28,A000086,11569.7
2025-09-28,A000086,12506.31
2025-10-28,A000086,12990.25
2025-11-28,A000086,13981.18
2025-12-28,A000086,13513.18
2026-01-28,A000086,13789.71
2026-02-28,A000086,14002.02
2026-03-28,A000086,13672.57
2026-04-28,A000086,13518.76
2026-05-28,A000086,14419.99
2026-06-28,A000086,15435.51
2025-07-28,A000087,7472.75
2025-08-28,A000087,9167.03
2025-09-28,A000087,11131.18
2025-10-28,A000087,11772.79
2025-11-28,A000087,12924.38
2025-12-28,A000087,13466.09
2026-01-28,A000087,14066.43
2026-02-28,A000087,13029.87
2026-03-28,A000087,12443.63
2026-04-28,A000087,14092.97
2026-05-28,A000087,15956.03
2026-06-28,A000087,15511.52
2025-07-28,A000088,8738.68
2025-08-28,A000088,10337.03
2025-09-28,A000088,9856.48
2025-10-28,A000088,9559.2
2025-11-28,A000088,11505.39
2025-12-28,A000088,10992.56
2026-01-28,A000088,10960.48
2026-02-28,A000088,12560.69
2026-03-28,A000088,12158.32
2026-04-28,A000088,11474.56
2026-05-28,A000088,11654.5
2026-06-28,A000088,11883.75
2025-07-28,A000089,4097.89
2025-08-28,A000089,3787.91
2025-09-28,A000089,4373.3
2025-10-28,A000089,4375.51
2025-11-28,A000089,4389.0
2025-12-28,A000089,4071.16
2026-01-28,A000089,3971.98
2026-02-28,A000089,4027.92
2026-03-28,A000089,3824.09
2026-04-28,A000089,4041.94
2026-05-28,A000089,4721.2
2026-06-28,A000089,4471.61
2025-07-28,A000090,16261.19
2025-08-28,A000090,16803.59
2025-09-28,A000090,16573.66
2025-10-28,A000090,16555.89
2025-11-28,A000090,17151.35
2025-12-28,A000090,16982.45
2026-01-28,A000090,17273.34
2026-02-28,A000090,17571.98
2026-03-28,A000090,18215.82
2026-04-28,A000090,17999.03
2026-05-28,A000090,18334.39
2026-06-28,A000090,18190.47
2025-07-28,A000091,16437.82
2025-08-28,A000091,16873.85
2025-09-28,A000091,18196.71
2025-10-28,A000091,19518.18
2025-11-28,A000091,18767.36
2025-12-28,A000091,18177.98
2026-01-28,A000091,18227.55
2026-02-28,A000091,17755.54
2026-03-28,A000091,17668.8
2026-04-28,A000091,17508.83
2026-05-28,A000091,19104.0
2026-06-28,A000091,20007.8
2025-07-28,A000092,12404.7
2025-08-28,A000092,12852.3
2025-09-28,A000092,13597.07
2025-10-28,A000092,13372.77
2025-11-28,A000092,14180.29
2025-12-28,A000092,13933.63
2026-01-28,A000092,14244.43
2026-02-28,A000092,14884.88
2026-03-28,A000092,15742.89
2026-04-28,A000092,15987.5
2026-05-28,A000092,15634.07
2026-06-28,A000092,15983.43
2025-07-28,A000093,886.4
2025-08-28,A000093,1531.88
2025-09-28,A000093,1057.7
2025-10-28,A000093,1949.43
2025-11-28,A000093,2788.13
2025-12-28,A000093,2649.52
2026-01-28,A000093,2613.76
2026-02-28,A000093,3042.35
2026-03-28,A000093,3135.8
2026-04-28,A000093,4206.93
2026-05-28,A000093,4477.9
2026-06-28,A000093,4217.66
2025-07-28,A000094,637.62
2025-08-28,A000094,1280.58
2025-09-28,A000094,2991.54
2025-10-28,A000094,3452.3
2025-11-28,A000094,4087.62
2025-12-28,A000094,4797.23
2026-01-28,A000094,5678.53
2026-02-28,A000094,4872.73
2026-03-28,A000094,5183.44
2026-04-28,A000094,4737.49
2026-05-28,A000094,6453.21
2026-06-28,A000094,6874.54
2025-07-28,A000095,11951.81
2025-08-28,A000095,11629.76
2025-09-28,A000095,12399.47
2025-10-28,A000095,12301.89
2025-11-28,A000095,12587.46
2025-12-28,A000095,12127.58
2026-01-28,A000095,12054.67
2026-02-28,A000095,11829.53
2026-03-28,A000095,12304.82
2026-04-28,A000095,12265.94
2026-05-28,A000095,11787.28
2026-06-28,A000095,11299.38
2025-07-28,A000096,16452.2
2025-08-28,A000096,16204.46
2025-09-28,A000096,16371.63
2025-10-28,A000096,17717.88
2025-11-28,A000096,17717.73
2025-12-28,A000096,18849.84
2026-01-28,A000096,19026.83
2026-02-28,A000096,19268.17
2026-03-28,A000096,20842.07
2026-04-28,A000096,20059.61
2026-05-28,A000096,21209.31
2026-06-28,A000096,22559.93
2025-07-28,A000097,7596.77
2025-08-28,A000097,8778.72
2025-09-28,A000097,8266.65
2025-10-28,A000097,7767.34
2025-11-28,A000097,8748.01
2025-12-28,A000097,9669.96
2026-01-28,A000097,9507.47
2026-02-28,A000097,10415.67
2026-03-28,A000097,11039.43
2026-04-28,A000097,10459.18
2026-05-28,A000097,10614.05
2026-06-28,A000097,11524.44
2025-07-28,A000098,10648.8
2025-08-28,A000098,10500.78
2025-09-28,A000098,11010.04
2025-10-28,A000098,11140.8
2025-11-28,A000098,10948.38
2025-12-28,A000098,10906.06
2026-01-28,A000098,11100.24
2026-02-28,A000098,11192.27
2026-03-28,A000098,11487.31
2026-04-28,A000098,11731.91
2026-05-28,A000098,12261.63
2026-06-28,A000098,12513.39
2025-07-28,A000099,11232.44
2025-08-28,A000099,10721.51
2025-09-28,A000099,10277.07
2025-10-28,A000099,10966.35
2025-11-28,A000099,11118.28
2025-12-28,A000099,10717.45
2026-01-28,A000099,10376.22
2026-02-28,A000099,10294.72
2026-03-28,A000099,11020.13
2026-04-28,A000099,11882.99
2026-05-28,A000099,12676.16
2026-06-28,A000099,13872.04
2025-07-28,A000100,2299.53
2025-08-28,A000100,1944.89
2025-09-28,A000100,2397.38
2025-10-28,A000100,3097.4
2025-11-28,A000100,3117.11
2025-12-28,A000100,3398.12
2026-01-28,A000100,2981.08
2026-02-28,A000100,3739.7
2026-03-28,A000100,3583.93
2026-04-28,A000100,3950.02
2026-05-28,A000100,3567.73
2026-06-28,A000100,3532.36
2025-07-28,A000101,1139.0
2025-08-28,A000101,1846.48
2025-09-28,A000101,1840.73
2025-10-28,A000101,2056.89
2025-11-28,A000101,2261.13
2025-12-28,A000101,1955.75
2026-01-28,A000101,2323.71
2026-02-28,A000101,2936.81
2026-03-28,A000101,2710.52
2026-04-28,A000101,3173.66
2026-05-28,A000101,3451.22
2026-06-28,A000101,3102.47
2025-07-28,A000102,8526.48
2025-08-28,A000102,9776.14
2025-09-28,A000102,10073.22
2025-10-28,A000102,9645.25
2025-11-28,A000102,9118.34
2025-12-28,A000102,9077.9
2026-01-28,A000102,9682.47
2026-02-28,A000102,9895.41
2026-03-28,A000102,9217.53
2026-04-28,A000102,9815.25
2026-05-28,A000102,11215.1
2026-06-28,A000102,11943.5
2025-07-28,A000103,7936.48
2025-08-28,A000103,7625.1
2025-09-28,A000103,7416.35
2025-10-28,A000103,8182.18
2025-11-28,A000103,8930.19
2025-12-28,A000103,9221.49
2026-01-28,A000103,9609.68
2026-02-28,A000103,9455.1
2026-03-28,A000103,9790.52
2026-04-28,A000103,10221.29
2026-05-28,A000103,10667.38
2026-06-28,A000103,10618.27
2025-07-28,A000104,12881.54
2025-08-28,A000104,12081.37
2025-09-28,A000104,11113.56
2025-10-28,A000104,10650.11
2025-11-28,A000104,11159.18
2025-12-28,A000104,13016.83
2026-01-28,A000104,14316.4
2026-02-28,A000104,15060.44
2026-03-28,A000104,16453.4
2026-04-28,A000104,15855.93
2026-05-28,A000104,15138.13
2026-06-28,A000104,17241.59
2025-07-28,A000105,3359.38
2025-08-28,A000105,3973.92
2025-09-28,A000105,3685.73
2025-10-28,A000105,3486.25
2025-11-28,A000105,3271.12
2025-12-28,A000105,2835.2
2026-01-28,A000105,2859.06
2026-02-28,A000105,3648.17
2026-03-28,A000105,4482.05
2026-04-28,A000105,4385.03
2026-05-28,A000105,4172.0
2026-06-28,A000105,4233.85
2025-07-28,A000106,16387.7
2025-08-28,A000106,16511.09
2025-09-28,A000106,16282.17
2025-10-28,A000106,16331.65
2025-11-28,A000106,16442.76
2025-12-28,A000106,16526.56
2026-01-28,A000106,17231.09
2026-02-28,A000106,17060.99
2026-03-28,A000106,17357.22
2026-04-28,A000106,17876.94
2026-05-28,A000106,18292.48
2026-06-28,A000106,18148.71
2025-07-28,A000107,12353.72
2025-08-28,A000107,12871.75
2025-09-28,A000107,14112.17
2025-10-28,A000107,13970.18
2025-11-28,A000107,13834.99
2025-12-28,A000107,13968.02
2026-01-28,A000107,14511.6
2026-02-28,A000107,14891.35
2026-03-28,A000107,14209.59
2026-04-28,A000107,15168.1
2026-05-28,A000107,15459.96
2026-06-28,A000107,17187.39
2025-07-28,A000108,9424.14
2025-08-28,A000108,9094.78
2025-09-28,A000108,8729.95
2025-10-28,A000108,9239.1
2025-11-28,A000108,9660.14
2025-12-28,A000108,9851.33
2026-01-28,A000108,10478.36
2026-02-28,A000108,10757.11
2026-03-28,A000108,10886.51
2026-04-28,A000108,11418.74
2026-05-28,A000108,11511.09
2026-06-28,A000108,12218.37
2025-07-28,A000109,15550.14
2025-08-28,A000109,14930.82
2025-09-28,A000109,14188.38
2025-10-28,A000109,15063.06
2025-11-28,A000109,15306.87
2025-12-28,A000109,16473.46
2026-01-28,A000109,19249.67
2026-02-28,A000109,19013.45
2026-03-28,A000109,18035.05
2026-04-28,A000109,19218.25
2026-05-28,A000109,20972.07
2026-06-28,A000109,21375.81
2025-07-28,A000110,8669.65
2025-08-28,A000110,8375.18
2025-09-28,A000110,8974.88
2025-10-28,A000110,9913.92
2025-11-28,A000110,10309.97
2025-12-28,A000110,10196.48
2026-01-28,A000110,11092.52
2026-02-28,A000110,10970.63
2026-03-28,A000110,10564.03
2026-04-28,A000110,9971.98
2026-05-28,A000110,9754.52
2026-06-28,A000110,10738.18
2025-07-28,A000111,11917.3
2025-08-28,A000111,12234.47
2025-09-28,A000111,12621.8
2025-10-28,A000111,12598.61
2025-11-28,A000111,13097.75
2025-12-28,A000111,13052.12
2026-01-28,A000111,12968.76
2026-02-28,A000111,13370.1
2026-03-28,A000111,13807.43
2026-04-28,A000111,13764.15
2026-05-28,A000111,13891.19
2026-06-28,A000111,14044.16
2025-07-28,A000112,6689.99
2025-08-28,A000112,6428.26
2025-09-28,A000112,6542.72
2025-10-28,A000112,6336.5
2025-11-28,A000112,6510.26
2025-12-28,A000112,6990.8
2026-01-28,A000112,7495.32
2026-02-28,A000112,7430.82
2026-03-28,A000112,7758.74
2026-04-28,A000112,8259.17
2026-05-28,A000112,8340.23
2026-06-28,A000112,8340.09
2025-07-28,A000113,6737.0
2025-08-28,A000113,6332.87
2025-09-28,A000113,5640.64
2025-10-28,A000113,5523.56
2025-11-28,A000113,5447.17
2025-12-28,A000113,5056.6
2026-01-28,A000113,4928.81
2026-02-28,A000113,5049.56
2026-03-28,A000113,4781.35
2026-04-28,A000113,4086.51
2026-05-28,A000113,3598.99
2026-06-28,A000113,3497.14
2025-07-28,A000114,14745.91
2025-08-28,A000114,14898.72
2025-09-28,A000114,15355.14
2025-10-28,A000114,15094.76
2025-11-28,A000114,14772.22
2025-12-28,A000114,14519.74
2026-01-28,A000114,14166.81
2026-02-28,A000114,14192.24
2026-03-28,A000114,14201.59
2026-04-28,A000114,14150.62
2026-05-28,A000114,14096.07
2026-06-28,A000114,14638.71
2025-07-28,A000115,14900.08
2025-08-28,A000115,15007.11
2025-09-28,A000115,15088.94
2025-10-28,A000115,14855.15
2025-11-28,A000115,15369.44
2025-12-28,A000115,15475.89
2026-01-28,A000115,15556.68
2026-02-28,A000115,15949.77
2026-03-28,A000115,15940.14
2026-04-28,A000115,16103.32
2026-05-28,A000115,15981.49
2026-06-28,A000115,15651.77
2025-07-28,A000116,15643.55
2025-08-28,A000116,15556.65
2025-09-28,A000116,15059.81
2025-10-28,A000116,15939.02
2025-11-28,A000116,16923.5
2025-12-28,A000116,17963.79
2026-01-28,A000116,18323.1
2026-02-28,A000116,19324.68
2026-03-28,A000116,20065.04
2026-04-28,A000116,19661.84
2026-05-28,A000116,19401.11
2026-06-28,A000116,18840.92
2025-07-28,A000117,12333.26
2025-08-28,A000117,12930.26
2025-09-28,A000117,13243.76
2025-10-28,A000117,13685.39
2025-11-28,A000117,13831.88
2025-12-28,A000117,13260.43
2026-01-28,A000117,12994.16
2026-02-28,A000117,12757.82
2026-03-28,A000117,12528.37
2026-04-28,A000117,12616.75
2026-05-28,A000117,12938.73
2026-06-28,A000117,12503.06
2025-07-28,A000118,15955.0
2025-08-28,A000118,15948.89
2025-09-28,A000118,16287.37
2025-10-28,A000118,17141.48
2025-11-28,A000118,17534.56
2025-12-28,A000118,17500.98
2026-01-28,A000118,17691.94
2026-02-28,A000118,18461.18
2026-03-28,A000118,18077.03
2026-04-28,A000118,18906.98
2026-05-28,A000118,19131.97
2026-06-28,A000118,18823.18
2025-07-28,A000119,9972.05
2025-08-28,A000119,11113.28
2025-09-28,A000119,11798.66
2025-10-28,A000119,13409.31
2025-11-28,A000119,14898.74
2025-12-28,A000119,14270.4
2026-01-28,A000119,15396.33
2026-02-28,A000119,16091.76
2026-03-28,A000119,16999.17
2026-04-28,A000119,16728.96
2026-05-28,A000119,18339.29
2026-06-28,A000119,18398.94
2025-07-28,A000120,8709.5
2025-08-28,A000120,8354.85
2025-09-28,A000120,7505.32
2025-10-28,A000120,8922.34
2025-11-28,A000120,9674.89
2025-12-28,A000120,9114.01
2026-01-28,A000120,8611.72
2026-02-28,A000120,8488.45
2026-03-28,A000120,7892.37
2026-04-28,A000120,8338.82
2026-05-28,A000120,8912.92
2026-06-28,A000120,10176.76
2025-07-28,A000121,11090.9
2025-08-28,A000121,11713.1
2025-09-28,A000121,11401.52
2025-10-28,A000121,11867.49
2025-11-28,A000121,11769.66
2025-12-28,A000121,11489.35
2026-01-28,A000121,11751.15
2026-02-28,A000121,12283.18
2026-03-28,A000121,12652.88
2026-04-28,A000121,12604.98
2026-05-28,A000121,12612.61
2026-06-28,A000121,12574.92
2025-07-28,A000122,15300.86
2025-08-28,A000122,16061.32
2025-09-28,A000122,15637.73
2025-10-28,A000122,16018.84
2025-11-28,A000122,16955.71
2025-12-28,A000122,17821.95
2026-01-28,A000122,18191.99
2026-02-28,A000122,18686.21
2026-03-28,A000122,19527.5
2026-04-28,A000122,19108.59
2026-05-28,A000122,19870.54
2026-06-28,A000122,20332.62
2025-07-28,A000123,1163.17
2025-08-28,A000123,1034.06
2025-09-28,A000123,1376.75
2025-10-28,A000123,1446.41
2025-11-28,A000123,1891.41
2025-12-28,A000123,1576.01
2026-01-28,A000123,1257.0
2026-02-28,A000123,2192.84
2026-03-28,A000123,2375.74
2026-04-28,A000123,3033.05
2026-05-28,A000123,2813.65
2026-06-28,A000123,2465.7
2025-07-28,A000124,11235.32
2025-08-28,A000124,11233.41
2025-09-28,A000124,12437.82
2025-10-28,A000124,12211.5
2025-11-28,A000124,12842.99
2025-12-28,A000124,12398.5
2026-01-28,A000124,12499.22
2026-02-28,A000124,13525.53
2026-03-28,A000124,13698.83
2026-04-28,A000124,14241.73
2026-05-28,A000124,13361.94
2026-06-28,A000124,12843.52
2025-07-28,A000125,14798.59
2025-08-28,A000125,14026.32
2025-09-28,A000125,13474.99
2025-10-28,A000125,14305.57
2025-11-28,A000125,14064.21
2025-12-28,A000125,15610.67
2026-01-28,A000125,15106.73
2026-02-28,A000125,16202.77
2026-03-28,A000125,16063.25
2026-04-28,A000125,15641.46
2026-05-28,A000125,15956.93
2026-06-28,A000125,16735.48
2025-07-28,A000126,1928.37
2025-08-28,A000126,1354.68
2025-09-28,A000126,928.59
2025-10-28,A000126,1992.2
2025-11-28,A000126,2069.4
2025-12-28,A000126,2149.26
2026-01-28,A000126,1460.75
2026-02-28,A000126,1043.33
2026-03-28,A000126,1028.59
2026-04-28,A000126,2222.61
2026-05-28,A000126,2202.96
2026-06-28,A000126,3333.47
2025-07-28,A000127,7970.91
2025-08-28,A000127,7623.44
2025-09-28,A000127,7406.01
2025-10-28,A000127,6730.74
2025-11-28,A000127,6256.09
2025-12-28,A000127,6039.5
2026-01-28,A000127,5821.59
2026-02-28,A000127,5714.72
2026-03-28,A000127,5334.76
2026-04-28,A000127,5111.82
2026-05-28,A000127,5162.45
2026-06-28,A000127,5074.85
2025-07-28,A000128,7877.64
2025-08-28,A000128,7840.26
2025-09-28,A000128,7331.84
2025-10-28,A000128,7780.37
2025-11-28,A000128,8318.21
2025-12-28,A000128,8613.72
2026-01-28,A000128,10800.35
2026-02-28,A000128,10370.84
2026-03-28,A000128,11554.22
2026-04-28,A000128,11924.54
2026-05-28,A000128,11374.63
2026-06-28,A000128,11876.49
2025-07-28,A000129,4341.83
2025-08-28,A000129,4337.01
2025-09-28,A000129,4841.3
2025-10-28,A000129,5445.23
2025-11-28,A000129,6065.32
2025-12-28,A000129,6519.08
2026-01-28,A000129,6367.45
2026-02-28,A000129,6011.24
2026-03-28,A000129,6013.57
2026-04-28,A000129,6478.86
2026-05-28,A000129,6191.71
2026-06-28,A000129,6790.95
2025-07-28,A000130,16646.45
2025-08-28,A000130,16899.61
2025-09-28,A000130,17300.04
2025-10-28,A000130,18279.08
2025-11-28,A000130,19378.2
2025-12-28,A000130,18970.27
2026-01-28,A000130,19918.39
2026-02-28,A000130,19453.65
2026-03-28,A000130,19043.83
2026-04-28,A000130,19155.99
2026-05-28,A000130,20151.24
2026-06-28,A000130,21131.21
2025-07-28,A000131,5138.93
2025-08-28,A000131,5672.51
2025-09-28,A000131,5603.14
2025-10-28,A000131,5507.99
2025-11-28,A000131,5525.2
2025-12-28,A000131,5533.98
2026-01-28,A000131,6026.18
2026-02-28,A000131,6229.47
2026-03-28,A000131,6622.36
2026-04-28,A000131,6548.77
2026-05-28,A000131,6868.02
2026-06-28,A000131,7048.3
2025-07-28,A000132,3422.69
2025-08-28,A000132,2741.83
2025-09-28,A000132,3914.98
2025-10-28,A000132,3908.61
2025-11-28,A000132,4614.13
2025-12-28,A000132,4204.15
2026-01-28,A000132,5083.4
2026-02-28,A000132,5852.4
2026-03-28,A000132,6168.97
2026-04-28,A000132,7113.43
2026-05-28,A000132,8023.23
2026-06-28,A000132,7381.75
2025-07-28,A000133,15247.06
2025-08-28,A000133,15948.63
2025-09-28,A000133,16622.96
2025-10-28,A000133,17414.75
2025-11-28,A000133,17769.75
2025-12-28,A000133,18609.15
2026-01-28,A000133,18281.09
2026-02-28,A000133,18087.98
2026-03-28,A000133,18025.45
2026-04-28,A000133,18508.06
2026-05-28,A000133,18451.79
2026-06-28,A000133,18938.37
2025-07-28,A000134,17105.37
2025-08-28,A000134,17812.57
2025-09-28,A000134,18825.41
2025-10-28,A000134,19741.66
2025-11-28,A000134,20234.18
2025-12-28,A000134,20764.62
2026-01-28,A000134,21752.21
2026-02-28,A000134,22104.66
2026-03-28,A000134,21307.43
2026-04-28,A000134,20952.35
2026-05-28,A000134,22029.39
2026-06-28,A000134,22951.86
2025-07-28,A000135,4394.27
2025-08-28,A000135,5030.68
2025-09-28,A000135,5572.05
2025-10-28,A000135,5870.97
2025-11-28,A000135,6421.14
2025-12-28,A000135,6522.23
2026-01-28,A000135,7173.34
2026-02-28,A000135,7124.59
2026-03-28,A000135,6652.91
2026-04-28,A000135,6823.9
2026-05-28,A000135,6466.2
2026-06-28,A000135,6840.9
2025-07-28,A000136,12136.51
2025-08-28,A000136,11978.63
2025-09-28,A000136,13169.0
2025-10-28,A000136,14377.8
2025-11-28,A000136,14137.61
2025-12-28,A000136,14922.31
2026-01-28,A000136,15835.07
2026-02-28,A000136,15887.69
2026-03-28,A000136,16318.77
2026-04-28,A000136,16588.51
2026-05-28,A000136,17296.27
2026-06-28,A000136,17704.24
2025-07-28,A000137,13946.82
2025-08-28,A000137,13954.64
2025-09-28,A000137,14559.22
2025-10-28,A000137,14289.8
2025-11-28,A000137,14343.45
2025-12-28,A000137,14635.46
2026-01-28,A000137,15218.42
2026-02-28,A000137,15215.97
2026-03-28,A000137,15073.7
2026-04-28,A000137,15404.32
2026-05-28,A000137,15694.94
2026-06-28,A000137,16117.29
2025-07-28,A000138,7959.14
2025-08-28,A000138,8886.57
2025-09-28,A000138,8564.48
2025-10-28,A000138,8318.89
2025-11-28,A000138,8961.19
2025-12-28,A000138,8954.76
2026-01-28,A000138,9412.19
2026-02-28,A000138,9475.44
2026-03-28,A000138,9534.53
2026-04-28,A000138,10143.55
2026-05-28,A000138,10344.51
2026-06-28,A000138,10866.02
2025-07-28,A000139,14835.13
2025-08-28,A000139,15230.92
2025-09-28,A000139,15456.95
2025-10-28,A000139,15928.87
2025-11-28,A000139,16792.14
2025-12-28,A000139,17304.39
2026-01-28,A000139,17035.73
2026-02-28,A000139,17763.52
2026-03-28,A000139,17903.39
2026-04-28,A000139,18331.7
2026-05-28,A000139,18377.42
2026-06-28,A000139,18288.63
2025-07-28,A000140,11368.94
2025-08-28,A000140,10821.03
2025-09-28,A000140,11161.69
2025-10-28,A000140,11189.34
2025-11-28,A000140,12061.34
2025-12-28,A000140,12209.9
2026-01-28,A000140,12862.49
2026-02-28,A000140,12660.78
2026-03-28,A000140,12783.23
2026-04-28,A000140,12786.68
2026-05-28,A000140,13090.96
2026-06-28,A000140,14118.76
2025-07-28,A000141,2363.59
2025-08-28,A000141,3435.77
2025-09-28,A000141,4283.64
2025-10-28,A000141,5710.66
2025-11-28,A000141,5394.32
2025-12-28,A000141,5917.86
2026-01-28,A000141,6505.45
2026-02-28,A000141,5998.85
2026-03-28,A000141,6441.93
2026-04-28,A000141,7813.43
2026-05-28,A000141,7615.36
2026-06-28,A000141,7496.64
2025-07-28,A000142,9596.86
2025-08-28,A000142,10803.25
2025-09-28,A000142,11060.0
2025-10-28,A000142,12705.04
2025-11-28,A000142,13324.13
2025-12-28,A000142,12556.12
2026-01-28,A000142,11869.99
2026-02-28,A000142,13391.2
2026-03-28,A000142,14751.54
2026-04-28,A000142,14434.33
2026-05-28,A000142,14911.19
2026-06-28,A000142,15540.76
2025-07-28,A000143,13664.67
2025-08-28,A000143,13508.13
2025-09-28,A000143,13586.04
2025-10-28,A000143,13333.6
2025-11-28,A000143,13428.35
2025-12-28,A000143,13465.96
2026-01-28,A000143,13332.39
2026-02-28,A000143,13325.05
2026-03-28,A000143,13943.47
2026-04-28,A000143,13746.38
2026-05-28,A000143,13468.96
2026-06-28,A000143,13649.49
2025-07-28,A000144,5050.33
2025-08-28,A000144,5587.05
2025-09-28,A000144,5354.28
2025-10-28,A000144,5395.86
2025-11-28,A000144,6094.79
2025-12-28,A000144,5923.17
2026-01-28,A000144,6143.12
2026-02-28,A000144,6749.03
2026-03-28,A000144,6699.84
2026-04-28,A000144,6777.93
2026-05-28,A000144,6983.18
2026-06-28,A000144,6998.63
2025-07-28,A000145,18694.52
2025-08-28,A000145,18658.67
2025-09-28,A000145,19383.35
2025-10-28,A000145,19895.41
2025-11-28,A000145,20797.08
2025-12-28,A000145,20796.6
2026-01-28,A000145,21739.32
2026-02-28,A000145,22619.35
2026-03-28,A000145,22996.62
2026-04-28,A000145,23834.99
2026-05-28,A000145,23353.99
2026-06-28,A000145,23878.98
2025-07-28,A000146,9160.47
2025-08-28,A000146,9834.42
2025-09-28,A000146,9715.46
2025-10-28,A000146,9979.2
2025-11-28,A000146,9600.31
2025-12-28,A000146,9399.68
2026-01-28,A000146,10226.01
2026-02-28,A000146,10427.51
2026-03-28,A000146,11017.85
2026-04-28,A000146,11216.94
2026-05-28,A000146,11442.78
2026-06-28,A000146,11274.29
2025-07-28,A000147,7059.05
2025-08-28,A000147,7152.5
2025-09-28,A000147,8096.95
2025-10-28,A000147,7759.57
2025-11-28,A000147,7611.82
2025-12-28,A000147,8098.21
2026-01-28,A000147,9193.56
2026-02-28,A000147,10517.31
2026-03-28,A000147,10551.49
2026-04-28,A000147,10540.76
2026-05-28,A000147,10723.72
2026-06-28,A000147,10396.14
2025-07-28,A000148,11839.98
2025-08-28,A000148,13797.92
2025-09-28,A000148,13081.68
2025-10-28,A000148,13570.29
2025-11-28,A000148,14997.93
2025-12-28,A000148,16213.81
2026-01-28,A000148,17681.81
2026-02-28,A000148,17871.28
2026-03-28,A000148,17772.71
2026-04-28,A000148,17229.78
2026-05-28,A000148,16874.0
2026-06-28,A000148,17239.47
2025-07-28,A000149,5450.2
2025-08-28,A000149,5078.76
2025-09-28,A000149,5138.67
2025-10-28,A000149,5815.77
2025-11-28,A000149,6063.0
2025-12-28,A000149,6508.53
2026-01-28,A000149,6703.88
2026-02-28,A000149,6973.13
2026-03-28,A000149,7263.69
2026-04-28,A000149,7271.94
2026-05-28,A000149,8175.64
2026-06-28,A000149,7990.28
2025-07-28,A000150,2648.64
2025-08-28,A000150,2121.34
2025-09-28,A000150,3419.66
2025-10-28,A000150,4379.72
2025-11-28,A000150,5694.35
2025-12-28,A000150,4764.68
2026-01-28,A000150,5624.92
2026-02-28,A000150,5176.35
2026-03-28,A000150,6840.68
2026-04-28,A000150,8445.67
2026-05-28,A000150,9255.35
2026-06-28,A000150,8832.67
2025-07-28,A000151,2094.97
2025-08-28,A000151,2918.69
2025-09-28,A000151,3731.42
2025-10-28,A000151,3876.66
2025-11-28,A000151,4669.82
2025-12-28,A000151,5498.37
2026-01-28,A000151,5490.68
2026-02-28,A000151,6125.94
2026-03-28,A000151,6015.4
2026-04-28,A000151,6459.11
2026-05-28,A000151,6196.94
2026-06-28,A000151,6672.46
2025-07-28,A000152,470.85
2025-08-28,A000152,1155.48
2025-09-28,A000152,789.11
2025-10-28,A000152,1152.64
2025-11-28,A000152,1537.92
2025-12-28,A000152,1162.68
2026-01-28,A000152,699.09
2026-02-28,A000152,1927.28
2026-03-28,A000152,2313.45
2026-04-28,A000152,2841.01
2026-05-28,A000152,3928.17
2026-06-28,A000152,5077.2
2025-07-28,A000153,12366.95
2025-08-28,A000153,11646.89
2025-09-28,A000153,11290.78
2025-10-28,A000153,10684.01
2025-11-28,A000153,10855.21
2025-12-28,A000153,10432.09
2026-01-28,A000153,9807.1
2026-02-28,A000153,9771.69
2026-03-28,A000153,9207.95
2026-04-28,A000153,9015.16
2026-05-28,A000153,8752.12
2026-06-28,A000153,8427.53
2025-07-28,A000154,13534.92
2025-08-28,A000154,13857.23
2025-09-28,A000154,13597.0
2025-10-28,A000154,13735.73
2025-11-28,A000154,13926.85
2025-12-28,A000154,14164.11
2026-01-28,A000154,14407.36
2026-02-28,A000154,14788.59
2026-03-28,A000154,15257.76
2026-04-28,A000154,15433.34
2026-05-28,A000154,15869.93
2026-06-28,A000154,16084.22
2025-07-28,A000155,2935.94
2025-08-28,A000155,2705.92
2025-09-28,A000155,2751.72
2025-10-28,A000155,3454.5
2025-11-28,A000155,4126.65
2025-12-28,A000155,4639.85
2026-01-28,A000155,4934.58
2026-02-28,A000155,5699.18
2026-03-28,A000155,5436.82
2026-04-28,A000155,5460.1
2026-05-28,A000155,5683.31
2026-06-28,A000155,5481.58
2025-07-28,A000156,231.27
2025-08-28,A000156,1717.9
2025-09-28,A000156,1743.24
2025-10-28,A000156,2157.25
2025-11-28,A000156,1758.05
2025-12-28,A000156,1983.98
2026-01-28,A000156,2163.77
2026-02-28,A000156,1730.72
2026-03-28,A000156,2085.53
2026-04-28,A000156,3674.97
2026-05-28,A000156,4977.69
2026-06-28,A000156,6554.29
2025-07-28,A000157,849.78
2025-08-28,A000157,280.9
2025-09-28,A000157,454.93
2025-10-28,A000157,1446.13
2025-11-28,A000157,1762.71
2025-12-28,A000157,1752.37
2026-01-28,A000157,2766.87
2026-02-28,A000157,3655.44
2026-03-28,A000157,3885.97
2026-04-28,A000157,4030.51
2026-05-28,A000157,4942.83
2026-06-28,A000157,4765.28
2025-07-28,A000158,4423.39
2025-08-28,A000158,4326.83
2025-09-28,A000158,4098.73
2025-10-28,A000158,4559.63
2025-11-28,A000158,4626.87
2025-12-28,A000158,4646.73
2026-01-28,A000158,5278.62
2026-02-28,A000158,5859.65
2026-03-28,A000158,5871.54
2026-04-28,A000158,5946.87
2026-05-28,A000158,6253.65
2026-06-28,A000158,6020.98
2025-07-28,A000159,10895.9
2025-08-28,A000159,12155.44
2025-09-28,A000159,12917.73
2025-10-28,A000159,13243.27
2025-11-28,A000159,12633.3
2025-12-28,A000159,13373.76
2026-01-28,A000159,12903.63
2026-02-28,A000159,13364.2
2026-03-28,A000159,13993.74
2026-04-28,A000159,14514.88
2026-05-28,A000159,15476.15
2026-06-28,A000159,16785.27
2025-07-28,A000160,16071.66
2025-08-28,A000160,16454.77
2025-09-28,A000160,15808.11
2025-10-28,A000160,15747.59
2025-11-28,A000160,15480.89
2025-12-28,A000160,15873.68
2026-01-28,A000160,15208.22
2026-02-28,A000160,15363.14
2026-03-28,A000160,15408.14
2026-04-28,A000160,14567.31
2026-05-28,A000160,14639.43
2026-06-28,A000160,13941.03
2025-07-28,A000161,2939.82
2025-08-28,A000161,3291.08
2025-09-28,A000161,4669.86
2025-10-28,A000161,6384.26
2025-11-28,A000161,7094.73
2025-12-28,A000161,7961.98
2026-01-28,A000161,8019.78
2026-02-28,A000161,10492.74
2026-03-28,A000161,12615.25
2026-04-28,A000161,14295.96
2026-05-28,A000161,16139.05
2026-06-28,A000161,14917.82
2025-07-28,A000162,4191.85
2025-08-28,A000162,4672.49
2025-09-28,A000162,5015.03
2025-10-28,A000162,5101.52
2025-11-28,A000162,4803.93
2025-12-28,A000162,4668.05
2026-01-28,A000162,4874.19
2026-02-28,A000162,5340.3
2026-03-28,A000162,5293.03
2026-04-28,A000162,5109.35
2026-05-28,A000162,5693.66
2026-06-28,A000162,5669.15
2025-07-28,A000163,11788.29
2025-08-28,A000163,11675.18
2025-09-28,A000163,12578.23
2025-10-28,A000163,12919.84
2025-11-28,A000163,13587.48
2025-12-28,A000163,13216.15
2026-01-28,A000163,13457.96
2026-02-28,A000163,13595.82
2026-03-28,A000163,14461.22
2026-04-28,A000163,14299.29
2026-05-28,A000163,15005.47
2026-06-28,A000163,15354.48
2025-07-28,A000164,2373.38
2025-08-28,A000164,1654.26
2025-09-28,A000164,1792.56
2025-10-28,A000164,1659.67
2025-11-28,A000164,1826.39
2025-12-28,A000164,2715.02
2026-01-28,A000164,3056.72
2026-02-28,A000164,3436.27
2026-03-28,A000164,4541.11
2026-04-28,A000164,5325.2
2026-05-28,A000164,4877.19
2026-06-28,A000164,4160.35
2025-07-28,A000165,15420.75
2025-08-28,A000165,16029.63
2025-09-28,A000165,15609.42
2025-10-28,A000165,15951.17
2025-11-28,A000165,15691.78
2025-12-28,A000165,15389.97
2026-01-28,A000165,15883.44
2026-02-28,A000165,16055.93
2026-03-28,A000165,15820.26
2026-04-28,A000165,15606.68
2026-05-28,A000165,16367.81
2026-06-28,A000165,16608.4
2025-07-28,A000166,15053.7
2025-08-28,A000166,16707.91
2025-09-28,A000166,15883.68
2025-10-28,A000166,15244.51
2025-11-28,A000166,15010.17
2025-12-28,A000166,15242.65
2026-01-28,A000166,14825.08
2026-02-28,A000166,14602.41
2026-03-28,A000166,13888.83
2026-04-28,A000166,14287.26
2026-05-28,A000166,13918.75
2026-06-28,A000166,14396.44
2025-07-28,A000167,18170.98
2025-08-28,A000167,18140.26
2025-09-28,A000167,18025.6
2025-10-28,A000167,17866.57
2025-11-28,A000167,18390.14
2025-12-28,A000167,18321.26
2026-01-28,A000167,18096.77
2026-02-28,A000167,18116.76
2026-03-28,A000167,18063.25
2026-04-28,A000167,17884.49
2026-05-28,A000167,18175.1
2026-06-28,A000167,18344.49
2025-07-28,A000168,5078.4
2025-08-28,A000168,4775.73
2025-09-28,A000168,4516.96
2025-10-28,A000168,4563.84
2025-11-28,A000168,5191.69
2025-12-28,A000168,5820.19
2026-01-28,A000168,5807.52
2026-02-28,A000168,5815.79
2026-03-28,A000168,6326.99
2026-04-28,A000168,7153.55
2026-05-28,A000168,7947.3
2026-06-28,A000168,8049.99
2025-07-28,A000169,3987.78
2025-08-28,A000169,3591.3
2025-09-28,A000169,4086.6
2025-10-28,A000169,4807.64
2025-11-28,A000169,5009.13
2025-12-28,A000169,4778.06
2026-01-28,A000169,4713.6
2026-02-28,A000169,5578.27
2026-03-28,A000169,5969.16
2026-04-28,A000169,5680.25
2026-05-28,A000169,5667.05
2026-06-28,A000169,5958.72
2025-07-28,A000170,8294.28
2025-08-28,A000170,8175.82
2025-09-28,A000170,8439.49
2025-10-28,A000170,8045.91
2025-11-28,A000170,8541.68
2025-12-28,A000170,9093.81
2026-01-28,A000170,8683.4
2026-02-28,A000170,8286.56
2026-03-28,A000170,8388.76
2026-04-28,A000170,8320.28
2026-05-28,A000170,9105.65
2026-06-28,A000170,8755.62
2025-07-28,A000171,7116.24
2025-08-28,A000171,7677.85
2025-09-28,A000171,8305.8
2025-10-28,A000171,9159.85
2025-11-28,A000171,8757.93
2025-12-28,A000171,8891.25
2026-01-28,A000171,9096.01
2026-02-28,A000171,9029.13
2026-03-28,A000171,8815.45
2026-04-28,A000171,8231.53
2026-05-28,A000171,9096.57
2026-06-28,A000171,9070.8
2025-07-28,A000172,8897.38
2025-08-28,A000172,8132.81
2025-09-28,A000172,8740.6
2025-10-28,A000172,8670.93
2025-11-28,A000172,8216.49
2025-12-28,A000172,7855.99
2026-01-28,A000172,7409.7
2026-02-28,A000172,8339.5
2026-03-28,A000172,8932.52
2026-04-28,A000172,9064.68
2026-05-28,A000172,10181.55
2026-06-28,A000172,11300.04
2025-07-28,A000173,14999.4
2025-08-28,A000173,17280.29
2025-09-28,A000173,17700.34
2025-10-28,A000173,17782.15
2025-11-28,A000173,19027.6
2025-12-28,A000173,21145.19
2026-01-28,A000173,20705.68
2026-02-28,A000173,20530.73
2026-03-28,A000173,21334.09
2026-04-28,A000173,20741.26
2026-05-28,A000173,22416.01
2026-06-28,A000173,24289.15
2025-07-28,A000174,11794.88
2025-08-28,A000174,10991.1
2025-09-28,A000174,10375.46
2025-10-28,A000174,9857.51
2025-11-28,A000174,9441.11
2025-12-28,A000174,8685.08
2026-01-28,A000174,8149.53
2026-02-28,A000174,7686.02
2026-03-28,A000174,7599.06
2026-04-28,A000174,6968.43
2026-05-28,A000174,6864.69
2026-06-28,A000174,6499.04
2025-07-28,A000175,1689.85
2025-08-28,A000175,3455.44
2025-09-28,A000175,3677.11
2025-10-28,A000175,2733.84
2025-11-28,A000175,1361.06
2025-12-28,A000175,971.89
2026-01-28,A000175,2350.71
2026-02-28,A000175,3129.11
2026-03-28,A000175,4271.06
2026-04-28,A000175,3410.28
2026-05-28,A000175,2630.52
2026-06-28,A000175,3850.86
2025-07-28,A000176,10828.17
2025-08-28,A000176,10593.22
2025-09-28,A000176,11165.01
2025-10-28,A000176,11355.62
2025-11-28,A000176,11514.05
2025-12-28,A000176,11247.27
2026-01-28,A000176,11164.74
2026-02-28,A000176,11507.93
2026-03-28,A000176,11377.23
2026-04-28,A000176,12136.69
2026-05-28,A000176,12549.7
2026-06-28,A000176,12143.07
2025-07-28,A000177,7973.21
2025-08-28,A000177,7646.25
2025-09-28,A000177,7230.21
2025-10-28,A000177,6840.74
2025-11-28,A000177,6932.95
2025-12-28,A000177,7899.2
2026-01-28,A000177,8478.37
2026-02-28,A000177,9196.89
2026-03-28,A000177,9449.86
2026-04-28,A000177,9026.88
2026-05-28,A000177,8576.14
2026-06-28,A000177,8553.86
2025-07-28,A000178,5619.3
2025-08-28,A000178,6013.12
2025-09-28,A000178,6060.12
2025-10-28,A000178,6974.7
2025-11-28,A000178,7287.5
2025-12-28,A000178,7412.86
2026-01-28,A000178,8180.23
2026-02-28,A000178,8726.49
2026-03-28,A000178,9383.46
2026-04-28,A000178,9105.11
2026-05-28,A000178,8958.48
2026-06-28,A000178,9723.87
2025-07-28,A000179,10425.56
2025-08-28,A000179,10497.86
2025-09-28,A000179,10347.46
2025-10-28,A000179,10206.31
2025-11-28,A000179,9539.51
2025-12-28,A000179,8723.62
2026-01-28,A000179,8012.47
2026-02-28,A000179,9658.51
2026-03-28,A000179,9430.18
2026-04-28,A000179,11120.44
2026-05-28,A000179,11812.97
2026-06-28,A000179,12802.33
2025-07-28,A000180,14758.62
2025-08-28,A000180,14470.69
2025-09-28,A000180,15081.5
2025-10-28,A000180,15085.74
2025-11-28,A000180,15053.44
2025-12-28,A000180,15366.61
2026-01-28,A000180,15414.1
2026-02-28,A000180,15802.22
2026-03-28,A000180,16239.14
2026-04-28,A000180,16384.96
2026-05-28,A000180,16501.3
2026-06-28,A000180,16343.43
2025-07-28,A000181,5437.08
2025-08-28,A000181,5967.65
2025-09-28,A000181,5676.46
2025-10-28,A000181,5582.53
2025-11-28,A000181,5589.09
2025-12-28,A000181,5378.46
2026-01-28,A000181,6179.67
2026-02-28,A000181,6144.52
2026-03-28,A000181,5677.92
2026-04-28,A000181,6684.32
2026-05-28,A000181,6738.39
2026-06-28,A000181,7402.0
2025-07-28,A000182,3192.33
2025-08-28,A000182,3152.47
2025-09-28,A000182,3302.54
2025-10-28,A000182,2987.02
2025-11-28,A000182,2874.73
2025-12-28,A000182,3508.46
2026-01-28,A000182,4446.12
2026-02-28,A000182,4329.12
2026-03-28,A000182,4697.68
2026-04-28,A000182,5431.42
2026-05-28,A000182,5040.97
2026-06-28,A000182,4734.23
2025-07-28,A000183,10403.02
2025-08-28,A000183,10084.84
2025-09-28,A000183,9884.52
2025-10-28,A000183,9886.41
2025-11-28,A000183,9968.31
2025-12-28,A000183,10476.81
2026-01-28,A000183,10267.69
2026-02-28,A000183,10549.97
2026-03-28,A000183,10960.01
2026-04-28,A000183,11202.6
2026-05-28,A000183,11714.09
2026-06-28,A000183,11982.84
2025-07-28,A000184,18231.83
2025-08-28,A000184,18299.98
2025-09-28,A000184,18744.18
2025-10-28,A000184,18444.54
2025-11-28,A000184,19148.41
2025-12-28,A000184,19106.64
2026-01-28,A000184,19558.39
2026-02-28,A000184,20083.71
2026-03-28,A000184,20260.38
2026-04-28,A000184,20353.24
2026-05-28,A000184,20194.54
2026-06-28,A000184,19921.78
2025-07-28,A000185,5949.45
2025-08-28,A000185,5698.26
2025-09-28,A000185,6250.66
2025-10-28,A000185,6836.71
2025-11-28,A000185,7544.85
2025-12-28,A000185,8110.1
2026-01-28,A000185,8737.12
2026-02-28,A000185,9320.59
2026-03-28,A000185,9520.59
2026-04-28,A000185,9194.91
2026-05-28,A000185,8938.62
2026-06-28,A000185,8540.89
2025-07-28,A000186,8623.68
2025-08-28,A000186,8746.32
2025-09-28,A000186,9440.15
2025-10-28,A000186,9852.0
2025-11-28,A000186,10474.59
2025-12-28,A000186,11425.06
2026-01-28,A000186,11506.21
2026-02-28,A000186,11349.08
2026-03-28,A000186,12314.56
2026-04-28,A000186,12435.78
2026-05-28,A000186,13062.63
2026-06-28,A000186,12624.74
2025-07-28,A000187,2504.3
2025-08-28,A000187,2447.54
2025-09-28,A000187,3263.86
2025-10-28,A000187,2715.54
2025-11-28,A000187,2497.82
2025-12-28,A000187,2448.05
2026-01-28,A000187,2985.06
2026-02-28,A000187,3120.89
2026-03-28,A000187,3518.11
2026-04-28,A000187,3335.81
2026-05-28,A000187,3928.69
2026-06-28,A000187,3494.77
2025-07-28,A000188,3660.86
2025-08-28,A000188,3625.92
2025-09-28,A000188,3477.92
2025-10-28,A000188,4007.31
2025-11-28,A000188,3809.2
2025-12-28,A000188,4453.12
2026-01-28,A000188,4921.56
2026-02-28,A000188,5164.4
2026-03-28,A000188,5231.61
2026-04-28,A000188,5693.33
2026-05-28,A000188,5460.75
2026-06-28,A000188,5201.28
2025-07-28,A000189,12652.9
2025-08-28,A000189,13084.18
2025-09-28,A000189,12195.03
2025-10-28,A000189,13004.36
2025-11-28,A000189,13625.11
2025-12-28,A000189,13933.62
2026-01-28,A000189,16044.92
2026-02-28,A000189,17940.26
2026-03-28,A000189,19641.21
2026-04-28,A000189,19751.97
2026-05-28,A000189,19791.93
2026-06-28,A000189,20547.93
2025-07-28,A000190,10184.28
2025-08-28,A000190,10001.08
2025-09-28,A000190,9605.9
2025-10-28,A000190,9221.92
2025-11-28,A000190,9619.28
2025-12-28,A000190,9147.12
2026-01-28,A000190,8720.66
2026-02-28,A000190,9467.23
2026-03-28,A000190,9273.23
2026-04-28,A000190,10054.0
2026-05-28,A000190,9936.61
2026-06-28,A000190,9638.84
2025-07-28,A000191,15329.53
2025-08-28,A000191,15728.37
2025-09-28,A000191,15151.83
2025-10-28,A000191,16230.51
2025-11-28,A000191,17119.53
2025-12-28,A000191,16609.44
2026-01-28,A000191,17370.85
2026-02-28,A000191,17676.33
2026-03-28,A000191,17095.54
2026-04-28,A000191,16930.34
2026-05-28,A000191,17541.05
2026-06-28,A000191,17357.54
2025-07-28,A000192,16853.84
2025-08-28,A000192,16703.76
2025-09-28,A000192,18209.59
2025-10-28,A000192,18124.79
2025-11-28,A000192,19545.04
2025-12-28,A000192,21019.52
2026-01-28,A000192,22412.93
2026-02-28,A000192,23738.23
2026-03-28,A000192,24843.55
2026-04-28,A000192,25800.88
2026-05-28,A000192,25319.87
2026-06-28,A000192,25516.93
2025-07-28,A000193,4638.32
2025-08-28,A000193,5263.97
2025-09-28,A000193,4950.81
2025-10-28,A000193,5260.42
2025-11-28,A000193,6108.96
2025-12-28,A000193,6628.61
2026-01-28,A000193,7772.12
2026-02-28,A000193,8103.06
2026-03-28,A000193,8260.07
2026-04-28,A000193,8365.72
2026-05-28,A000193,8703.61
2026-06-28,A000193,8165.53
2025-07-28,A000194,15776.41
2025-08-28,A000194,15864.2
2025-09-28,A000194,15067.1
2025-10-28,A000194,14193.26
2025-11-28,A000194,13827.28
2025-12-28,A000194,13643.19
2026-01-28,A000194,13080.67
2026-02-28,A000194,12271.21
2026-03-28,A000194,11947.58
2026-04-28,A000194,11368.54
2026-05-28,A000194,11046.97
2026-06-28,A000194,10329.73
2025-07-28,A000195,16896.99
2025-08-28,A000195,17318.73
2025-09-28,A000195,17899.79
2025-10-28,A000195,16863.84
2025-11-28,A000195,17311.82
2025-12-28,A000195,16936.61
2026-01-28,A000195,16688.65
2026-02-28,A000195,16361.29
2026-03-28,A000195,15316.35
2026-04-28,A000195,14466.84
2026-05-28,A000195,14841.46
2026-06-28,A000195,14050.69
2025-07-28,A000196,11831.88
2025-08-28,A000196,11259.49
2025-09-28,A000196,12854.62
2025-10-28,A000196,13930.73
2025-11-28,A000196,14772.46
2025-12-28,A000196,15891.71
2026-01-28,A000196,15003.51
2026-02-28,A000196,15673.35
2026-03-28,A000196,14935.05
2026-04-28,A000196,16747.81
2026-05-28,A000196,16678.51
2026-06-28,A000196,16576.07
2025-07-28,A000197,13744.86
2025-08-28,A000197,13522.5
2025-09-28,A000197,13655.02
2025-10-28,A000197,13975.86
2025-11-28,A000197,13381.04
2025-12-28,A000197,14317.08
2026-01-28,A000197,15494.02
2026-02-28,A000197,16774.93
2026-03-28,A000197,16646.91
2026-04-28,A000197,16653.13
2026-05-28,A000197,16094.6
2026-06-28,A000197,16057.23
2025-07-28,A000198,7438.36
2025-08-28,A000198,7302.0
2025-09-28,A000198,6844.62
2025-10-28,A000198,6102.12
2025-11-28,A000198,5501.33
2025-12-28,A000198,5332.32
2026-01-28,A000198,4518.83
2026-02-28,A000198,4015.44
2026-03-28,A000198,4034.19
2026-04-28,A000198,3822.29
2026-05-28,A000198,3677.53
2026-06-28,A000198,3275.63
2025-07-28,A000199,15762.27
2025-08-28,A000199,15523.02
2025-09-28,A000199,16671.08
2025-10-28,A000199,17637.67
2025-11-28,A000199,18502.07
2025-12-28,A000199,19730.48
2026-01-28,A000199,19733.14
2026-02-28,A000199,19791.94
2026-03-28,A000199,19828.37
2026-04-28,A000199,20792.02
2026-05-28,A000199,21776.4
2026-06-28,A000199,22595.31
2025-07-28,A000200,16346.39
2025-08-28,A000200,15446.78
2025-09-28,A000200,14925.53
2025-10-28,A000200,16445.84
2025-11-28,A000200,16159.71
2025-12-28,A000200,16378.64
2026-01-28,A000200,15252.13
2026-02-28,A000200,14001.01
2026-03-28,A000200,16070.61
2026-04-28,A000200,17802.45
2026-05-28,A000200,17414.74
2026-06-28,A000200,16255.74
2025-07-28,A000201,9850.15
2025-08-28,A000201,9744.69
2025-09-28,A000201,9685.5
2025-10-28,A000201,10617.99
2025-11-28,A000201,10755.21
2025-12-28,A000201,11370.82
2026-01-28,A000201,10995.99
2026-02-28,A000201,10605.44
2026-03-28,A000201,10431.66
2026-04-28,A000201,10369.32
2026-05-28,A000201,10018.5
2026-06-28,A000201,9897.38
2025-07-28,A000202,4219.08
2025-08-28,A000202,5033.56
2025-09-28,A000202,4685.02
2025-10-28,A000202,4601.89
2025-11-28,A000202,4521.93
2025-12-28,A000202,4817.99
2026-01-28,A000202,5918.98
2026-02-28,A000202,5335.48
2026-03-28,A000202,5516.36
2026-04-28,A000202,6065.21
2026-05-28,A000202,6214.44
2026-06-28,A000202,6705.63
2025-07-28,A000203,1773.48
2025-08-28,A000203,2876.75
2025-09-28,A000203,2246.9
2025-10-28,A000203,2066.71
2025-11-28,A000203,2074.51
2025-12-28,A000203,2290.16
2026-01-28,A000203,2470.45
2026-02-28,A000203,3470.39
2026-03-28,A000203,3530.34
2026-04-28,A000203,4023.16
2026-05-28,A000203,4540.3
2026-06-28,A000203,4198.98
2025-07-28,A000204,11686.28
2025-08-28,A000204,11271.99
2025-09-28,A000204,10782.16
2025-10-28,A000204,12326.31
2025-11-28,A000204,14073.92
2025-12-28,A000204,15376.73
2026-01-28,A000204,16802.94
2026-02-28,A000204,17527.31
2026-03-28,A000204,18040.45
2026-04-28,A000204,17549.56
2026-05-28,A000204,18150.94
2026-06-28,A000204,19032.29
2025-07-28,A000205,14926.3
2025-08-28,A000205,15461.93
2025-09-28,A000205,16049.9
2025-10-28,A000205,15999.73
2025-11-28,A000205,16014.33
2025-12-28,A000205,16493.08
2026-01-28,A000205,16907.2
2026-02-28,A000205,17115.38
2026-03-28,A000205,17233.41
2026-04-28,A000205,17207.63
2026-05-28,A000205,17695.75
2026-06-28,A000205,17543.82
2025-07-28,A000206,12935.12
2025-08-28,A000206,13431.05
2025-09-28,A000206,14282.87
2025-10-28,A000206,14587.27
2025-11-28,A000206,14444.83
2025-12-28,A000206,14207.25
2026-01-28,A000206,13950.42
2026-02-28,A000206,14771.98
2026-03-28,A000206,16040.15
2026-04-28,A000206,17236.53
2026-05-28,A000206,17349.3
2026-06-28,A000206,18698.62
2025-07-28,A000207,3129.85
2025-08-28,A000207,5619.8
2025-09-28,A000207,8123.36
2025-10-28,A000207,8189.39
2025-11-28,A000207,9626.93
2025-12-28,A000207,10160.26
2026-01-28,A000207,11470.18
2026-02-28,A000207,12879.33
2026-03-28,A000207,11418.91
2026-04-28,A000207,10123.69
2026-05-28,A000207,9433.6
2026-06-28,A000207,10246.63
2025-07-28,A000208,17035.27
2025-08-28,A000208,17990.8
2025-09-28,A000208,17772.24
2025-10-28,A000208,17392.67
2025-11-28,A000208,17552.28
2025-12-28,A000208,17256.69
2026-01-28,A000208,17788.53
2026-02-28,A000208,18340.89
2026-03-28,A000208,17998.16
2026-04-28,A000208,18480.53
2026-05-28,A000208,19023.57
2026-06-28,A000208,19347.3
2025-07-28,A000209,13416.29
2025-08-28,A000209,13860.63
2025-09-28,A000209,13347.75
2025-10-28,A000209,13842.5
2025-11-28,A000209,14056.24
2025-12-28,A000209,15035.26
2026-01-28,A000209,15752.34
2026-02-28,A000209,14762.85
2026-03-28,A000209,14731.87
2026-04-28,A000209,14731.39
2026-05-28,A000209,16410.6
2026-06-28,A000209,16505.96
2025-07-28,A000210,13259.92
2025-08-28,A000210,14601.08
2025-09-28,A000210,15664.7
2025-10-28,A000210,15938.77
2025-11-28,A000210,16845.47
2025-12-28,A000210,17412.84
2026-01-28,A000210,16891.27
2026-02-28,A000210,16973.66
2026-03-28,A000210,16844.07
2026-04-28,A000210,16836.0
2026-05-28,A000210,16553.18
2026-06-28,A000210,15950.81
2025-07-28,A000211,14323.21
2025-08-28,A000211,13612.14
2025-09-28,A000211,13485.33
2025-10-28,A000211,13884.71
2025-11-28,A000211,15055.31
2025-12-28,A000211,15117.3
2026-01-28,A000211,15793.23
2026-02-28,A000211,15445.41
2026-03-28,A000211,15194.58
2026-04-28,A000211,16550.25
2026-05-28,A000211,16655.34
2026-06-28,A000211,16715.81
2025-07-28,A000212,4024.12
2025-08-28,A000212,4206.56
2025-09-28,A000212,4542.93
2025-10-28,A000212,5107.47
2025-11-28,A000212,5155.45
2025-12-28,A000212,4944.54
2026-01-28,A000212,5646.33
2026-02-28,A000212,5963.16
2026-03-28,A000212,5769.57
2026-04-28,A000212,6361.6
2026-05-28,A000212,6957.84
2026-06-28,A000212,6901.86
2025-07-28,A000213,1956.16
2025-08-28,A000213,2216.57
2025-09-28,A000213,3110.18
2025-10-28,A000213,4098.89
2025-11-28,A000213,5180.54
2025-12-28,A000213,5315.5
2026-01-28,A000213,5287.79
2026-02-28,A000213,6103.27
2026-03-28,A000213,6490.42
2026-04-28,A000213,6709.98
2026-05-28,A000213,7007.23
2026-06-28,A000213,6403.54
2025-07-28,A000214,16523.65
2025-08-28,A000214,17348.76
2025-09-28,A000214,17539.36
2025-10-28,A000214,18635.34
2025-11-28,A000214,20497.49
2025-12-28,A000214,19696.08
2026-01-28,A000214,20656.7
2026-02-28,A000214,22052.54
2026-03-28,A000214,21591.37
2026-04-28,A000214,22673.93
2026-05-28,A000214,23036.09
2026-06-28,A000214,24251.94
2025-07-28,A000215,15214.75
2025-08-28,A000215,15832.02
2025-09-28,A000215,15498.15
2025-10-28,A000215,15880.1
2025-11-28,A000215,15755.02
2025-12-28,A000215,17143.89
2026-01-28,A000215,18175.38
2026-02-28,A000215,19151.99
2026-03-28,A000215,19638.81
2026-04-28,A000215,18820.07
2026-05-28,A000215,19282.81
2026-06-28,A000215,19125.77
2025-07-28,A000216,3575.08
2025-08-28,A000216,3541.64
2025-09-28,A000216,3642.26
2025-10-28,A000216,3930.96
2025-11-28,A000216,4626.77
2025-12-28,A000216,5186.57
2026-01-28,A000216,5577.01
2026-02-28,A000216,5621.47
2026-03-28,A000216,6161.3
2026-04-28,A000216,5774.29
2026-05-28,A000216,5760.54
2026-06-28,A000216,6147.24
2025-07-28,A000217,7170.47
2025-08-28,A000217,6289.4
2025-09-28,A000217,6837.78
2025-10-28,A000217,6880.99
2025-11-28,A000217,6767.67
2025-12-28,A000217,7321.52
2026-01-28,A000217,8636.13
2026-02-28,A000217,10381.85
2026-03-28,A000217,12513.37
2026-04-28,A000217,12215.88
2026-05-28,A000217,11823.16
2026-06-28,A000217,12170.52
2025-07-28,A000218,6960.71
2025-08-28,A000218,8261.21
2025-09-28,A000218,9721.62
2025-10-28,A000218,10184.57
2025-11-28,A000218,11297.02
2025-12-28,A000218,11354.45
2026-01-28,A000218,12474.37
2026-02-28,A000218,13038.72
2026-03-28,A000218,14281.43
2026-04-28,A000218,13573.25
2026-05-28,A000218,14584.96
2026-06-28,A000218,15937.86
2025-07-28,A000219,6336.25
2025-08-28,A000219,6027.22
2025-09-28,A000219,7002.01
2025-10-28,A000219,7457.64
2025-11-28,A000219,7806.01
2025-12-28,A000219,6489.87
2026-01-28,A000219,7642.24
2026-02-28,A000219,7673.22
2026-03-28,A000219,8549.0
2026-04-28,A000219,7743.0
2026-05-28,A000219,7055.56
2026-06-28,A000219,8772.9
2025-07-28,A000220,2880.13
2025-08-28,A000220,3437.77
2025-09-28,A000220,3042.86
2025-10-28,A000220,4044.4
2025-11-28,A000220,4756.99
2025-12-28,A000220,4156.2
2026-01-28,A000220,5565.96
2026-02-28,A000220,4957.2
2026-03-28,A000220,4613.02
2026-04-28,A000220,5709.0
2026-05-28,A000220,5272.0
2026-06-28,A000220,5793.01
2025-07-28,A000221,6124.75
2025-08-28,A000221,7099.19
2025-09-28,A000221,7146.94
2025-10-28,A000221,8496.71
2025-11-28,A000221,8174.17
2025-12-28,A000221,8980.44
2026-01-28,A000221,9239.34
2026-02-28,A000221,9353.32
2026-03-28,A000221,8707.87
2026-04-28,A000221,8296.52
2026-05-28,A000221,8316.12
2026-06-28,A000221,9465.26
2025-07-28,A000222,11853.3
2025-08-28,A000222,12447.54
2025-09-28,A000222,12208.26
2025-10-28,A000222,12194.38
2025-11-28,A000222,12719.57
2025-12-28,A000222,13323.63
2026-01-28,A000222,14163.52
2026-02-28,A000222,14221.39
2026-03-28,A000222,14092.04
2026-04-28,A000222,14834.14
2026-05-28,A000222,14450.45
2026-06-28,A000222,14168.92
2025-07-28,A000223,9646.04
2025-08-28,A000223,9830.51
2025-09-28,A000223,9556.87
2025-10-28,A000223,8992.52
2025-11-28,A000223,9891.32
2025-12-28,A000223,11290.94
2026-01-28,A000223,11634.26
2026-02-28,A000223,12443.54
2026-03-28,A000223,12890.79
2026-04-28,A000223,12573.56
2026-05-28,A000223,12949.45
2026-06-28,A000223,12256.56
2025-07-28,A000224,9968.84
2025-08-28,A000224,10135.06
2025-09-28,A000224,9189.01
2025-10-28,A000224,8442.96
2025-11-28,A000224,8942.74
2025-12-28,A000224,8174.97
2026-01-28,A000224,7300.33
2026-02-28,A000224,7275.01
2026-03-28,A000224,8806.96
2026-04-28,A000224,8960.38
2026-05-28,A000224,10752.93
2026-06-28,A000224,11781.29
2025-07-28,A000225,13282.09
2025-08-28,A000225,13043.89
2025-09-28,A000225,13025.22
2025-10-28,A000225,13130.1
2025-11-28,A000225,14049.32
2025-12-28,A000225,14657.33
2026-01-28,A000225,14259.27
2026-02-28,A000225,14385.51
2026-03-28,A000225,14933.79
2026-04-28,A000225,14799.6
2026-05-28,A000225,14488.49
2026-06-28,A000225,14634.42
2025-07-28,A000226,14163.28
2025-08-28,A000226,13432.66
2025-09-28,A000226,13595.31
2025-10-28,A000226,14049.99
2025-11-28,A000226,14613.74
2025-12-28,A000226,14722.48
2026-01-28,A000226,15206.08
2026-02-28,A000226,15488.74
2026-03-28,A000226,15829.43
2026-04-28,A000226,16002.37
2026-05-28,A000226,16195.2
2026-06-28,A000226,16100.0
2025-07-28,A000227,17444.23
2025-08-28,A000227,18101.44
2025-09-28,A000227,17129.98
2025-10-28,A000227,16776.53
2025-11-28,A000227,16370.13
2025-12-28,A000227,16090.73
2026-01-28,A000227,16253.42
2026-02-28,A000227,15957.23
2026-03-28,A000227,15472.92
2026-04-28,A000227,15688.31
2026-05-28,A000227,14720.52
2026-06-28,A000227,14281.23
2025-07-28,A000228,13761.29
2025-08-28,A000228,13574.3
2025-09-28,A000228,13364.85
2025-10-28,A000228,13018.12
2025-11-28,A000228,12160.62
2025-12-28,A000228,12209.62
2026-01-28,A000228,11427.84
2026-02-28,A000228,10987.11
2026-03-28,A000228,11613.92
2026-04-28,A000228,11576.58
2026-05-28,A000228,10916.15
2026-06-28,A000228,11298.11
2025-07-28,A000229,-344.82
2025-08-28,A000229,534.95
2025-09-28,A000229,1065.02
2025-10-28,A000229,2078.43
2025-11-28,A000229,1975.33
2025-12-28,A000229,3093.51
2026-01-28,A000229,3320.02
2026-02-28,A000229,4181.55
2026-03-28,A000229,4386.16
2026-04-28,A000229,5819.38
2026-05-28,A000229,7192.19
2026-06-28,A000229,6706.82
2025-07-28,A000230,1371.77
2025-08-28,A000230,1555.8
2025-09-28,A000230,2414.26
2025-10-28,A000230,3160.24
2025-11-28,A000230,2866.95
2025-12-28,A000230,2363.1
2026-01-28,A000230,2647.89
2026-02-28,A000230,2858.89
2026-03-28,A000230,2466.33
2026-04-28,A000230,2011.22
2026-05-28,A000230,2743.45
2026-06-28,A000230,3664.65
2025-07-28,A000231,18340.62
2025-08-28,A000231,19510.85
2025-09-28,A000231,19578.8
2025-10-28,A000231,20505.87
2025-11-28,A000231,21169.56
2025-12-28,A000231,20924.89
2026-01-28,A000231,21003.91
2026-02-28,A000231,20682.51
2026-03-28,A000231,21751.04
2026-04-28,A000231,23159.22
2026-05-28,A000231,24192.58
2026-06-28,A000231,24927.03
2025-07-28,A000232,11673.95
2025-08-28,A000232,12809.31
2025-09-28,A000232,12866.15
2025-10-28,A000232,14073.7
2025-11-28,A000232,14468.75
2025-12-28,A000232,14299.96
2026-01-28,A000232,13908.91
2026-02-28,A000232,14255.99
2026-03-28,A000232,13727.24
2026-04-28,A000232,14627.86
2026-05-28,A000232,15989.16
2026-06-28,A000232,17069.57
2025-07-28,A000233,8528.74
2025-08-28,A000233,8005.45
2025-09-28,A000233,7712.15
2025-10-28,A000233,8305.72
2025-11-28,A000233,7970.19
2025-12-28,A000233,7631.97
2026-01-28,A000233,6721.03
2026-02-28,A000233,7129.75
2026-03-28,A000233,6246.93
2026-04-28,A000233,6488.25
2026-05-28,A000233,6978.11
2026-06-28,A000233,6333.59
2025-07-28,A000234,3896.68
2025-08-28,A000234,5385.73
2025-09-28,A000234,6250.47
2025-10-28,A000234,5435.12
2025-11-28,A000234,6979.46
2025-12-28,A000234,7775.88
2026-01-28,A000234,7839.1
2026-02-28,A000234,7128.46
2026-03-28,A000234,7591.97
2026-04-28,A000234,8823.35
2026-05-28,A000234,8390.04
2026-06-28,A000234,7708.4
2025-07-28,A000235,16840.03
2025-08-28,A000235,17714.57
2025-09-28,A000235,19304.18
2025-10-28,A000235,19395.35
2025-11-28,A000235,19777.33
2025-12-28,A000235,21172.48
2026-01-28,A000235,22778.23
2026-02-28,A000235,23750.04
2026-03-28,A000235,24867.1
2026-04-28,A000235,25744.34
2026-05-28,A000235,25570.34
2026-06-28,A000235,25633.77
2025-07-28,A000236,16750.15
2025-08-28,A000236,17718.85
2025-09-28,A000236,17605.42
2025-10-28,A000236,18099.16
2025-11-28,A000236,19529.36
2025-12-28,A000236,21174.75
2026-01-28,A000236,21744.84
2026-02-28,A000236,21442.07
2026-03-28,A000236,21623.96
2026-04-28,A000236,22186.28
2026-05-28,A000236,21681.47
2026-06-28,A000236,21279.25
2025-07-28,A000237,10497.0
2025-08-28,A000237,10494.3
2025-09-28,A000237,10751.68
2025-10-28,A000237,10443.18
2025-11-28,A000237,9671.15
2025-12-28,A000237,9805.55
2026-01-28,A000237,9745.33
2026-02-28,A000237,9844.4
2026-03-28,A000237,10933.05
2026-04-28,A000237,12188.62
2026-05-28,A000237,12083.38
2026-06-28,A000237,13380.54
2025-07-28,A000238,10483.64
2025-08-28,A000238,10355.44
2025-09-28,A000238,10946.48
2025-10-28,A000238,10733.64
2025-11-28,A000238,10898.03
2025-12-28,A000238,11431.48
2026-01-28,A000238,11513.23
2026-02-28,A000238,11522.99
2026-03-28,A000238,12048.38
2026-04-28,A000238,12202.95
2026-05-28,A000238,12122.57
2026-06-28,A000238,12357.24
2025-07-28,A000239,7415.47
2025-08-28,A000239,7798.61
2025-09-28,A000239,7440.67
2025-10-28,A000239,8483.44
2025-11-28,A000239,8671.75
2025-12-28,A000239,9545.37
2026-01-28,A000239,10655.28
2026-02-28,A000239,10475.56
2026-03-28,A000239,11642.95
2026-04-28,A000239,11072.7
2026-05-28,A000239,11642.91
2026-06-28,A000239,12760.85
2025-07-28,A000240,6428.82
2025-08-28,A000240,7260.38
2025-09-28,A000240,7224.44
2025-10-28,A000240,8109.63
2025-11-28,A000240,7932.86
2025-12-28,A000240,8969.41
2026-01-28,A000240,9390.46
2026-02-28,A000240,10581.14
2026-03-28,A000240,10043.75
2026-04-28,A000240,10142.63
2026-05-28,A000240,11070.73
2026-06-28,A000240,10034.06
2025-07-28,A000241,1002.07
2025-08-28,A000241,758.45
2025-09-28,A000241,532.89
2025-10-28,A000241,1025.11
2025-11-28,A000241,1422.37
2025-12-28,A000241,1150.37
2026-01-28,A000241,1059.98
2026-02-28,A000241,897.33
2026-03-28,A000241,1339.69
2026-04-28,A000241,1265.41
2026-05-28,A000241,1651.28
2026-06-28,A000241,1856.84
2025-07-28,A000242,4980.68
2025-08-28,A000242,4954.44
2025-09-28,A000242,5736.14
2025-10-28,A000242,6701.88
2025-11-28,A000242,6174.31
2025-12-28,A000242,6139.31
2026-01-28,A000242,6965.87
2026-02-28,A000242,7333.14
2026-03-28,A000242,7016.83
2026-04-28,A000242,7994.16
2026-05-28,A000242,8056.08
2026-06-28,A000242,8354.64
2025-07-28,A000243,17346.92
2025-08-28,A000243,18422.98
2025-09-28,A000243,17902.86
2025-10-28,A000243,17710.95
2025-11-28,A000243,18212.38
2025-12-28,A000243,18954.09
2026-01-28,A000243,19209.06
2026-02-28,A000243,19521.37
2026-03-28,A000243,20106.97
2026-04-28,A000243,20706.84
2026-05-28,A000243,21600.66
2026-06-28,A000243,21668.76
2025-07-28,A000244,10471.97
2025-08-28,A000244,10738.51
2025-09-28,A000244,11304.68
2025-10-28,A000244,10388.42
2025-11-28,A000244,9708.44
2025-12-28,A000244,9464.87
2026-01-28,A000244,8722.98
2026-02-28,A000244,9021.51
2026-03-28,A000244,9250.11
2026-04-28,A000244,9148.61
2026-05-28,A000244,8945.86
2026-06-28,A000244,8161.72
2025-07-28,A000245,7899.19
2025-08-28,A000245,7276.29
2025-09-28,A000245,8260.47
2025-10-28,A000245,9246.21
2025-11-28,A000245,10214.05
2025-12-28,A000245,9552.07
2026-01-28,A000245,9979.74
2026-02-28,A000245,10458.34
2026-03-28,A000245,11996.18
2026-04-28,A000245,11572.99
2026-05-28,A000245,11480.95
2026-06-28,A000245,12040.33
2025-07-28,A000246,16274.21
2025-08-28,A000246,17877.81
2025-09-28,A000246,16990.1
2025-10-28,A000246,16192.16
2025-11-28,A000246,15879.32
2025-12-28,A000246,17092.12
2026-01-28,A000246,16660.54
2026-02-28,A000246,18312.84
2026-03-28,A000246,18825.22
2026-04-28,A000246,18442.16
2026-05-28,A000246,19246.13
2026-06-28,A000246,18086.18
2025-07-28,A000247,11175.22
2025-08-28,A000247,11387.47
2025-09-28,A000247,12585.03
2025-10-28,A000247,12452.95
2025-11-28,A000247,12067.36
2025-12-28,A000247,12072.19
2026-01-28,A000247,12302.49
2026-02-28,A000247,12597.79
2026-03-28,A000247,11914.44
2026-04-28,A000247,12783.14
2026-05-28,A000247,12096.82
2026-06-28,A000247,13020.74
2025-07-28,A000248,12708.96
2025-08-28,A000248,12865.57
2025-09-28,A000248,12512.93
2025-10-28,A000248,12708.34
2025-11-28,A000248,13020.46
2025-12-28,A000248,13467.43
2026-01-28,A000248,13869.14
2026-02-28,A000248,14303.15
2026-03-28,A000248,14877.52
2026-04-28,A000248,15168.4
2026-05-28,A000248,15745.4
2026-06-28,A000248,15525.4
2025-07-28,A000249,12724.0
2025-08-28,A000249,12879.12
2025-09-28,A000249,13668.92
2025-10-28,A000249,13840.64
2025-11-28,A000249,14555.54
2025-12-28,A000249,15821.47
2026-01-28,A000249,15764.78
2026-02-28,A000249,16253.4
2026-03-28,A000249,17411.74
2026-04-28,A000249,17772.13
2026-05-28,A000249,18401.09
2026-06-28,A000249,20201.23
2025-07-28,A000250,3705.8
2025-08-28,A000250,3948.32
2025-09-28,A000250,4007.24
2025-10-28,A000250,3793.79
2025-11-28,A000250,4559.56
2025-12-28,A000250,4548.69
2026-01-28,A000250,4590.49
2026-02-28,A000250,4340.44
2026-03-28,A000250,4057.95
2026-04-28,A000250,4712.05
2026-05-28,A000250,4876.63
2026-06-28,A000250,4777.98
2025-07-28,A000251,14089.27
2025-08-28,A000251,13880.11
2025-09-28,A000251,14018.57
2025-10-28,A000251,13723.61
2025-11-28,A000251,14390.67
2025-12-28,A000251,14921.45
2026-01-28,A000251,14951.33
2026-02-28,A000251,15346.46
2026-03-28,A000251,15041.56
2026-04-28,A000251,15530.14
2026-05-28,A000251,16148.52
2026-06-28,A000251,16010.4
2025-07-28,A000252,8760.95
2025-08-28,A000252,10007.96
2025-09-28,A000252,10785.57
2025-10-28,A000252,10753.34
2025-11-28,A000252,10539.03
2025-12-28,A000252,11470.83
2026-01-28,A000252,11246.88
2026-02-28,A000252,10617.05
2026-03-28,A000252,12158.47
2026-04-28,A000252,10772.46
2026-05-28,A000252,10174.55
2026-06-28,A000252,11711.4
2025-07-28,A000253,4215.09
2025-08-28,A000253,4747.65
2025-09-28,A000253,4666.36
2025-10-28,A000253,5060.75
2025-11-28,A000253,6129.04
2025-12-28,A000253,6419.6
2026-01-28,A000253,7744.88
2026-02-28,A000253,7699.64
2026-03-28,A000253,8792.14
2026-04-28,A000253,8989.53
2026-05-28,A000253,8509.63
2026-06-28,A000253,7828.36
2025-07-28,A000254,15824.94
2025-08-28,A000254,17142.21
2025-09-28,A000254,16826.72
2025-10-28,A000254,18547.42
2025-11-28,A000254,17534.16
2025-12-28,A000254,17085.54
2026-01-28,A000254,17018.94
2026-02-28,A000254,15959.44
2026-03-28,A000254,15706.14
2026-04-28,A000254,15100.69
2026-05-28,A000254,16538.95
2026-06-28,A000254,16249.63
2025-07-28,A000255,13824.95
2025-08-28,A000255,13436.72
2025-09-28,A000255,14006.52
2025-10-28,A000255,14217.68
2025-11-28,A000255,14919.91
2025-12-28,A000255,14638.85
2026-01-28,A000255,14476.8
2026-02-28,A000255,15070.7
2026-03-28,A000255,14691.58
2026-04-28,A000255,14376.82
2026-05-28,A000255,15098.97
2026-06-28,A000255,14831.89
2025-07-28,A000256,2194.31
2025-08-28,A000256,1464.41
2025-09-28,A000256,3613.86
2025-10-28,A000256,1914.54
2025-11-28,A000256,2939.73
2025-12-28,A000256,4197.84
2026-01-28,A000256,5380.35
2026-02-28,A000256,5257.72
2026-03-28,A000256,4936.41
2026-04-28,A000256,6500.63
2026-05-28,A000256,7366.95
2026-06-28,A000256,8978.19
2025-07-28,A000257,10489.18
2025-08-28,A000257,11185.47
2025-09-28,A000257,11513.7
2025-10-28,A000257,12193.58
2025-11-28,A000257,12325.96
2025-12-28,A000257,12898.62
2026-01-28,A000257,13429.02
2026-02-28,A000257,13253.18
2026-03-28,A000257,13599.96
2026-04-28,A000257,13907.36
2026-05-28,A000257,13524.69
2026-06-28,A000257,13919.44
2025-07-28,A000258,10809.92
2025-08-28,A000258,10177.12
2025-09-28,A000258,10606.05
2025-10-28,A000258,11096.73
2025-11-28,A000258,12304.97
2025-12-28,A000258,13166.18
2026-01-28,A000258,12789.44
2026-02-28,A000258,14001.29
2026-03-28,A000258,13443.94
2026-04-28,A000258,14614.65
2026-05-28,A000258,14419.94
2026-06-28,A000258,15641.41
2025-07-28,A000259,17473.2
2025-08-28,A000259,16944.63
2025-09-28,A000259,17041.32
2025-10-28,A000259,17947.42
2025-11-28,A000259,18251.96
2025-12-28,A000259,17782.53
2026-01-28,A000259,17723.08
2026-02-28,A000259,17439.79
2026-03-28,A000259,18286.37
2026-04-28,A000259,19201.73
2026-05-28,A000259,20795.53
2026-06-28,A000259,21055.92
2025-07-28,A000260,4615.05
2025-08-28,A000260,4988.11
2025-09-28,A000260,5017.56
2025-10-28,A000260,4979.76
2025-11-28,A000260,5577.33
2025-12-28,A000260,5355.75
2026-01-28,A000260,5515.06
2026-02-28,A000260,5763.68
2026-03-28,A000260,6370.57
2026-04-28,A000260,6366.05
2026-05-28,A000260,6165.41
2026-06-28,A000260,6034.2
2025-07-28,A000261,15884.55
2025-08-28,A000261,16182.07
2025-09-28,A000261,16237.16
2025-10-28,A000261,16470.75
2025-11-28,A000261,16568.69
2025-12-28,A000261,16815.63
2026-01-28,A000261,16532.19
2026-02-28,A000261,16945.37
2026-03-28,A000261,17314.68
2026-04-28,A000261,17600.89
2026-05-28,A000261,17807.8
2026-06-28,A000261,17943.32
2025-07-28,A000262,4611.32
2025-08-28,A000262,5464.15
2025-09-28,A000262,4816.2
2025-10-28,A000262,5042.78
2025-11-28,A000262,6101.37
2025-12-28,A000262,6089.35
2026-01-28,A000262,6925.43
2026-02-28,A000262,7594.35
2026-03-28,A000262,7583.42
2026-04-28,A000262,7190.29
2026-05-28,A000262,7303.6
2026-06-28,A000262,7066.41
2025-07-28,A000263,6782.13
2025-08-28,A000263,6797.08
2025-09-28,A000263,6852.57
2025-10-28,A000263,6986.51
2025-11-28,A000263,7244.65
2025-12-28,A000263,7700.26
2026-01-28,A000263,7187.47
2026-02-28,A000263,7496.01
2026-03-28,A000263,7859.48
2026-04-28,A000263,8556.38
2026-05-28,A000263,8941.45
2026-06-28,A000263,8667.26
2025-07-28,A000264,11259.88
2025-08-28,A000264,12167.15
2025-09-28,A000264,12656.33
2025-10-28,A000264,12117.3
2025-11-28,A000264,13342.83
2025-12-28,A000264,13198.99
2026-01-28,A000264,13271.94
2026-02-28,A000264,13827.85
2026-03-28,A000264,13942.3
2026-04-28,A000264,15307.7
2026-05-28,A000264,14992.09
2026-06-28,A000264,16126.68
2025-07-28,A000265,1483.84
2025-08-28,A000265,2157.51
2025-09-28,A000265,3027.32
2025-10-28,A000265,3555.94
2025-11-28,A000265,3981.88
2025-12-28,A000265,4652.38
2026-01-28,A000265,5707.25
2026-02-28,A000265,5757.65
2026-03-28,A000265,6454.01
2026-04-28,A000265,7188.76
2026-05-28,A000265,7406.17
2026-06-28,A000265,6920.75
2025-07-28,A000266,8130.87
2025-08-28,A000266,7119.35
2025-09-28,A000266,6540.58
2025-10-28,A000266,6675.96
2025-11-28,A000266,5734.53
2025-12-28,A000266,5610.72
2026-01-28,A000266,6145.95
2026-02-28,A000266,5657.76
2026-03-28,A000266,6451.84
2026-04-28,A000266,7396.23
2026-05-28,A000266,7410.96
2026-06-28,A000266,7708.69
2025-07-28,A000267,10408.48
2025-08-28,A000267,10482.69
2025-09-28,A000267,9985.64
2025-10-28,A000267,9514.93
2025-11-28,A000267,9287.52
2025-12-28,A000267,8968.45
2026-01-28,A000267,9062.36
2026-02-28,A000267,9022.99
2026-03-28,A000267,9119.51
2026-04-28,A000267,9063.53
2026-05-28,A000267,8569.21
2026-06-28,A000267,8768.61
2025-07-28,A000268,1782.72
2025-08-28,A000268,988.39
2025-09-28,A000268,2161.87
2025-10-28,A000268,2892.61
2025-11-28,A000268,4206.04
2025-12-28,A000268,5465.83
2026-01-28,A000268,6795.0
2026-02-28,A000268,7260.48
2026-03-28,A000268,7512.52
2026-04-28,A000268,8713.59
2026-05-28,A000268,8894.78
2026-06-28,A000268,9173.78
2025-07-28,A000269,10504.67
2025-08-28,A000269,10458.42
2025-09-28,A000269,11933.86
2025-10-28,A000269,12622.8
2025-11-28,A000269,13202.05
2025-12-28,A000269,13938.07
2026-01-28,A000269,14182.55
2026-02-28,A000269,13731.04
2026-03-28,A000269,13525.3
2026-04-28,A000269,14588.37
2026-05-28,A000269,14687.96
2026-06-28,A000269,15267.55
2025-07-28,A000270,7441.55
2025-08-28,A000270,8056.13
2025-09-28,A000270,8438.52
2025-10-28,A000270,8661.59
2025-11-28,A000270,9547.34
2025-12-28,A000270,10085.88
2026-01-28,A000270,9715.45
2026-02-28,A000270,9749.2
2026-03-28,A000270,10949.93
2026-04-28,A000270,11932.58
2026-05-28,A000270,12361.65
2026-06-28,A000270,12479.1
2025-07-28,A000271,12897.37
2025-08-28,A000271,12762.61
2025-09-28,A000271,13167.33
2025-10-28,A000271,13246.37
2025-11-28,A000271,13200.7
2025-12-28,A000271,12917.69
2026-01-28,A000271,13614.83
2026-02-28,A000271,13619.67
2026-03-28,A000271,13235.38
2026-04-28,A000271,13064.39
2026-05-28,A000271,12671.72
2026-06-28,A000271,12706.4
2025-07-28,A000272,9383.84
2025-08-28,A000272,9799.75
2025-09-28,A000272,10750.87
2025-10-28,A000272,10750.56
2025-11-28,A000272,10910.36
2025-12-28,A000272,10524.24
2026-01-28,A000272,10042.99
2026-02-28,A000272,9402.89
2026-03-28,A000272,9089.05
2026-04-28,A000272,8557.33
2026-05-28,A000272,8730.96
2026-06-28,A000272,8296.72
2025-07-28,A000273,15137.99
2025-08-28,A000273,15025.56
2025-09-28,A000273,14641.26
2025-10-28,A000273,14217.13
2025-11-28,A000273,13908.17
2025-12-28,A000273,14146.66
2026-01-28,A000273,14395.3
2026-02-28,A000273,15123.37
2026-03-28,A000273,15102.51
2026-04-28,A000273,15491.53
2026-05-28,A000273,16124.27
2026-06-28,A000273,16016.91
2025-07-28,A000274,12677.25
2025-08-28,A000274,13068.48
2025-09-28,A000274,13559.92
2025-10-28,A000274,14700.81
2025-11-28,A000274,15286.69
2025-12-28,A000274,15443.36
2026-01-28,A000274,16312.62
2026-02-28,A000274,17384.26
2026-03-28,A000274,17753.35
2026-04-28,A000274,17897.15
2026-05-28,A000274,17749.67
2026-06-28,A000274,18021.83
2025-07-28,A000275,1522.94
2025-08-28,A000275,1703.9
2025-09-28,A000275,1765.41
2025-10-28,A000275,1467.23
2025-11-28,A000275,1389.54
2025-12-28,A000275,2224.28
2026-01-28,A000275,2965.36
2026-02-28,A000275,3318.4
2026-03-28,A000275,4089.12
2026-04-28,A000275,4351.82
2026-05-28,A000275,3962.36
2026-06-28,A000275,4214.52
2025-07-28,A000276,18122.84
2025-08-28,A000276,19608.22
2025-09-28,A000276,19148.06
2025-10-28,A000276,20383.33
2025-11-28,A000276,20795.57
2025-12-28,A000276,21183.1
2026-01-28,A000276,21960.73
2026-02-28,A000276,21615.18
2026-03-28,A000276,20983.66
2026-04-28,A000276,22772.86
2026-05-28,A000276,23743.99
2026-06-28,A000276,24873.57
2025-07-28,A000277,6969.23
2025-08-28,A000277,6885.51
2025-09-28,A000277,5951.52
2025-10-28,A000277,5335.6
2025-11-28,A000277,4416.19
2025-12-28,A000277,4792.83
2026-01-28,A000277,5547.26
2026-02-28,A000277,4889.76
2026-03-28,A000277,5060.97
2026-04-28,A000277,4335.76
2026-05-28,A000277,4847.43
2026-06-28,A000277,5257.22
2025-07-28,A000278,8470.85
2025-08-28,A000278,8318.68
2025-09-28,A000278,9256.7
2025-10-28,A000278,9416.78
2025-11-28,A000278,9595.84
2025-12-28,A000278,9745.31
2026-01-28,A000278,9401.16
2026-02-28,A000278,10069.89
2026-03-28,A000278,11066.02
2026-04-28,A000278,10861.99
2026-05-28,A000278,10465.75
2026-06-28,A000278,11475.13
2025-07-28,A000279,9704.07
2025-08-28,A000279,10298.51
2025-09-28,A000279,10737.91
2025-10-28,A000279,10607.88
2025-11-28,A000279,11686.62
2025-12-28,A000279,12247.55
2026-01-28,A000279,12090.11
2026-02-28,A000279,13367.97
2026-03-28,A000279,14820.05
2026-04-28,A000279,14330.41
2026-05-28,A000279,15758.07
2026-06-28,A000279,15420.58
2025-07-28,A000280,13727.21
2025-08-28,A000280,13343.08
2025-09-28,A000280,13924.88
2025-10-28,A000280,13557.37
2025-11-28,A000280,13052.64
2025-12-28,A000280,12276.72
2026-01-28,A000280,12356.05
2026-02-28,A000280,11932.32
2026-03-28,A000280,12103.0
2026-04-28,A000280,12089.51
2026-05-28,A000280,11647.56
2026-06-28,A000280,12027.19
2025-07-28,A000281,12162.92
2025-08-28,A000281,13184.69
2025-09-28,A000281,13410.98
2025-10-28,A000281,13008.07
2025-11-28,A000281,12452.26
2025-12-28,A000281,12639.92
2026-01-28,A000281,12492.86
2026-02-28,A000281,13389.01
2026-03-28,A000281,14534.15
2026-04-28,A000281,15625.7
2026-05-28,A000281,16511.69
2026-06-28,A000281,16371.68
2025-07-28,A000282,12398.9
2025-08-28,A000282,13742.77
2025-09-28,A000282,13311.13
2025-10-28,A000282,13909.62
2025-11-28,A000282,14263.36
2025-12-28,A000282,14733.26
2026-01-28,A000282,15285.02
2026-02-28,A000282,15182.56
2026-03-28,A000282,14336.42
2026-04-28,A000282,14611.24
2026-05-28,A000282,16115.49
2026-06-28,A000282,16840.79
2025-07-28,A000283,1200.88
2025-08-28,A000283,1269.63
2025-09-28,A000283,1351.36
2025-10-28,A000283,940.15
2025-11-28,A000283,1179.1
2025-12-28,A000283,2040.68
2026-01-28,A000283,2446.33
2026-02-28,A000283,2392.17
2026-03-28,A000283,1992.43
2026-04-28,A000283,1788.74
2026-05-28,A000283,2803.65
2026-06-28,A000283,3801.16
2025-07-28,A000284,9565.45
2025-08-28,A000284,9389.95
2025-09-28,A000284,9544.76
2025-10-28,A000284,8583.51
2025-11-28,A000284,7608.52
2025-12-28,A000284,8184.66
2026-01-28,A000284,8091.22
2026-02-28,A000284,7866.5
2026-03-28,A000284,7694.54
2026-04-28,A000284,7608.9
2026-05-28,A000284,7581.78
2026-06-28,A000284,7868.86
2025-07-28,A000285,8489.62
2025-08-28,A000285,8531.03
2025-09-28,A000285,8682.63
2025-10-28,A000285,8817.39
2025-11-28,A000285,8932.85
2025-12-28,A000285,8201.07
2026-01-28,A000285,7437.46
2026-02-28,A000285,8051.43
2026-03-28,A000285,7723.78
2026-04-28,A000285,7454.82
2026-05-28,A000285,7536.45
2026-06-28,A000285,7999.18
2025-07-28,A000286,13848.48
2025-08-28,A000286,13070.71
2025-09-28,A000286,12168.97
2025-10-28,A000286,14036.3
2025-11-28,A000286,15088.89
2025-12-28,A000286,15286.48
2026-01-28,A000286,14157.53
2026-02-28,A000286,15308.97
2026-03-28,A000286,14364.36
2026-04-28,A000286,15001.07
2026-05-28,A000286,15788.15
2026-06-28,A000286,16284.4
2025-07-28,A000287,7581.92
2025-08-28,A000287,7076.88
2025-09-28,A000287,6793.5
2025-10-28,A000287,6994.95
2025-11-28,A000287,6336.6
2025-12-28,A000287,6598.18
2026-01-28,A000287,6301.25
2026-02-28,A000287,6099.34
2026-03-28,A000287,5645.99
2026-04-28,A000287,6707.41
2026-05-28,A000287,8160.99
2026-06-28,A000287,8573.69
2025-07-28,A000288,4124.51
2025-08-28,A000288,4204.62
2025-09-28,A000288,4347.02
2025-10-28,A000288,4444.32
2025-11-28,A000288,4141.55
2025-12-28,A000288,3656.0
2026-01-28,A000288,4261.33
2026-02-28,A000288,4258.1
2026-03-28,A000288,5083.63
2026-04-28,A000288,5342.85
2026-05-28,A000288,5303.39
2026-06-28,A000288,5518.6
2025-07-28,A000289,9228.83
2025-08-28,A000289,9229.97
2025-09-28,A000289,9094.88
2025-10-28,A000289,9988.88
2025-11-28,A000289,9510.96
2025-12-28,A000289,9877.64
2026-01-28,A000289,11003.9
2026-02-28,A000289,12115.38
2026-03-28,A000289,12254.37
2026-04-28,A000289,13215.15
2026-05-28,A000289,14259.78
2026-06-28,A000289,14960.24
2025-07-28,A000290,3120.75
2025-08-28,A000290,4254.56
2025-09-28,A000290,3671.2
2025-10-28,A000290,3757.42
2025-11-28,A000290,3871.65
2025-12-28,A000290,3993.05
2026-01-28,A000290,3776.71
2026-02-28,A000290,4893.48
2026-03-28,A000290,4690.66
2026-04-28,A000290,4056.23
2026-05-28,A000290,3466.62
2026-06-28,A000290,3301.54
2025-07-28,A000291,5671.58
2025-08-28,A000291,5210.3
2025-09-28,A000291,4562.25
2025-10-28,A000291,4463.82
2025-11-28,A000291,3783.09
2025-12-28,A000291,3964.65
2026-01-28,A000291,3030.87
2026-02-28,A000291,4285.57
2026-03-28,A000291,4720.53
2026-04-28,A000291,5455.52
2026-05-28,A000291,5263.95
2026-06-28,A000291,6624.66
2025-07-28,A000292,16962.6
2025-08-28,A000292,17925.8
2025-09-28,A000292,18636.4
2025-10-28,A000292,19150.3
2025-11-28,A000292,20148.45
2025-12-28,A000292,21294.1
2026-01-28,A000292,21513.95
2026-02-28,A000292,21205.0
2026-03-28,A000292,21930.96
2026-04-28,A000292,22338.21
2026-05-28,A000292,21995.21
2026-06-28,A000292,22085.87
2025-07-28,A000293,4482.71
2025-08-28,A000293,4481.62
2025-09-28,A000293,4990.51
2025-10-28,A000293,5625.01
2025-11-28,A000293,5391.44
2025-12-28,A000293,6061.73
2026-01-28,A000293,6842.57
2026-02-28,A000293,7261.94
2026-03-28,A000293,7442.36
2026-04-28,A000293,7715.91
2026-05-28,A000293,7942.85
2026-06-28,A000293,7817.99
2025-07-28,A000294,15254.45
2025-08-28,A000294,15034.94
2025-09-28,A000294,14927.93
2025-10-28,A000294,15232.46
2025-11-28,A000294,15183.96
2025-12-28,A000294,15402.75
2026-01-28,A000294,15677.4
2026-02-28,A000294,16270.81
2026-03-28,A000294,16160.07
2026-04-28,A000294,16223.19
2026-05-28,A000294,16894.61
2026-06-28,A000294,16990.69
2025-07-28,A000295,8653.72
2025-08-28,A000295,8707.91
2025-09-28,A000295,9514.3
2025-10-28,A000295,9335.39
2025-11-28,A000295,8826.7
2025-12-28,A000295,10117.18
2026-01-28,A000295,10633.58
2026-02-28,A000295,10254.63
2026-03-28,A000295,11747.79
2026-04-28,A000295,11564.72
2026-05-28,A000295,11778.29
2026-06-28,A000295,12405.36
2025-07-28,A000296,2968.07
2025-08-28,A000296,4579.55
2025-09-28,A000296,4050.24
2025-10-28,A000296,4861.02
2025-11-28,A000296,6270.25
2025-12-28,A000296,5633.92
2026-01-28,A000296,8162.54
2026-02-28,A000296,9967.74
2026-03-28,A000296,8839.29
2026-04-28,A000296,8761.19
2026-05-28,A000296,8054.43
2026-06-28,A000296,8199.55
2025-07-28,A000297,1497.04
2025-08-28,A000297,1593.6
2025-09-28,A000297,2384.05
2025-10-28,A000297,2091.33
2025-11-28,A000297,3103.48
2025-12-28,A000297,3698.17
2026-01-28,A000297,3403.08
2026-02-28,A000297,3124.99
2026-03-28,A000297,4454.44
2026-04-28,A000297,4934.57
2026-05-28,A000297,6316.55
2026-06-28,A000297,7512.45
2025-07-28,A000298,380.65
2025-08-28,A000298,961.91
2025-09-28,A000298,1584.19
2025-10-28,A000298,1735.51
2025-11-28,A000298,1648.86
2025-12-28,A000298,1412.4
2026-01-28,A000298,1480.89
2026-02-28,A000298,1403.57
2026-03-28,A000298,1576.35
2026-04-28,A000298,1576.6
2026-05-28,A000298,2152.04
2026-06-28,A000298,2501.33
2025-07-28,A000299,8036.05
2025-08-28,A000299,8048.52
2025-09-28,A000299,7609.79
2025-10-28,A000299,7506.41
2025-11-28,A000299,7543.8
2025-12-28,A000299,7853.35
2026-01-28,A000299,8656.13
2026-02-28,A000299,9481.64
2026-03-28,A000299,9014.1
2026-04-28,A000299,8725.6
2026-05-28,A000299,9572.09
2026-06-28,A000299,10177.85
2025-07-28,A000300,2716.44
2025-08-28,A000300,2499.23
2025-09-28,A000300,2578.67
2025-10-28,A000300,2592.91
2025-11-28,A000300,2622.34
2025-12-28,A000300,2659.27
2026-01-28,A000300,2778.39
2026-02-28,A000300,2956.37
2026-03-28,A000300,3579.4
2026-04-28,A000300,3979.26
2026-05-28,A000300,4409.43
2026-06-28,A000300,4165.08
2025-07-28,A000301,778.92
2025-08-28,A000301,916.46
2025-09-28,A000301,786.35
2025-10-28,A000301,459.4
2025-11-28,A000301,108.03
2025-12-28,A000301,96.1
2026-01-28,A000301,-529.61
2026-02-28,A000301,-306.37
2026-03-28,A000301,-590.51
2026-04-28,A000301,-1299.11
2026-05-28,A000301,-1636.78
2026-06-28,A000301,-1606.83
2025-07-28,A000302,2563.92
2025-08-28,A000302,3228.95
2025-09-28,A000302,2635.28
2025-10-28,A000302,1982.78
2025-11-28,A000302,1283.49
2025-12-28,A000302,970.17
2026-01-28,A000302,237.76
2026-02-28,A000302,19.08
2026-03-28,A000302,378.13
2026-04-28,A000302,574.37
2026-05-28,A000302,1069.17
2026-06-28,A000302,833.97
2025-07-28,A000303,12543.05
2025-08-28,A000303,13044.53
2025-09-28,A000303,13104.77
2025-10-28,A000303,12848.49
2025-11-28,A000303,12945.92
2025-12-28,A000303,13296.5
2026-01-28,A000303,13064.08
2026-02-28,A000303,13118.34
2026-03-28,A000303,12665.06
2026-04-28,A000303,12261.24
2026-05-28,A000303,11601.21
2026-06-28,A000303,11418.7
2025-07-28,A000304,9560.22
2025-08-28,A000304,9139.43
2025-09-28,A000304,9908.22
2025-10-28,A000304,10059.47
2025-11-28,A000304,9609.28
2025-12-28,A000304,10438.66
2026-01-28,A000304,10403.68
2026-02-28,A000304,10283.13
2026-03-28,A000304,10539.54
2026-04-28,A000304,10117.73
2026-05-28,A000304,10702.48
2026-06-28,A000304,10805.63
2025-07-28,A000305,5298.66
2025-08-28,A000305,4803.84
2025-09-28,A000305,4504.13
2025-10-28,A000305,4216.32
2025-11-28,A000305,4552.58
2025-12-28,A000305,4592.28
2026-01-28,A000305,5510.67
2026-02-28,A000305,5742.82
2026-03-28,A000305,6320.56
2026-04-28,A000305,6983.91
2026-05-28,A000305,6677.76
2026-06-28,A000305,6619.24
2025-07-28,A000306,5669.44
2025-08-28,A000306,5410.43
2025-09-28,A000306,5608.46
2025-10-28,A000306,5367.02
2025-11-28,A000306,5715.1
2025-12-28,A000306,5680.04
2026-01-28,A000306,5763.91
2026-02-28,A000306,5930.13
2026-03-28,A000306,5980.18
2026-04-28,A000306,5849.76
2026-05-28,A000306,5792.62
2026-06-28,A000306,6228.22
2025-07-28,A000307,2055.7
2025-08-28,A000307,2872.64
2025-09-28,A000307,2821.93
2025-10-28,A000307,3124.01
2025-11-28,A000307,2866.2
2025-12-28,A000307,3749.76
2026-01-28,A000307,3883.02
2026-02-28,A000307,4718.04
2026-03-28,A000307,5457.47
2026-04-28,A000307,6065.05
2026-05-28,A000307,6429.47
2026-06-28,A000307,6903.09
2025-07-28,A000308,17025.05
2025-08-28,A000308,16937.47
2025-09-28,A000308,16585.49
2025-10-28,A000308,16639.05
2025-11-28,A000308,16997.68
2025-12-28,A000308,17387.03
2026-01-28,A000308,17557.54
2026-02-28,A000308,18149.15
2026-03-28,A000308,18204.06
2026-04-28,A000308,18206.89
2026-05-28,A000308,18462.23
2026-06-28,A000308,19322.56
2025-07-28,A000309,7588.89
2025-08-28,A000309,7546.87
2025-09-28,A000309,8515.43
2025-10-28,A000309,8432.69
2025-11-28,A000309,8076.74
2025-12-28,A000309,9109.88
2026-01-28,A000309,9022.25
2026-02-28,A000309,9541.56
2026-03-28,A000309,10523.91
2026-04-28,A000309,10566.43
2026-05-28,A000309,11344.91
2026-06-28,A000309,11356.44
2025-07-28,A000310,11065.76
2025-08-28,A000310,10899.35
2025-09-28,A000310,10687.97
2025-10-28,A000310,10346.26
2025-11-28,A000310,11034.43
2025-12-28,A000310,12544.9
2026-01-28,A000310,12981.67
2026-02-28,A000310,13030.8
2026-03-28,A000310,14158.82
2026-04-28,A000310,14510.21
2026-05-28,A000310,13709.17
2026-06-28,A000310,14731.12
2025-07-28,A000311,11211.68
2025-08-28,A000311,11102.62
2025-09-28,A000311,11894.83
2025-10-28,A000311,12390.07
2025-11-28,A000311,12649.3
2025-12-28,A000311,13020.47
2026-01-28,A000311,13471.76
2026-02-28,A000311,13775.45
2026-03-28,A000311,13888.63
2026-04-28,A000311,14457.51
2026-05-28,A000311,14368.06
2026-06-28,A000311,14431.67
2025-07-28,A000312,5952.86
2025-08-28,A000312,7088.05
2025-09-28,A000312,6261.73
2025-10-28,A000312,7404.84
2025-11-28,A000312,6556.45
2025-12-28,A000312,6684.91
2026-01-28,A000312,7255.12
2026-02-28,A000312,7207.23
2026-03-28,A000312,8162.5
2026-04-28,A000312,9463.91
2026-05-28,A000312,9776.46
2026-06-28,A000312,10642.53
2025-07-28,A000313,7886.39
2025-08-28,A000313,8464.17
2025-09-28,A000313,9307.33
2025-10-28,A000313,10135.76
2025-11-28,A000313,10264.76
2025-12-28,A000313,11062.14
2026-01-28,A000313,11641.99
2026-02-28,A000313,12454.19
2026-03-28,A000313,12726.6
2026-04-28,A000313,12512.55
2026-05-28,A000313,12601.36
2026-06-28,A000313,12780.37
2025-07-28,A000314,10124.56
2025-08-28,A000314,10641.0
2025-09-28,A000314,10429.72
2025-10-28,A000314,10793.35
2025-11-28,A000314,11347.49
2025-12-28,A000314,11133.6
2026-01-28,A000314,11547.41
2026-02-28,A000314,11625.01
2026-03-28,A000314,11539.78
2026-04-28,A000314,11215.01
2026-05-28,A000314,10988.13
2026-06-28,A000314,11492.17
2025-07-28,A000315,5388.25
2025-08-28,A000315,5657.25
2025-09-28,A000315,6434.66
2025-10-28,A000315,7503.77
2025-11-28,A000315,7318.96
2025-12-28,A000315,8339.92
2026-01-28,A000315,8063.49
2026-02-28,A000315,7846.61
2026-03-28,A000315,7770.89
2026-04-28,A000315,7326.77
2026-05-28,A000315,7914.54
2026-06-28,A000315,8586.07
2025-07-28,A000316,13546.65
2025-08-28,A000316,13217.94
2025-09-28,A000316,13066.51
2025-10-28,A000316,13316.1
2025-11-28,A000316,13770.06
2025-12-28,A000316,14325.81
2026-01-28,A000316,14273.22
2026-02-28,A000316,14057.89
2026-03-28,A000316,14353.3
2026-04-28,A000316,14725.7
2026-05-28,A000316,15354.57
2026-06-28,A000316,15371.95
2025-07-28,A000317,8439.54
2025-08-28,A000317,7942.42
2025-09-28,A000317,9017.21
2025-10-28,A000317,9531.18
2025-11-28,A000317,10339.67
2025-12-28,A000317,11425.81
2026-01-28,A000317,12310.67
2026-02-28,A000317,12098.51
2026-03-28,A000317,13201.06
2026-04-28,A000317,14166.44
2026-05-28,A000317,14558.57
2026-06-28,A000317,14347.04
2025-07-28,A000318,12975.05
2025-08-28,A000318,13771.4
2025-09-28,A000318,14599.54
2025-10-28,A000318,15110.44
2025-11-28,A000318,15586.19
2025-12-28,A000318,15772.08
2026-01-28,A000318,16541.11
2026-02-28,A000318,16414.92
2026-03-28,A000318,16844.48
2026-04-28,A000318,17223.84
2026-05-28,A000318,17815.65
2026-06-28,A000318,17918.19
2025-07-28,A000319,17167.93
2025-08-28,A000319,16842.6
2025-09-28,A000319,16861.7
2025-10-28,A000319,16551.84
2025-11-28,A000319,16809.25
2025-12-28,A000319,16885.42
2026-01-28,A000319,16943.82
2026-02-28,A000319,17472.64
2026-03-28,A000319,17555.55
2026-04-28,A000319,17313.06
2026-05-28,A000319,17839.01
2026-06-28,A000319,17528.11
2025-07-28,A000320,9135.3
2025-08-28,A000320,9964.67
2025-09-28,A000320,10090.94
2025-10-28,A000320,10484.04
2025-11-28,A000320,10749.29
2025-12-28,A000320,10596.62
2026-01-28,A000320,11560.35
2026-02-28,A000320,11055.5
2026-03-28,A000320,11969.46
2026-04-28,A000320,11728.69
2026-05-28,A000320,11934.94
2026-06-28,A000320,12781.79
2025-07-28,A000321,7581.28
2025-08-28,A000321,7588.54
2025-09-28,A000321,7389.55
2025-10-28,A000321,7692.38
2025-11-28,A000321,7598.72
2025-12-28,A000321,7403.61
2026-01-28,A000321,8015.38
2026-02-28,A000321,8051.77
2026-03-28,A000321,8213.65
2026-04-28,A000321,8477.57
2026-05-28,A000321,8531.94
2026-06-28,A000321,8910.14
2025-07-28,A000322,15712.9
2025-08-28,A000322,15078.4
2025-09-28,A000322,15234.05
2025-10-28,A000322,15489.84
2025-11-28,A000322,15182.5
2025-12-28,A000322,14843.74
2026-01-28,A000322,14991.71
2026-02-28,A000322,14954.85
2026-03-28,A000322,15046.6
2026-04-28,A000322,14303.52
2026-05-28,A000322,13512.28
2026-06-28,A000322,12667.52
2025-07-28,A000323,11781.14
2025-08-28,A000323,12365.55
2025-09-28,A000323,12704.07
2025-10-28,A000323,12869.46
2025-11-28,A000323,13555.95
2025-12-28,A000323,13209.94
2026-01-28,A000323,12653.84
2026-02-28,A000323,13047.77
2026-03-28,A000323,14103.79
2026-04-28,A000323,14975.92
2026-05-28,A000323,14618.56
2026-06-28,A000323,14209.31
2025-07-28,A000324,12986.75
2025-08-28,A000324,12730.15
2025-09-28,A000324,13245.46
2025-10-28,A000324,13618.54
2025-11-28,A000324,14252.69
2025-12-28,A000324,14133.18
2026-01-28,A000324,14474.51
2026-02-28,A000324,14756.44
2026-03-28,A000324,15081.44
2026-04-28,A000324,15010.9
2026-05-28,A000324,14697.35
2026-06-28,A000324,15411.98
2025-07-28,A000325,12782.14
2025-08-28,A000325,12289.73
2025-09-28,A000325,12842.61
2025-10-28,A000325,13280.22
2025-11-28,A000325,13871.81
2025-12-28,A000325,14059.85
2026-01-28,A000325,13858.23
2026-02-28,A000325,14744.67
2026-03-28,A000325,14923.29
2026-04-28,A000325,15711.48
2026-05-28,A000325,16414.46
2026-06-28,A000325,16090.4
2025-07-28,A000326,4316.62
2025-08-28,A000326,5084.34
2025-09-28,A000326,5792.28
2025-10-28,A000326,6111.18
2025-11-28,A000326,6057.37
2025-12-28,A000326,5898.91
2026-01-28,A000326,6764.27
2026-02-28,A000326,7123.77
2026-03-28,A000326,6920.87
2026-04-28,A000326,6717.85
2026-05-28,A000326,6341.76
2026-06-28,A000326,6741.27
2025-07-28,A000327,13861.76
2025-08-28,A000327,13643.92
2025-09-28,A000327,13201.92
2025-10-28,A000327,14097.2
2025-11-28,A000327,14084.08
2025-12-28,A000327,14098.65
2026-01-28,A000327,13952.95
2026-02-28,A000327,14529.13
2026-03-28,A000327,14615.94
2026-04-28,A000327,14329.77
2026-05-28,A000327,14154.6
2026-06-28,A000327,14935.83
2025-07-28,A000328,10991.04
2025-08-28,A000328,10730.65
2025-09-28,A000328,11307.65
2025-10-28,A000328,11517.03
2025-11-28,A000328,11378.01
2025-12-28,A000328,11092.05
2026-01-28,A000328,11541.72
2026-02-28,A000328,11867.97
2026-03-28,A000328,12414.93
2026-04-28,A000328,12935.9
2026-05-28,A000328,13071.98
2026-06-28,A000328,12797.53
2025-07-28,A000329,16972.09
2025-08-28,A000329,16295.22
2025-09-28,A000329,17352.51
2025-10-28,A000329,18358.28
2025-11-28,A000329,18816.43
2025-12-28,A000329,18347.08
2026-01-28,A000329,17902.63
2026-02-28,A000329,17503.3
2026-03-28,A000329,17206.96
2026-04-28,A000329,18471.16
2026-05-28,A000329,19506.12
2026-06-28,A000329,20224.16
2025-07-28,A000330,11078.27
2025-08-28,A000330,12032.3
2025-09-28,A000330,11184.16
2025-10-28,A000330,12386.54
2025-11-28,A000330,13330.09
2025-12-28,A000330,14662.32
2026-01-28,A000330,14298.64
2026-02-28,A000330,14739.01
2026-03-28,A000330,14547.43
2026-04-28,A000330,13976.55
2026-05-28,A000330,15610.78
2026-06-28,A000330,16456.68
2025-07-28,A000331,6570.71
2025-08-28,A000331,6243.55
2025-09-28,A000331,5895.4
2025-10-28,A000331,6262.97
2025-11-28,A000331,6713.56
2025-12-28,A000331,6432.99
2026-01-28,A000331,6153.15
2026-02-28,A000331,6436.41
2026-03-28,A000331,6789.67
2026-04-28,A000331,7443.2
2026-05-28,A000331,7957.52
2026-06-28,A000331,7874.73
2025-07-28,A000332,3635.57
2025-08-28,A000332,3756.09
2025-09-28,A000332,4322.33
2025-10-28,A000332,4102.44
2025-11-28,A000332,3747.67
2025-12-28,A000332,5046.97
2026-01-28,A000332,6143.07
2026-02-28,A000332,7063.84
2026-03-28,A000332,6638.57
2026-04-28,A000332,7070.72
2026-05-28,A000332,7403.29
2026-06-28,A000332,7881.01
2025-07-28,A000333,14241.26
2025-08-28,A000333,13978.92
2025-09-28,A000333,13581.66
2025-10-28,A000333,13585.63
2025-11-28,A000333,14016.36
2025-12-28,A000333,15243.52
2026-01-28,A000333,16376.1
2026-02-28,A000333,15699.32
2026-03-28,A000333,15498.97
2026-04-28,A000333,16143.87
2026-05-28,A000333,16694.0
2026-06-28,A000333,17090.73
2025-07-28,A000334,5142.92
2025-08-28,A000334,5268.22
2025-09-28,A000334,5043.4
2025-10-28,A000334,5522.84
2025-11-28,A000334,4916.62
2025-12-28,A000334,6733.96
2026-01-28,A000334,6107.44
2026-02-28,A000334,5759.72
2026-03-28,A000334,5898.11
2026-04-28,A000334,7257.04
2026-05-28,A000334,8923.59
2026-06-28,A000334,9631.8
2025-07-28,A000335,9690.17
2025-08-28,A000335,9174.6
2025-09-28,A000335,9261.02
2025-10-28,A000335,10296.39
2025-11-28,A000335,9967.95
2025-12-28,A000335,10843.76
2026-01-28,A000335,10558.48
2026-02-28,A000335,11060.68
2026-03-28,A000335,10542.54
2026-04-28,A000335,10707.16
2026-05-28,A000335,11383.85
2026-06-28,A000335,11710.78
2025-07-28,A000336,-71.74
2025-08-28,A000336,72.61
2025-09-28,A000336,60.06
2025-10-28,A000336,-87.83
2025-11-28,A000336,-310.99
2025-12-28,A000336,-409.51
2026-01-28,A000336,-297.1
2026-02-28,A000336,-620.61
2026-03-28,A000336,-884.34
2026-04-28,A000336,-461.69
2026-05-28,A000336,-661.2
2026-06-28,A000336,-516.34
2025-07-28,A000337,17045.2
2025-08-28,A000337,17779.1
2025-09-28,A000337,17996.23
2025-10-28,A000337,18233.15
2025-11-28,A000337,18578.49
2025-12-28,A000337,18817.08
2026-01-28,A000337,18988.27
2026-02-28,A000337,19464.86
2026-03-28,A000337,19266.38
2026-04-28,A000337,18919.26
2026-05-28,A000337,19398.0
2026-06-28,A000337,19150.43
2025-07-28,A000338,11491.82
2025-08-28,A000338,11909.56
2025-09-28,A000338,12106.39
2025-10-28,A000338,13215.31
2025-11-28,A000338,14441.74
2025-12-28,A000338,15420.91
2026-01-28,A000338,15784.56
2026-02-28,A000338,15218.68
2026-03-28,A000338,15433.3
2026-04-28,A000338,16666.48
2026-05-28,A000338,17528.49
2026-06-28,A000338,18585.79
2025-07-28,A000339,17520.24
2025-08-28,A000339,18063.32
2025-09-28,A000339,17965.86
2025-10-28,A000339,17809.75
2025-11-28,A000339,18732.87
2025-12-28,A000339,18477.77
2026-01-28,A000339,19017.83
2026-02-28,A000339,20217.48
2026-03-28,A000339,19668.2
2026-04-28,A000339,19419.27
2026-05-28,A000339,20228.49
2026-06-28,A000339,21757.86
2025-07-28,A000340,13042.27
2025-08-28,A000340,12343.6
2025-09-28,A000340,12777.52
2025-10-28,A000340,14072.42
2025-11-28,A000340,14811.68
2025-12-28,A000340,16785.17
2026-01-28,A000340,17713.73
2026-02-28,A000340,17501.47
2026-03-28,A000340,17438.11
2026-04-28,A000340,18038.94
2026-05-28,A000340,17291.09
2026-06-28,A000340,18879.07
2025-07-28,A000341,13418.64
2025-08-28,A000341,13149.61
2025-09-28,A000341,13859.68
2025-10-28,A000341,14283.77
2025-11-28,A000341,14711.19
2025-12-28,A000341,14749.81
2026-01-28,A000341,15212.79
2026-02-28,A000341,15672.19
2026-03-28,A000341,16220.73
2026-04-28,A000341,16780.17
2026-05-28,A000341,17051.54
2026-06-28,A000341,17570.85
2025-07-28,A000342,15496.32
2025-08-28,A000342,15554.06
2025-09-28,A000342,16324.99
2025-10-28,A000342,17435.58
2025-11-28,A000342,18722.78
2025-12-28,A000342,18189.13
2026-01-28,A000342,19213.15
2026-02-28,A000342,19879.86
2026-03-28,A000342,19843.87
2026-04-28,A000342,19596.75
2026-05-28,A000342,19550.64
2026-06-28,A000342,19769.22
2025-07-28,A000343,10329.44
2025-08-28,A000343,9996.03
2025-09-28,A000343,9903.98
2025-10-28,A000343,10123.63
2025-11-28,A000343,10602.03
2025-12-28,A000343,10392.99
2026-01-28,A000343,10409.19
2026-02-28,A000343,10095.92
2026-03-28,A000343,10048.71
2026-04-28,A000343,10013.54
2026-05-28,A000343,10068.38
2026-06-28,A000343,10516.53
2025-07-28,A000344,8245.53
2025-08-28,A000344,7905.95
2025-09-28,A000344,8329.67
2025-10-28,A000344,8909.26
2025-11-28,A000344,9639.83
2025-12-28,A000344,10223.76
2026-01-28,A000344,10892.33
2026-02-28,A000344,11705.57
2026-03-28,A000344,11762.05
2026-04-28,A000344,12168.3
2026-05-28,A000344,11656.63
2026-06-28,A000344,11168.83
2025-07-28,A000345,4850.86
2025-08-28,A000345,5624.85
2025-09-28,A000345,6249.51
2025-10-28,A000345,6481.52
2025-11-28,A000345,6647.83
2025-12-28,A000345,6730.54
2026-01-28,A000345,6505.18
2026-02-28,A000345,7183.71
2026-03-28,A000345,6991.0
2026-04-28,A000345,7239.49
2026-05-28,A000345,7848.8
2026-06-28,A000345,8070.3
2025-07-28,A000346,13815.64
2025-08-28,A000346,13572.97
2025-09-28,A000346,14580.15
2025-10-28,A000346,15963.79
2025-11-28,A000346,16209.17
2025-12-28,A000346,15532.8
2026-01-28,A000346,15007.63
2026-02-28,A000346,16183.31
2026-03-28,A000346,16797.54
2026-04-28,A000346,16261.31
2026-05-28,A000346,16742.38
2026-06-28,A000346,16656.26
2025-07-28,A000347,17345.12
2025-08-28,A000347,19421.74
2025-09-28,A000347,19355.98
2025-10-28,A000347,21152.01
2025-11-28,A000347,22407.0
2025-12-28,A000347,23030.53
2026-01-28,A000347,24559.83
2026-02-28,A000347,24541.23
2026-03-28,A000347,26401.23
2026-04-28,A000347,26309.99
2026-05-28,A000347,27600.41
2026-06-28,A000347,28803.34
2025-07-28,A000348,15025.08
2025-08-28,A000348,15138.69
2025-09-28,A000348,15008.58
2025-10-28,A000348,15386.94
2025-11-28,A000348,15506.17
2025-12-28,A000348,16145.18
2026-01-28,A000348,15966.38
2026-02-28,A000348,15930.96
2026-03-28,A000348,16336.21
2026-04-28,A000348,16544.48
2026-05-28,A000348,16434.7
2026-06-28,A000348,16143.49
2025-07-28,A000349,5382.63
2025-08-28,A000349,5923.98
2025-09-28,A000349,6080.06
2025-10-28,A000349,4140.91
2025-11-28,A000349,4460.98
2025-12-28,A000349,5338.44
2026-01-28,A000349,5284.31
2026-02-28,A000349,4060.88
2026-03-28,A000349,3434.18
2026-04-28,A000349,2006.14
2026-05-28,A000349,3435.87
2026-06-28,A000349,5520.45
2025-07-28,A000350,13720.65
2025-08-28,A000350,13147.75
2025-09-28,A000350,13804.78
2025-10-28,A000350,13810.89
2025-11-28,A000350,15033.1
2025-12-28,A000350,15716.37
2026-01-28,A000350,16737.79
2026-02-28,A000350,16593.71
2026-03-28,A000350,17339.19
2026-04-28,A000350,18268.33
2026-05-28,A000350,19239.09
2026-06-28,A000350,20134.93
2025-07-28,A000351,4944.02
2025-08-28,A000351,4881.2
2025-09-28,A000351,5383.66
2025-10-28,A000351,6145.03
2025-11-28,A000351,6882.06
2025-12-28,A000351,6400.52
2026-01-28,A000351,6540.99
2026-02-28,A000351,6310.84
2026-03-28,A000351,6185.2
2026-04-28,A000351,6750.34
2026-05-28,A000351,6817.18
2026-06-28,A000351,7822.03
2025-07-28,A000352,12413.63
2025-08-28,A000352,13314.54
2025-09-28,A000352,13168.91
2025-10-28,A000352,13811.91
2025-11-28,A000352,14299.93
2025-12-28,A000352,14865.73
2026-01-28,A000352,14993.85
2026-02-28,A000352,15835.36
2026-03-28,A000352,15653.16
2026-04-28,A000352,16628.95
2026-05-28,A000352,17833.76
2026-06-28,A000352,17915.06
2025-07-28,A000353,6433.9
2025-08-28,A000353,6961.85
2025-09-28,A000353,7738.84
2025-10-28,A000353,8032.95
2025-11-28,A000353,7619.83
2025-12-28,A000353,7141.41
2026-01-28,A000353,7885.06
2026-02-28,A000353,7736.12
2026-03-28,A000353,7768.73
2026-04-28,A000353,7875.28
2026-05-28,A000353,8008.38
2026-06-28,A000353,8156.54
2025-07-28,A000354,10706.35
2025-08-28,A000354,10526.61
2025-09-28,A000354,10189.68
2025-10-28,A000354,10140.73
2025-11-28,A000354,9693.49
2025-12-28,A000354,9799.91
2026-01-28,A000354,10004.9
2026-02-28,A000354,9961.56
2026-03-28,A000354,9765.48
2026-04-28,A000354,9711.55
2026-05-28,A000354,10413.55
2026-06-28,A000354,10702.49
2025-07-28,A000355,1847.16
2025-08-28,A000355,2472.43
2025-09-28,A000355,3079.08
2025-10-28,A000355,3411.76
2025-11-28,A000355,3304.5
2025-12-28,A000355,2754.36
2026-01-28,A000355,2737.12
2026-02-28,A000355,2796.97
2026-03-28,A000355,2679.57
2026-04-28,A000355,2670.26
2026-05-28,A000355,3615.57
2026-06-28,A000355,4662.97
2025-07-28,A000356,20318.01
2025-08-28,A000356,21303.79
2025-09-28,A000356,22940.28
2025-10-28,A000356,24021.5
2025-11-28,A000356,22901.64
2025-12-28,A000356,23453.54
2026-01-28,A000356,24426.85
2026-02-28,A000356,25274.4
2026-03-28,A000356,26161.61
2026-04-28,A000356,28254.24
2026-05-28,A000356,27064.91
2026-06-28,A000356,27585.54
2025-07-28,A000357,10866.89
2025-08-28,A000357,10928.6
2025-09-28,A000357,11049.41
2025-10-28,A000357,11665.23
2025-11-28,A000357,11947.11
2025-12-28,A000357,12881.22
2026-01-28,A000357,13605.79
2026-02-28,A000357,13462.28
2026-03-28,A000357,13693.02
2026-04-28,A000357,14074.84
2026-05-28,A000357,13953.33
2026-06-28,A000357,13758.7
2025-07-28,A000358,15777.48
2025-08-28,A000358,16745.88
2025-09-28,A000358,16493.24
2025-10-28,A000358,17350.23
2025-11-28,A000358,18350.53
2025-12-28,A000358,19192.15
2026-01-28,A000358,20140.99
2026-02-28,A000358,20849.59
2026-03-28,A000358,21093.33
2026-04-28,A000358,21657.11
2026-05-28,A000358,22524.93
2026-06-28,A000358,23439.48
2025-07-28,A000359,574.66
2025-08-28,A000359,1171.02
2025-09-28,A000359,224.78
2025-10-28,A000359,1402.47
2025-11-28,A000359,2553.2
2025-12-28,A000359,3613.6
2026-01-28,A000359,2418.14
2026-02-28,A000359,5115.2
2026-03-28,A000359,4476.67
2026-04-28,A000359,4762.67
2026-05-28,A000359,6151.32
2026-06-28,A000359,8038.71
2025-07-28,A000360,13821.21
2025-08-28,A000360,14272.19
2025-09-28,A000360,14517.2
2025-10-28,A000360,15230.74
2025-11-28,A000360,15719.2
2025-12-28,A000360,15236.05
2026-01-28,A000360,15450.5
2026-02-28,A000360,16694.84
2026-03-28,A000360,17861.19
2026-04-28,A000360,17905.68
2026-05-28,A000360,18510.1
2026-06-28,A000360,19450.84
2025-07-28,A000361,7167.84
2025-08-28,A000361,6895.55
2025-09-28,A000361,7376.25
2025-10-28,A000361,6937.65
2025-11-28,A000361,6256.88
2025-12-28,A000361,5607.41
2026-01-28,A000361,6062.62
2026-02-28,A000361,6603.02
2026-03-28,A000361,7521.71
2026-04-28,A000361,8619.72
2026-05-28,A000361,9093.81
2026-06-28,A000361,10219.28
2025-07-28,A000362,14401.91
2025-08-28,A000362,14189.37
2025-09-28,A000362,14649.06
2025-10-28,A000362,14631.91
2025-11-28,A000362,15375.07
2025-12-28,A000362,16651.93
2026-01-28,A000362,16769.7
2026-02-28,A000362,16238.76
2026-03-28,A000362,15618.2
2026-04-28,A000362,16237.89
2026-05-28,A000362,17668.57
2026-06-28,A000362,19167.78
2025-07-28,A000363,4857.74
2025-08-28,A000363,4613.18
2025-09-28,A000363,4780.83
2025-10-28,A000363,5339.68
2025-11-28,A000363,5639.69
2025-12-28,A000363,6443.52
2026-01-28,A000363,6464.27
2026-02-28,A000363,6871.92
2026-03-28,A000363,6366.47
2026-04-28,A000363,7384.49
2026-05-28,A000363,7280.15
2026-06-28,A000363,8497.03
2025-07-28,A000364,8804.99
2025-08-28,A000364,8872.5
2025-09-28,A000364,8382.94
2025-10-28,A000364,9306.55
2025-11-28,A000364,10916.98
2025-12-28,A000364,12390.23
2026-01-28,A000364,12196.24
2026-02-28,A000364,13626.81
2026-03-28,A000364,14878.01
2026-04-28,A000364,15955.33
2026-05-28,A000364,16768.1
2026-06-28,A000364,17360.93
2025-07-28,A000365,10527.5
2025-08-28,A000365,10424.65
2025-09-28,A000365,10750.07
2025-10-28,A000365,11051.69
2025-11-28,A000365,11772.1
2025-12-28,A000365,11853.45
2026-01-28,A000365,11890.22
2026-02-28,A000365,12470.9
2026-03-28,A000365,12616.94
2026-04-28,A000365,12496.28
2026-05-28,A000365,12746.41
2026-06-28,A000365,13249.63
2025-07-28,A000366,1978.2
2025-08-28,A000366,3696.76
2025-09-28,A000366,5778.53
2025-10-28,A000366,5808.42
2025-11-28,A000366,6569.28
2025-12-28,A000366,5906.73
2026-01-28,A000366,6181.76
2026-02-28,A000366,6729.38
2026-03-28,A000366,6060.8
2026-04-28,A000366,7050.74
2026-05-28,A000366,9054.63
2026-06-28,A000366,9095.51
2025-07-28,A000367,13394.36
2025-08-28,A000367,14036.45
2025-09-28,A000367,14225.52
2025-10-28,A000367,15321.01
2025-11-28,A000367,16188.7
2025-12-28,A000367,16152.08
2026-01-28,A000367,15979.84
2026-02-28,A000367,15284.91
2026-03-28,A000367,16380.31
2026-04-28,A000367,17610.97
2026-05-28,A000367,17430.47
2026-06-28,A000367,16940.86
2025-07-28,A000368,9293.52
2025-08-28,A000368,8697.67
2025-09-28,A000368,8120.47
2025-10-28,A000368,8741.57
2025-11-28,A000368,9300.82
2025-12-28,A000368,9920.47
2026-01-28,A000368,11416.99
2026-02-28,A000368,13247.6
2026-03-28,A000368,14040.48
2026-04-28,A000368,13866.96
2026-05-28,A000368,14934.27
2026-06-28,A000368,14848.3
2025-07-28,A000369,7350.29
2025-08-28,A000369,8165.56
2025-09-28,A000369,7912.08
2025-10-28,A000369,8186.82
2025-11-28,A000369,8030.82
2025-12-28,A000369,8914.92
2026-01-28,A000369,9845.1
2026-02-28,A000369,9620.25
2026-03-28,A000369,10665.01
2026-04-28,A000369,11080.88
2026-05-28,A000369,12159.61
2026-06-28,A000369,12327.7
2025-07-28,A000370,14835.66
2025-08-28,A000370,16571.24
2025-09-28,A000370,18818.98
2025-10-28,A000370,20313.8
2025-11-28,A000370,20539.2
2025-12-28,A000370,21562.26
2026-01-28,A000370,23528.48
2026-02-28,A000370,24590.67
2026-03-28,A000370,24357.71
2026-04-28,A000370,23413.57
2026-05-28,A000370,22447.5
2026-06-28,A000370,21720.65
2025-07-28,A000371,4475.78
2025-08-28,A000371,3672.02
2025-09-28,A000371,3520.34
2025-10-28,A000371,3745.42
2025-11-28,A000371,3137.47
2025-12-28,A000371,2517.2
2026-01-28,A000371,1955.8
2026-02-28,A000371,1690.14
2026-03-28,A000371,1013.8
2026-04-28,A000371,1035.34
2026-05-28,A000371,267.37
2026-06-28,A000371,87.31
2025-07-28,A000372,641.39
2025-08-28,A000372,791.73
2025-09-28,A000372,1075.86
2025-10-28,A000372,763.59
2025-11-28,A000372,1105.11
2025-12-28,A000372,1228.39
2026-01-28,A000372,1729.49
2026-02-28,A000372,1685.56
2026-03-28,A000372,1544.23
2026-04-28,A000372,1622.57
2026-05-28,A000372,2456.69
2026-06-28,A000372,3169.3
2025-07-28,A000373,1267.62
2025-08-28,A000373,1784.25
2025-09-28,A000373,1989.94
2025-10-28,A000373,2932.12
2025-11-28,A000373,3416.38
2025-12-28,A000373,4308.24
2026-01-28,A000373,3859.1
2026-02-28,A000373,4211.89
2026-03-28,A000373,4850.23
2026-04-28,A000373,5037.45
2026-05-28,A000373,6025.07
2026-06-28,A000373,5703.01
2025-07-28,A000374,13634.86
2025-08-28,A000374,14841.3
2025-09-28,A000374,15562.71
2025-10-28,A000374,15408.55
2025-11-28,A000374,15422.37
2025-12-28,A000374,15738.59
2026-01-28,A000374,15300.95
2026-02-28,A000374,15879.81
2026-03-28,A000374,15606.06
2026-04-28,A000374,15826.43
2026-05-28,A000374,17155.36
2026-06-28,A000374,17600.04
2025-07-28,A000375,3841.27
2025-08-28,A000375,4468.06
2025-09-28,A000375,5688.18
2025-10-28,A000375,6764.61
2025-11-28,A000375,8045.96
2025-12-28,A000375,7685.26
2026-01-28,A000375,7348.47
2026-02-28,A000375,8416.62
2026-03-28,A000375,9620.61
2026-04-28,A000375,9631.31
2026-05-28,A000375,10336.67
2026-06-28,A000375,10527.57
2025-07-28,A000376,18118.11
2025-08-28,A000376,18211.51
2025-09-28,A000376,19230.68
2025-10-28,A000376,19057.6
2025-11-28,A000376,19115.14
2025-12-28,A000376,19520.83
2026-01-28,A000376,19255.02
2026-02-28,A000376,18804.35
2026-03-28,A000376,19615.58
2026-04-28,A000376,19416.66
2026-05-28,A000376,19658.57
2026-06-28,A000376,19685.31
2025-07-28,A000377,6448.34
2025-08-28,A000377,7338.61
2025-09-28,A000377,6657.3
2025-10-28,A000377,8137.77
2025-11-28,A000377,9604.02
2025-12-28,A000377,9253.6
2026-01-28,A000377,10933.38
2026-02-28,A000377,11953.51
2026-03-28,A000377,11878.83
2026-04-28,A000377,11672.07
2026-05-28,A000377,12725.9
2026-06-28,A000377,11878.0
2025-07-28,A000378,7615.4
2025-08-28,A000378,8130.48
2025-09-28,A000378,8958.96
2025-10-28,A000378,8442.69
2025-11-28,A000378,8945.67
2025-12-28,A000378,9981.79
2026-01-28,A000378,10705.03
2026-02-28,A000378,11203.78
2026-03-28,A000378,11421.24
2026-04-28,A000378,11524.0
2026-05-28,A000378,11275.59
2026-06-28,A000378,10967.37
2025-07-28,A000379,6378.88
2025-08-28,A000379,6096.65
2025-09-28,A000379,5870.92
2025-10-28,A000379,5960.53
2025-11-28,A000379,6396.98
2025-12-28,A000379,6952.08
2026-01-28,A000379,6568.99
2026-02-28,A000379,6427.55
2026-03-28,A000379,6087.83
2026-04-28,A000379,6691.27
2026-05-28,A000379,7233.57
2026-06-28,A000379,7214.31
2025-07-28,A000380,2933.97
2025-08-28,A000380,3310.94
2025-09-28,A000380,3552.53
2025-10-28,A000380,4608.75
2025-11-28,A000380,4663.86
2025-12-28,A000380,5649.15
2026-01-28,A000380,5214.34
2026-02-28,A000380,5050.74
2026-03-28,A000380,5461.0
2026-04-28,A000380,4835.95
2026-05-28,A000380,4599.61
2026-06-28,A000380,5862.36
2025-07-28,A000381,17793.01
2025-08-28,A000381,18330.51
2025-09-28,A000381,18469.25
2025-10-28,A000381,19830.05
2025-11-28,A000381,20410.32
2025-12-28,A000381,19783.29
2026-01-28,A000381,19163.98
2026-02-28,A000381,19057.38
2026-03-28,A000381,19509.59
2026-04-28,A000381,20737.23
2026-05-28,A000381,21747.02
2026-06-28,A000381,21235.11
2025-07-28,A000382,11883.73
2025-08-28,A000382,12483.45
2025-09-28,A000382,12605.9
2025-10-28,A000382,13075.48
2025-11-28,A000382,13046.13
2025-12-28,A000382,13094.47
2026-01-28,A000382,12805.13
2026-02-28,A000382,13291.88
2026-03-28,A000382,13254.63
2026-04-28,A000382,12924.37
2026-05-28,A000382,12763.52
2026-06-28,A000382,12515.28
2025-07-28,A000383,16266.91
2025-08-28,A000383,15516.96
2025-09-28,A000383,16136.17
2025-10-28,A000383,17300.31
2025-11-28,A000383,17418.58
2025-12-28,A000383,18898.78
2026-01-28,A000383,18032.65
2026-02-28,A000383,17353.22
2026-03-28,A000383,18410.37
2026-04-28,A000383,18165.9
2026-05-28,A000383,18020.96
2026-06-28,A000383,18117.26
2025-07-28,A000384,4628.38
2025-08-28,A000384,5188.7
2025-09-28,A000384,5085.76
2025-10-28,A000384,6047.24
2025-11-28,A000384,4936.52
2025-12-28,A000384,3955.97
2026-01-28,A000384,4755.69
2026-02-28,A000384,5234.95
2026-03-28,A000384,5853.62
2026-04-28,A000384,4975.41
2026-05-28,A000384,5863.09
2026-06-28,A000384,4930.94
2025-07-28,A000385,16747.31
2025-08-28,A000385,16466.33
2025-09-28,A000385,16774.92
2025-10-28,A000385,16425.27
2025-11-28,A000385,17475.7
2025-12-28,A000385,17809.92
2026-01-28,A000385,18437.73
2026-02-28,A000385,17907.5
2026-03-28,A000385,18252.94
2026-04-28,A000385,18888.64
2026-05-28,A000385,18939.76
2026-06-28,A000385,19404.69
2025-07-28,A000386,4308.79
2025-08-28,A000386,5086.82
2025-09-28,A000386,5148.59
2025-10-28,A000386,5780.44
2025-11-28,A000386,6836.93
2025-12-28,A000386,6859.35
2026-01-28,A000386,6280.85
2026-02-28,A000386,7062.07
2026-03-28,A000386,7394.1
2026-04-28,A000386,7639.94
2026-05-28,A000386,7297.86
2026-06-28,A000386,7738.84
2025-07-28,A000387,1375.52
2025-08-28,A000387,1055.9
2025-09-28,A000387,1284.89
2025-10-28,A000387,1837.42
2025-11-28,A000387,1618.48
2025-12-28,A000387,1835.27
2026-01-28,A000387,1410.59
2026-02-28,A000387,1842.96
2026-03-28,A000387,1980.39
2026-04-28,A000387,2028.97
2026-05-28,A000387,2477.85
2026-06-28,A000387,2562.75
2025-07-28,A000388,2817.18
2025-08-28,A000388,3284.55
2025-09-28,A000388,3415.73
2025-10-28,A000388,3388.85
2025-11-28,A000388,3067.1
2025-12-28,A000388,3241.39
2026-01-28,A000388,3625.53
2026-02-28,A000388,3977.62
2026-03-28,A000388,4117.93
2026-04-28,A000388,4851.37
2026-05-28,A000388,4675.04
2026-06-28,A000388,4328.87
2025-07-28,A000389,10186.88
2025-08-28,A000389,10831.44
2025-09-28,A000389,10879.52
2025-10-28,A000389,11604.94
2025-11-28,A000389,11965.47
2025-12-28,A000389,12574.84
2026-01-28,A000389,12833.44
2026-02-28,A000389,12432.08
2026-03-28,A000389,13024.11
2026-04-28,A000389,13764.55
2026-05-28,A000389,14264.41
2026-06-28,A000389,15191.85
2025-07-28,A000390,17386.93
2025-08-28,A000390,17324.48
2025-09-28,A000390,17153.96
2025-10-28,A000390,16995.63
2025-11-28,A000390,16468.59
2025-12-28,A000390,15794.28
2026-01-28,A000390,15723.82
2026-02-28,A000390,15449.34
2026-03-28,A000390,15218.25
2026-04-28,A000390,14464.93
2026-05-28,A000390,14521.45
2026-06-28,A000390,14032.58
2025-07-28,A000391,11721.19
2025-08-28,A000391,13187.77
2025-09-28,A000391,13601.29
2025-10-28,A000391,14537.06
2025-11-28,A000391,15634.87
2025-12-28,A000391,15850.84
2026-01-28,A000391,16973.11
2026-02-28,A000391,16646.19
2026-03-28,A000391,17234.54
2026-04-28,A000391,18213.46
2026-05-28,A000391,17686.08
2026-06-28,A000391,17208.24
2025-07-28,A000392,14237.42
2025-08-28,A000392,15018.84
2025-09-28,A000392,14837.58
2025-10-28,A000392,14746.88
2025-11-28,A000392,15178.81
2025-12-28,A000392,15127.78
2026-01-28,A000392,15391.15
2026-02-28,A000392,15997.21
2026-03-28,A000392,16023.06
2026-04-28,A000392,16052.61
2026-05-28,A000392,16937.08
2026-06-28,A000392,17327.07
2025-07-28,A000393,11040.65
2025-08-28,A000393,9920.69
2025-09-28,A000393,9176.52
2025-10-28,A000393,11086.08
2025-11-28,A000393,11406.53
2025-12-28,A000393,11320.88
2026-01-28,A000393,11859.56
2026-02-28,A000393,13789.49
2026-03-28,A000393,15588.26
2026-04-28,A000393,17803.81
2026-05-28,A000393,19300.5
2026-06-28,A000393,20955.19
2025-07-28,A000394,17138.28
2025-08-28,A000394,16603.18
2025-09-28,A000394,15723.33
2025-10-28,A000394,15224.79
2025-11-28,A000394,14949.48
2025-12-28,A000394,15446.25
2026-01-28,A000394,16345.46
2026-02-28,A000394,16482.24
2026-03-28,A000394,17155.1
2026-04-28,A000394,17390.49
2026-05-28,A000394,17434.2
2026-06-28,A000394,16408.66
2025-07-28,A000395,13343.71
2025-08-28,A000395,13136.09
2025-09-28,A000395,12798.69
2025-10-28,A000395,12952.25
2025-11-28,A000395,13040.34
2025-12-28,A000395,14003.49
2026-01-28,A000395,13419.52
2026-02-28,A000395,13110.14
2026-03-28,A000395,13184.61
2026-04-28,A000395,13080.17
2026-05-28,A000395,13295.51
2026-06-28,A000395,12863.63
2025-07-28,A000396,8608.05
2025-08-28,A000396,9888.28
2025-09-28,A000396,9226.7
2025-10-28,A000396,10206.22
2025-11-28,A000396,9883.68
2025-12-28,A000396,11194.51
2026-01-28,A000396,11315.39
2026-02-28,A000396,11894.76
2026-03-28,A000396,11551.88
2026-04-28,A000396,12810.43
2026-05-28,A000396,13023.32
2026-06-28,A000396,13268.54
2025-07-28,A000397,1271.99
2025-08-28,A000397,2169.9
2025-09-28,A000397,2573.54
2025-10-28,A000397,2241.83
2025-11-28,A000397,1976.33
2025-12-28,A000397,1671.64
2026-01-28,A000397,2117.27
2026-02-28,A000397,2578.4
2026-03-28,A000397,2172.54
2026-04-28,A000397,2357.15
2026-05-28,A000397,3480.44
2026-06-28,A000397,3507.86
2025-07-28,A000398,6026.77
2025-08-28,A000398,5682.51
2025-09-28,A000398,6134.76
2025-10-28,A000398,6477.92
2025-11-28,A000398,6474.67
2025-12-28,A000398,6934.17
2026-01-28,A000398,6983.9
2026-02-28,A000398,7191.31
2026-03-28,A000398,7911.46
2026-04-28,A000398,7688.0
2026-05-28,A000398,7698.51
2026-06-28,A000398,7739.07
2025-07-28,A000399,5643.65
2025-08-28,A000399,5582.8
2025-09-28,A000399,5864.9
2025-10-28,A000399,5808.33
2025-11-28,A000399,6335.54
2025-12-28,A000399,6110.84
2026-01-28,A000399,6411.38
2026-02-28,A000399,6661.37
2026-03-28,A000399,6338.14
2026-04-28,A000399,6781.88
2026-05-28,A000399,6756.42
2026-06-28,A000399,7107.55
2025-07-28,A000400,5464.93
2025-08-28,A000400,6204.85
2025-09-28,A000400,6262.77
2025-10-28,A000400,5392.8
2025-11-28,A000400,3975.29
2025-12-28,A000400,3761.0
2026-01-28,A000400,2927.77
2026-02-28,A000400,1991.41
2026-03-28,A000400,765.62
2026-04-28,A000400,-32.15
2026-05-28,A000400,884.25
2026-06-28,A000400,1967.13
2025-07-28,A000401,11290.54
2025-08-28,A000401,12198.68
2025-09-28,A000401,13172.85
2025-10-28,A000401,13978.66
2025-11-28,A000401,13820.42
2025-12-28,A000401,14160.94
2026-01-28,A000401,14244.8
2026-02-28,A000401,14088.43
2026-03-28,A000401,15258.73
2026-04-28,A000401,15062.93
2026-05-28,A000401,14618.73
2026-06-28,A000401,15490.26
2025-07-28,A000402,12443.18
2025-08-28,A000402,12830.78
2025-09-28,A000402,12673.91
2025-10-28,A000402,13721.08
2025-11-28,A000402,14286.16
2025-12-28,A000402,15810.41
2026-01-28,A000402,15860.2
2026-02-28,A000402,15521.07
2026-03-28,A000402,15505.81
2026-04-28,A000402,14735.99
2026-05-28,A000402,16463.95
2026-06-28,A000402,16616.01
2025-07-28,A000403,17857.09
2025-08-28,A000403,17727.98
2025-09-28,A000403,17674.29
2025-10-28,A000403,17929.93
2025-11-28,A000403,18444.48
2025-12-28,A000403,18416.32
2026-01-28,A000403,18523.97
2026-02-28,A000403,19364.06
2026-03-28,A000403,20371.58
2026-04-28,A000403,21291.71
2026-05-28,A000403,22234.7
2026-06-28,A000403,21839.78
2025-07-28,A000404,14115.83
2025-08-28,A000404,14427.44
2025-09-28,A000404,15131.49
2025-10-28,A000404,14703.57
2025-11-28,A000404,16599.57
2025-12-28,A000404,18535.81
2026-01-28,A000404,19261.82
2026-02-28,A000404,18112.94
2026-03-28,A000404,17692.63
2026-04-28,A000404,17234.31
2026-05-28,A000404,17923.17
2026-06-28,A000404,18673.13
2025-07-28,A000405,17335.31
2025-08-28,A000405,17195.76
2025-09-28,A000405,17845.36
2025-10-28,A000405,18203.71
2025-11-28,A000405,18254.26
2025-12-28,A000405,17962.63
2026-01-28,A000405,17941.84
2026-02-28,A000405,18232.68
2026-03-28,A000405,18699.89
2026-04-28,A000405,19160.27
2026-05-28,A000405,19160.29
2026-06-28,A000405,18944.86
2025-07-28,A000406,1530.65
2025-08-28,A000406,1118.96
2025-09-28,A000406,1630.73
2025-10-28,A000406,1541.27
2025-11-28,A000406,1292.15
2025-12-28,A000406,1544.57
2026-01-28,A000406,1345.14
2026-02-28,A000406,1230.06
2026-03-28,A000406,1270.63
2026-04-28,A000406,1264.49
2026-05-28,A000406,2063.01
2026-06-28,A000406,3077.16
2025-07-28,A000407,17246.73
2025-08-28,A000407,18478.55
2025-09-28,A000407,19287.26
2025-10-28,A000407,20119.75
2025-11-28,A000407,21074.44
2025-12-28,A000407,21371.52
2026-01-28,A000407,22852.27
2026-02-28,A000407,22005.6
2026-03-28,A000407,23617.24
2026-04-28,A000407,23929.47
2026-05-28,A000407,25594.63
2026-06-28,A000407,27024.73
2025-07-28,A000408,14489.99
2025-08-28,A000408,14462.95
2025-09-28,A000408,14551.07
2025-10-28,A000408,14229.81
2025-11-28,A000408,13924.04
2025-12-28,A000408,14405.75
2026-01-28,A000408,14767.69
2026-02-28,A000408,15439.66
2026-03-28,A000408,15191.39
2026-04-28,A000408,15206.13
2026-05-28,A000408,14941.51
2026-06-28,A000408,14785.22
2025-07-28,A000409,17172.32
2025-08-28,A000409,16917.28
2025-09-28,A000409,17409.04
2025-10-28,A000409,17675.31
2025-11-28,A000409,18065.87
2025-12-28,A000409,18501.98
2026-01-28,A000409,19021.46
2026-02-28,A000409,18999.32
2026-03-28,A000409,19332.18
2026-04-28,A000409,19765.29
2026-05-28,A000409,20115.32
2026-06-28,A000409,20790.31
2025-07-28,A000410,16428.56
2025-08-28,A000410,17263.61
2025-09-28,A000410,16969.01
2025-10-28,A000410,16911.45
2025-11-28,A000410,17400.84
2025-12-28,A000410,17505.85
2026-01-28,A000410,18212.39
2026-02-28,A000410,17893.12
2026-03-28,A000410,17977.54
2026-04-28,A000410,18294.41
2026-05-28,A000410,18073.5
2026-06-28,A000410,18324.58
2025-07-28,A000411,18291.44
2025-08-28,A000411,17833.31
2025-09-28,A000411,18569.0
2025-10-28,A000411,19259.21
2025-11-28,A000411,19144.57
2025-12-28,A000411,18996.44
2026-01-28,A000411,19545.37
2026-02-28,A000411,20106.26
2026-03-28,A000411,21240.11
2026-04-28,A000411,20899.99
2026-05-28,A000411,21664.49
2026-06-28,A000411,22583.24
2025-07-28,A000412,18135.73
2025-08-28,A000412,17844.22
2025-09-28,A000412,17180.17
2025-10-28,A000412,16818.31
2025-11-28,A000412,18175.74
2025-12-28,A000412,19709.96
2026-01-28,A000412,20813.9
2026-02-28,A000412,21404.96
2026-03-28,A000412,22014.84
2026-04-28,A000412,22712.35
2026-05-28,A000412,22283.02
2026-06-28,A000412,23217.73
2025-07-28,A000413,11181.95
2025-08-28,A000413,12657.25
2025-09-28,A000413,13656.75
2025-10-28,A000413,14550.8
2025-11-28,A000413,16116.88
2025-12-28,A000413,15809.04
2026-01-28,A000413,17098.74
2026-02-28,A000413,18124.54
2026-03-28,A000413,19589.44
2026-04-28,A000413,19045.13
2026-05-28,A000413,20094.43
2026-06-28,A000413,19686.13
2025-07-28,A000414,12161.21
2025-08-28,A000414,11647.67
2025-09-28,A000414,11382.32
2025-10-28,A000414,10584.71
2025-11-28,A000414,9809.51
2025-12-28,A000414,9001.42
2026-01-28,A000414,9226.86
2026-02-28,A000414,8649.08
2026-03-28,A000414,7828.77
2026-04-28,A000414,7231.6
2026-05-28,A000414,6902.34
2026-06-28,A000414,7216.44
2025-07-28,A000415,4260.31
2025-08-28,A000415,3882.06
2025-09-28,A000415,3395.06
2025-10-28,A000415,3862.58
2025-11-28,A000415,5294.01
2025-12-28,A000415,5222.34
2026-01-28,A000415,5407.06
2026-02-28,A000415,6118.8
2026-03-28,A000415,5990.99
2026-04-28,A000415,7028.57
2026-05-28,A000415,6947.37
2026-06-28,A000415,7197.16
2025-07-28,A000416,5118.58
2025-08-28,A000416,5593.76
2025-09-28,A000416,5548.51
2025-10-28,A000416,5649.68
2025-11-28,A000416,6192.43
2025-12-28,A000416,6608.99
2026-01-28,A000416,6819.41
2026-02-28,A000416,7167.74
2026-03-28,A000416,7122.29
2026-04-28,A000416,7494.04
2026-05-28,A000416,7336.41
2026-06-28,A000416,7748.96
2025-07-28,A000417,3277.72
2025-08-28,A000417,3080.3
2025-09-28,A000417,3254.36
2025-10-28,A000417,3737.48
2025-11-28,A000417,3480.05
2025-12-28,A000417,4085.75
2026-01-28,A000417,3784.31
2026-02-28,A000417,3601.19
2026-03-28,A000417,3641.01
2026-04-28,A000417,3456.59
2026-05-28,A000417,3371.0
2026-06-28,A000417,4050.3
2025-07-28,A000418,15821.11
2025-08-28,A000418,15887.52
2025-09-28,A000418,15762.68
2025-10-28,A000418,16281.67
2025-11-28,A000418,16625.56
2025-12-28,A000418,17064.14
2026-01-28,A000418,17281.06
2026-02-28,A000418,17836.24
2026-03-28,A000418,18486.85
2026-04-28,A000418,18699.78
2026-05-28,A000418,19310.74
2026-06-28,A000418,19423.04
2025-07-28,A000419,3848.51
2025-08-28,A000419,4929.63
2025-09-28,A000419,4365.32
2025-10-28,A000419,5242.74
2025-11-28,A000419,6224.53
2025-12-28,A000419,7130.12
2026-01-28,A000419,7763.99
2026-02-28,A000419,8570.55
2026-03-28,A000419,7776.52
2026-04-28,A000419,8878.66
2026-05-28,A000419,9297.52
2026-06-28,A000419,9053.68
2025-07-28,A000420,12175.73
2025-08-28,A000420,11986.61
2025-09-28,A000420,12391.73
2025-10-28,A000420,12217.34
2025-11-28,A000420,12698.48
2025-12-28,A000420,13412.93
2026-01-28,A000420,13711.3
2026-02-28,A000420,13567.19
2026-03-28,A000420,13994.76
2026-04-28,A000420,13796.49
2026-05-28,A000420,13588.87
2026-06-28,A000420,13893.27
2025-07-28,A000421,13055.71
2025-08-28,A000421,13116.32
2025-09-28,A000421,12295.07
2025-10-28,A000421,12487.86
2025-11-28,A000421,13590.41
2025-12-28,A000421,13900.68
2026-01-28,A000421,13938.92
2026-02-28,A000421,13330.2
2026-03-28,A000421,12945.73
2026-04-28,A000421,13029.2
2026-05-28,A000421,12806.27
2026-06-28,A000421,12619.13
2025-07-28,A000422,10171.61
2025-08-28,A000422,9780.65
2025-09-28,A000422,10676.93
2025-10-28,A000422,10890.71
2025-11-28,A000422,10473.48
2025-12-28,A000422,9934.46
2026-01-28,A000422,9398.23
2026-02-28,A000422,9995.19
2026-03-28,A000422,10307.56
2026-04-28,A000422,10614.04
2026-05-28,A000422,10809.63
2026-06-28,A000422,11571.42
2025-07-28,A000423,5246.52
2025-08-28,A000423,4887.5
2025-09-28,A000423,5662.87
2025-10-28,A000423,5132.54
2025-11-28,A000423,4813.81
2025-12-28,A000423,5247.07
2026-01-28,A000423,5288.51
2026-02-28,A000423,5364.73
2026-03-28,A000423,5200.73
2026-04-28,A000423,5596.34
2026-05-28,A000423,6528.54
2026-06-28,A000423,6342.09
2025-07-28,A000424,7590.22
2025-08-28,A000424,7914.8
2025-09-28,A000424,7598.43
2025-10-28,A000424,7226.77
2025-11-28,A000424,7661.59
2025-12-28,A000424,7693.82
2026-01-28,A000424,8117.22
2026-02-28,A000424,8836.91
2026-03-28,A000424,9398.55
2026-04-28,A000424,9861.46
2026-05-28,A000424,10429.6
2026-06-28,A000424,11185.64
2025-07-28,A000425,6146.7
2025-08-28,A000425,6510.75
2025-09-28,A000425,7559.34
2025-10-28,A000425,8245.11
2025-11-28,A000425,8016.66
2025-12-28,A000425,9500.49
2026-01-28,A000425,10085.06
2026-02-28,A000425,9639.53
2026-03-28,A000425,10012.44
2026-04-28,A000425,10053.58
2026-05-28,A000425,9664.22
2026-06-28,A000425,9389.81
2025-07-28,A000426,10196.93
2025-08-28,A000426,10464.96
2025-09-28,A000426,10696.75
2025-10-28,A000426,11094.34
2025-11-28,A000426,10850.02
2025-12-28,A000426,10688.51
2026-01-28,A000426,11391.44
2026-02-28,A000426,11371.27
2026-03-28,A000426,11832.27
2026-04-28,A000426,11673.21
2026-05-28,A000426,12279.52
2026-06-28,A000426,12690.88
2025-07-28,A000427,3186.39
2025-08-28,A000427,4215.17
2025-09-28,A000427,4860.2
2025-10-28,A000427,5002.18
2025-11-28,A000427,5507.91
2025-12-28,A000427,6164.82
2026-01-28,A000427,7141.51
2026-02-28,A000427,7302.53
2026-03-28,A000427,7442.37
2026-04-28,A000427,7129.12
2026-05-28,A000427,8243.11
2026-06-28,A000427,7780.46
2025-07-28,A000428,7069.96
2025-08-28,A000428,7144.01
2025-09-28,A000428,8195.91
2025-10-28,A000428,7716.04
2025-11-28,A000428,8600.41
2025-12-28,A000428,8575.08
2026-01-28,A000428,8898.58
2026-02-28,A000428,9390.68
2026-03-28,A000428,9081.95
2026-04-28,A000428,9170.66
2026-05-28,A000428,9016.5
2026-06-28,A000428,9448.31
2025-07-28,A000429,15127.75
2025-08-28,A000429,14776.79
2025-09-28,A000429,15020.72
2025-10-28,A000429,14422.41
2025-11-28,A000429,13978.95
2025-12-28,A000429,13432.39
2026-01-28,A000429,12953.73
2026-02-28,A000429,12395.59
2026-03-28,A000429,11756.28
2026-04-28,A000429,11187.3
2026-05-28,A000429,10815.74
2026-06-28,A000429,10628.39
2025-07-28,A000430,1949.02
2025-08-28,A000430,1413.04
2025-09-28,A000430,2449.18
2025-10-28,A000430,3013.37
2025-11-28,A000430,2550.3
2025-12-28,A000430,3979.39
2026-01-28,A000430,4309.09
2026-02-28,A000430,4559.11
2026-03-28,A000430,5671.61
2026-04-28,A000430,5638.31
2026-05-28,A000430,6617.68
2026-06-28,A000430,7827.95
2025-07-28,A000431,8897.86
2025-08-28,A000431,8436.23
2025-09-28,A000431,8816.67
2025-10-28,A000431,9196.53
2025-11-28,A000431,9532.93
2025-12-28,A000431,9331.29
2026-01-28,A000431,9824.42
2026-02-28,A000431,9510.78
2026-03-28,A000431,8922.63
2026-04-28,A000431,9318.23
2026-05-28,A000431,9285.64
2026-06-28,A000431,8345.86
2025-07-28,A000432,14935.16
2025-08-28,A000432,14899.97
2025-09-28,A000432,15369.95
2025-10-28,A000432,16125.75
2025-11-28,A000432,15816.72
2025-12-28,A000432,16926.27
2026-01-28,A000432,17828.73
2026-02-28,A000432,17280.14
2026-03-28,A000432,17698.14
2026-04-28,A000432,18282.29
2026-05-28,A000432,18765.77
2026-06-28,A000432,18642.85
2025-07-28,A000433,5617.0
2025-08-28,A000433,6395.48
2025-09-28,A000433,6540.68
2025-10-28,A000433,7054.11
2025-11-28,A000433,7193.38
2025-12-28,A000433,7091.37
2026-01-28,A000433,7899.94
2026-02-28,A000433,7847.79
2026-03-28,A000433,8343.62
2026-04-28,A000433,8560.74
2026-05-28,A000433,8451.01
2026-06-28,A000433,8971.26
2025-07-28,A000434,3297.62
2025-08-28,A000434,3667.42
2025-09-28,A000434,4266.61
2025-10-28,A000434,4076.03
2025-11-28,A000434,3632.88
2025-12-28,A000434,3502.58
2026-01-28,A000434,3327.02
2026-02-28,A000434,3405.12
2026-03-28,A000434,3089.29
2026-04-28,A000434,2865.43
2026-05-28,A000434,3062.43
2026-06-28,A000434,2649.62
2025-07-28,A000435,11276.58
2025-08-28,A000435,12408.7
2025-09-28,A000435,12870.86
2025-10-28,A000435,13795.06
2025-11-28,A000435,12382.09
2025-12-28,A000435,14861.11
2026-01-28,A000435,14167.49
2026-02-28,A000435,16976.86
2026-03-28,A000435,18778.28
2026-04-28,A000435,19794.37
2026-05-28,A000435,21649.13
2026-06-28,A000435,22597.65
2025-07-28,A000436,10733.02
2025-08-28,A000436,10740.87
2025-09-28,A000436,10978.12
2025-10-28,A000436,10864.6
2025-11-28,A000436,10062.99
2025-12-28,A000436,10247.32
2026-01-28,A000436,9811.65
2026-02-28,A000436,9854.66
2026-03-28,A000436,9351.81
2026-04-28,A000436,9567.77
2026-05-28,A000436,9516.87
2026-06-28,A000436,9245.48
2025-07-28,A000437,7164.84
2025-08-28,A000437,8637.99
2025-09-28,A000437,10053.81
2025-10-28,A000437,11673.82
2025-11-28,A000437,11025.17
2025-12-28,A000437,11985.59
2026-01-28,A000437,11705.92
2026-02-28,A000437,12222.46
2026-03-28,A000437,13543.14
2026-04-28,A000437,12893.59
2026-05-28,A000437,12348.93
2026-06-28,A000437,11940.37
2025-07-28,A000438,12383.8
2025-08-28,A000438,12798.1
2025-09-28,A000438,15286.69
2025-10-28,A000438,17158.47
2025-11-28,A000438,17764.32
2025-12-28,A000438,17901.53
2026-01-28,A000438,19564.45
2026-02-28,A000438,19279.95
2026-03-28,A000438,19891.83
2026-04-28,A000438,19033.87
2026-05-28,A000438,20034.39
2026-06-28,A000438,20182.31
2025-07-28,A000439,14382.16
2025-08-28,A000439,14332.51
2025-09-28,A000439,14118.42
2025-10-28,A000439,14416.54
2025-11-28,A000439,14220.54
2025-12-28,A000439,14554.71
2026-01-28,A000439,15109.8
2026-02-28,A000439,14948.89
2026-03-28,A000439,14668.39
2026-04-28,A000439,14813.35
2026-05-28,A000439,15240.46
2026-06-28,A000439,15294.11
2025-07-28,A000440,8718.95
2025-08-28,A000440,9128.01
2025-09-28,A000440,9410.86
2025-10-28,A000440,9418.76
2025-11-28,A000440,9767.15
2025-12-28,A000440,9824.09
2026-01-28,A000440,10374.82
2026-02-28,A000440,10950.46
2026-03-28,A000440,10994.21
2026-04-28,A000440,10703.21
2026-05-28,A000440,10584.55
2026-06-28,A000440,11108.91
2025-07-28,A000441,4637.34
2025-08-28,A000441,4991.53
2025-09-28,A000441,5846.77
2025-10-28,A000441,6009.44
2025-11-28,A000441,6447.87
2025-12-28,A000441,7226.04
2026-01-28,A000441,7781.77
2026-02-28,A000441,7732.7
2026-03-28,A000441,8333.58
2026-04-28,A000441,8544.91
2026-05-28,A000441,9219.57
2026-06-28,A000441,9604.71
2025-07-28,A000442,7002.23
2025-08-28,A000442,8079.51
2025-09-28,A000442,8875.2
2025-10-28,A000442,10211.67
2025-11-28,A000442,10028.48
2025-12-28,A000442,10248.54
2026-01-28,A000442,11127.9
2026-02-28,A000442,11765.15
2026-03-28,A000442,11343.05
2026-04-28,A000442,11615.41
2026-05-28,A000442,12892.62
2026-06-28,A000442,12539.3
2025-07-28,A000443,16009.73
2025-08-28,A000443,15813.25
2025-09-28,A000443,17648.48
2025-10-28,A000443,19108.2
2025-11-28,A000443,20241.72
2025-12-28,A000443,21727.68
2026-01-28,A000443,22752.84
2026-02-28,A000443,24274.9
2026-03-28,A000443,24247.64
2026-04-28,A000443,23817.21
2026-05-28,A000443,23931.44
2026-06-28,A000443,23381.39
2025-07-28,A000444,7868.39
2025-08-28,A000444,7922.86
2025-09-28,A000444,7757.14
2025-10-28,A000444,8014.87
2025-11-28,A000444,8973.8
2025-12-28,A000444,9016.34
2026-01-28,A000444,8832.66
2026-02-28,A000444,8613.98
2026-03-28,A000444,9270.64
2026-04-28,A000444,9205.42
2026-05-28,A000444,9090.18
2026-06-28,A000444,9642.58
2025-07-28,A000445,10511.36
2025-08-28,A000445,12936.72
2025-09-28,A000445,14454.98
2025-10-28,A000445,13516.97
2025-11-28,A000445,13134.68
2025-12-28,A000445,13953.55
2026-01-28,A000445,15571.27
2026-02-28,A000445,16133.28
2026-03-28,A000445,17560.46
2026-04-28,A000445,17087.18
2026-05-28,A000445,17284.82
2026-06-28,A000445,19618.09
2025-07-28,A000446,16801.29
2025-08-28,A000446,16720.25
2025-09-28,A000446,17737.97
2025-10-28,A000446,18709.31
2025-11-28,A000446,18943.2
2025-12-28,A000446,19329.87
2026-01-28,A000446,18776.95
2026-02-28,A000446,19268.24
2026-03-28,A000446,19124.8
2026-04-28,A000446,19550.05
2026-05-28,A000446,20295.02
2026-06-28,A000446,20565.77
2025-07-28,A000447,7310.15
2025-08-28,A000447,8011.58
2025-09-28,A000447,8117.33
2025-10-28,A000447,8981.13
2025-11-28,A000447,9020.49
2025-12-28,A000447,9368.13
2026-01-28,A000447,8993.43
2026-02-28,A000447,10253.01
2026-03-28,A000447,10386.31
2026-04-28,A000447,11369.12
2026-05-28,A000447,12324.57
2026-06-28,A000447,12001.44
2025-07-28,A000448,9777.89
2025-08-28,A000448,10206.48
2025-09-28,A000448,10925.62
2025-10-28,A000448,11163.82
2025-11-28,A000448,11297.07
2025-12-28,A000448,11165.81
2026-01-28,A000448,11097.45
2026-02-28,A000448,11268.81
2026-03-28,A000448,11428.04
2026-04-28,A000448,11353.06
2026-05-28,A000448,11845.64
2026-06-28,A000448,12082.93
2025-07-28,A000449,11399.86
2025-08-28,A000449,10374.63
2025-09-28,A000449,11231.71
2025-10-28,A000449,11126.65
2025-11-28,A000449,11483.87
2025-12-28,A000449,12279.99
2026-01-28,A000449,13238.15
2026-02-28,A000449,14384.64
2026-03-28,A000449,14967.88
2026-04-28,A000449,15864.2
2026-05-28,A000449,15614.68
2026-06-28,A000449,15755.35
2025-07-28,A000450,10204.88
2025-08-28,A000450,10164.68
2025-09-28,A000450,10546.76
2025-10-28,A000450,13415.95
2025-11-28,A000450,14595.3
2025-12-28,A000450,15945.86
2026-01-28,A000450,15972.04
2026-02-28,A000450,14518.05
2026-03-28,A000450,14889.18
2026-04-28,A000450,14037.77
2026-05-28,A000450,15426.35
2026-06-28,A000450,15102.58
2025-07-28,A000451,1326.94
2025-08-28,A000451,1665.1
2025-09-28,A000451,2194.09
2025-10-28,A000451,1647.18
2025-11-28,A000451,1709.18
2025-12-28,A000451,2422.25
2026-01-28,A000451,2496.17
2026-02-28,A000451,3241.64
2026-03-28,A000451,3538.89
2026-04-28,A000451,5378.83
2026-05-28,A000451,6537.34
2026-06-28,A000451,6064.92
2025-07-28,A000452,8672.43
2025-08-28,A000452,10098.11
2025-09-28,A000452,11013.1
2025-10-28,A000452,10885.18
2025-11-28,A000452,10134.28
2025-12-28,A000452,11200.2
2026-01-28,A000452,11239.33
2026-02-28,A000452,11445.91
2026-03-28,A000452,12399.28
2026-04-28,A000452,13540.56
2026-05-28,A000452,12840.47
2026-06-28,A000452,13398.52
2025-07-28,A000453,2039.66
2025-08-28,A000453,2803.05
2025-09-28,A000453,3390.12
2025-10-28,A000453,3722.07
2025-11-28,A000453,3392.41
2025-12-28,A000453,3197.22
2026-01-28,A000453,3495.81
2026-02-28,A000453,4076.91
2026-03-28,A000453,3679.98
2026-04-28,A000453,3348.58
2026-05-28,A000453,3288.17
2026-06-28,A000453,3351.31
2025-07-28,A000454,7888.03
2025-08-28,A000454,8419.96
2025-09-28,A000454,8244.33
2025-10-28,A000454,8623.94
2025-11-28,A000454,9001.98
2025-12-28,A000454,8712.99
2026-01-28,A000454,9263.94
2026-02-28,A000454,9780.48
2026-03-28,A000454,9761.3
2026-04-28,A000454,9603.41
2026-05-28,A000454,10052.2
2026-06-28,A000454,10697.66
2025-07-28,A000455,2435.34
2025-08-28,A000455,2098.5
2025-09-28,A000455,2014.82
2025-10-28,A000455,2291.54
2025-11-28,A000455,2055.67
2025-12-28,A000455,1991.19
2026-01-28,A000455,2121.68
2026-02-28,A000455,2038.17
2026-03-28,A000455,2100.71
2026-04-28,A000455,2667.51
2026-05-28,A000455,2695.07
2026-06-28,A000455,2662.94
2025-07-28,A000456,1944.81
2025-08-28,A000456,868.1
2025-09-28,A000456,1976.25
2025-10-28,A000456,1308.51
2025-11-28,A000456,2547.0
2025-12-28,A000456,4189.39
2026-01-28,A000456,5055.82
2026-02-28,A000456,4515.44
2026-03-28,A000456,6032.02
2026-04-28,A000456,6508.22
2026-05-28,A000456,8226.11
2026-06-28,A000456,7939.94
2025-07-28,A000457,12711.74
2025-08-28,A000457,11728.28
2025-09-28,A000457,12437.0
2025-10-28,A000457,11902.09
2025-11-28,A000457,12685.33
2025-12-28,A000457,12980.87
2026-01-28,A000457,13735.17
2026-02-28,A000457,15051.28
2026-03-28,A000457,16355.04
2026-04-28,A000457,18596.74
2026-05-28,A000457,21076.87
2026-06-28,A000457,21512.07
2025-07-28,A000458,6976.6
2025-08-28,A000458,7432.93
2025-09-28,A000458,8267.31
2025-10-28,A000458,7877.78
2025-11-28,A000458,8500.37
2025-12-28,A000458,7977.02
2026-01-28,A000458,7428.56
2026-02-28,A000458,7273.95
2026-03-28,A000458,7469.74
2026-04-28,A000458,7271.61
2026-05-28,A000458,8409.46
2026-06-28,A000458,7909.02
2025-07-28,A000459,2982.07
2025-08-28,A000459,2894.59
2025-09-28,A000459,3549.83
2025-10-28,A000459,4241.2
2025-11-28,A000459,3865.65
2025-12-28,A000459,4312.74
2026-01-28,A000459,4073.99
2026-02-28,A000459,4426.59
2026-03-28,A000459,4303.53
2026-04-28,A000459,4993.68
2026-05-28,A000459,5193.3
2026-06-28,A000459,5569.96
2025-07-28,A000460,9888.57
2025-08-28,A000460,9038.88
2025-09-28,A000460,10695.58
2025-10-28,A000460,12394.7
2025-11-28,A000460,14472.33
2025-12-28,A000460,14265.22
2026-01-28,A000460,13759.77
2026-02-28,A000460,15344.07
2026-03-28,A000460,16219.41
2026-04-28,A000460,17923.67
2026-05-28,A000460,17341.15
2026-06-28,A000460,16587.23
2025-07-28,A000461,13584.08
2025-08-28,A000461,13300.92
2025-09-28,A000461,12558.11
2025-10-28,A000461,12618.63
2025-11-28,A000461,12131.24
2025-12-28,A000461,13193.6
2026-01-28,A000461,13364.21
2026-02-28,A000461,12800.37
2026-03-28,A000461,13898.36
2026-04-28,A000461,14537.61
2026-05-28,A000461,14261.38
2026-06-28,A000461,14094.75
2025-07-28,A000462,12355.57
2025-08-28,A000462,12041.22
2025-09-28,A000462,11772.71
2025-10-28,A000462,11677.33
2025-11-28,A000462,11601.4
2025-12-28,A000462,11322.19
2026-01-28,A000462,11880.55
2026-02-28,A000462,12481.84
2026-03-28,A000462,12306.47
2026-04-28,A000462,11885.35
2026-05-28,A000462,12460.47
2026-06-28,A000462,13156.64
2025-07-28,A000463,18336.62
2025-08-28,A000463,19122.65
2025-09-28,A000463,19913.62
2025-10-28,A000463,20131.04
2025-11-28,A000463,21099.54
2025-12-28,A000463,20982.7
2026-01-28,A000463,21028.4
2026-02-28,A000463,21607.46
2026-03-28,A000463,21132.31
2026-04-28,A000463,21899.03
2026-05-28,A000463,21484.25
2026-06-28,A000463,20947.26
2025-07-28,A000464,16208.37
2025-08-28,A000464,17047.37
2025-09-28,A000464,17057.81
2025-10-28,A000464,16847.36
2025-11-28,A000464,17176.8
2025-12-28,A000464,18274.61
2026-01-28,A000464,18895.98
2026-02-28,A000464,18366.07
2026-03-28,A000464,18300.66
2026-04-28,A000464,19443.84
2026-05-28,A000464,20874.44
2026-06-28,A000464,20231.5
2025-07-28,A000465,17107.34
2025-08-28,A000465,16434.96
2025-09-28,A000465,17465.95
2025-10-28,A000465,17673.49
2025-11-28,A000465,17580.71
2025-12-28,A000465,17522.46
2026-01-28,A000465,16953.7
2026-02-28,A000465,16145.94
2026-03-28,A000465,15143.18
2026-04-28,A000465,15486.74
2026-05-28,A000465,16155.95
2026-06-28,A000465,15787.96
2025-07-28,A000466,6527.12
2025-08-28,A000466,6129.01
2025-09-28,A000466,6261.63
2025-10-28,A000466,6869.53
2025-11-28,A000466,8196.19
2025-12-28,A000466,8542.99
2026-01-28,A000466,9263.9
2026-02-28,A000466,9011.64
2026-03-28,A000466,9884.54
2026-04-28,A000466,9619.74
2026-05-28,A000466,10830.53
2026-06-28,A000466,10009.28
2025-07-28,A000467,10002.11
2025-08-28,A000467,10687.48
2025-09-28,A000467,11241.96
2025-10-28,A000467,13018.07
2025-11-28,A000467,14783.59
2025-12-28,A000467,14898.22
2026-01-28,A000467,16518.72
2026-02-28,A000467,17103.41
2026-03-28,A000467,19044.76
2026-04-28,A000467,20616.9
2026-05-28,A000467,22491.01
2026-06-28,A000467,23571.28
2025-07-28,A000468,9798.89
2025-08-28,A000468,9927.87
2025-09-28,A000468,9555.5
2025-10-28,A000468,8967.67
2025-11-28,A000468,9466.71
2025-12-28,A000468,9144.68
2026-01-28,A000468,8160.36
2026-02-28,A000468,8099.93
2026-03-28,A000468,7913.77
2026-04-28,A000468,7852.73
2026-05-28,A000468,7561.73
2026-06-28,A000468,7679.1
2025-07-28,A000469,2916.78
2025-08-28,A000469,3103.79
2025-09-28,A000469,3688.42
2025-10-28,A000469,4903.74
2025-11-28,A000469,4838.66
2025-12-28,A000469,6061.51
2026-01-28,A000469,6307.25
2026-02-28,A000469,5839.68
2026-03-28,A000469,6018.1
2026-04-28,A000469,5306.32
2026-05-28,A000469,6465.56
2026-06-28,A000469,6110.17
2025-07-28,A000470,10830.24
2025-08-28,A000470,11250.15
2025-09-28,A000470,11725.27
2025-10-28,A000470,12095.67
2025-11-28,A000470,12812.4
2025-12-28,A000470,12542.87
2026-01-28,A000470,12453.31
2026-02-28,A000470,12761.72
2026-03-28,A000470,13327.05
2026-04-28,A000470,13514.87
2026-05-28,A000470,13288.84
2026-06-28,A000470,13420.01
2025-07-28,A000471,14525.1
2025-08-28,A000471,14770.34
2025-09-28,A000471,15345.56
2025-10-28,A000471,15619.78
2025-11-28,A000471,15175.48
2025-12-28,A000471,15515.87
2026-01-28,A000471,16360.12
2026-02-28,A000471,16835.54
2026-03-28,A000471,17885.66
2026-04-28,A000471,18832.09
2026-05-28,A000471,19998.85
2026-06-28,A000471,21170.38
2025-07-28,A000472,2889.83
2025-08-28,A000472,2838.02
2025-09-28,A000472,4004.44
2025-10-28,A000472,3728.57
2025-11-28,A000472,4006.69
2025-12-28,A000472,3586.07
2026-01-28,A000472,5092.35
2026-02-28,A000472,5954.28
2026-03-28,A000472,6479.59
2026-04-28,A000472,5822.12
2026-05-28,A000472,5931.2
2026-06-28,A000472,5514.36
2025-07-28,A000473,18078.88
2025-08-28,A000473,18533.55
2025-09-28,A000473,19075.72
2025-10-28,A000473,19639.97
2025-11-28,A000473,19217.8
2025-12-28,A000473,19730.04
2026-01-28,A000473,20068.29
2026-02-28,A000473,20653.64
2026-03-28,A000473,20667.2
2026-04-28,A000473,21061.34
2026-05-28,A000473,21680.96
2026-06-28,A000473,21761.46
2025-07-28,A000474,2795.27
2025-08-28,A000474,2655.28
2025-09-28,A000474,2976.83
2025-10-28,A000474,3464.13
2025-11-28,A000474,3703.58
2025-12-28,A000474,4281.13
2026-01-28,A000474,4142.44
2026-02-28,A000474,4739.98
2026-03-28,A000474,5275.86
2026-04-28,A000474,5321.16
2026-05-28,A000474,6019.66
2026-06-28,A000474,5841.22
2025-07-28,A000475,1240.8
2025-08-28,A000475,1994.1
2025-09-28,A000475,2598.27
2025-10-28,A000475,2675.01
2025-11-28,A000475,2255.98
2025-12-28,A000475,2277.33
2026-01-28,A000475,3805.26
2026-02-28,A000475,4625.31
2026-03-28,A000475,4999.62
2026-04-28,A000475,4121.65
2026-05-28,A000475,4520.74
2026-06-28,A000475,5126.59
2025-07-28,A000476,9859.48
2025-08-28,A000476,9897.03
2025-09-28,A000476,9913.38
2025-10-28,A000476,9448.35
2025-11-28,A000476,9593.79
2025-12-28,A000476,9306.13
2026-01-28,A000476,8356.12
2026-02-28,A000476,7734.82
2026-03-28,A000476,7718.85
2026-04-28,A000476,7888.11
2026-05-28,A000476,8263.2
2026-06-28,A000476,8022.82
2025-07-28,A000477,18070.58
2025-08-28,A000477,19813.74
2025-09-28,A000477,21102.16
2025-10-28,A000477,22089.33
2025-11-28,A000477,22052.64
2025-12-28,A000477,24982.89
2026-01-28,A000477,27726.2
2026-02-28,A000477,28514.71
2026-03-28,A000477,30205.29
2026-04-28,A000477,28967.6
2026-05-28,A000477,28886.5
2026-06-28,A000477,28421.46
2025-07-28,A000478,4907.96
2025-08-28,A000478,4792.25
2025-09-28,A000478,6063.76
2025-10-28,A000478,6685.48
2025-11-28,A000478,6580.32
2025-12-28,A000478,8028.46
2026-01-28,A000478,9488.49
2026-02-28,A000478,10613.68
2026-03-28,A000478,11192.86
2026-04-28,A000478,12114.67
2026-05-28,A000478,11911.83
2026-06-28,A000478,13236.74
2025-07-28,A000479,1073.72
2025-08-28,A000479,1573.47
2025-09-28,A000479,2748.9
2025-10-28,A000479,2714.99
2025-11-28,A000479,2985.46
2025-12-28,A000479,2540.55
2026-01-28,A000479,2993.85
2026-02-28,A000479,4033.27
2026-03-28,A000479,3937.83
2026-04-28,A000479,5200.88
2026-05-28,A000479,6167.69
2026-06-28,A000479,7143.76
2025-07-28,A000480,2310.23
2025-08-28,A000480,2544.45
2025-09-28,A000480,2807.14
2025-10-28,A000480,3406.39
2025-11-28,A000480,3196.93
2025-12-28,A000480,3104.9
2026-01-28,A000480,3695.47
2026-02-28,A000480,3878.58
2026-03-28,A000480,3551.39
2026-04-28,A000480,3201.48
2026-05-28,A000480,3898.94
2026-06-28,A000480,3679.32
2025-07-28,A000481,12869.47
2025-08-28,A000481,13175.36
2025-09-28,A000481,13626.08
2025-10-28,A000481,14004.26
2025-11-28,A000481,14142.94
2025-12-28,A000481,14552.45
2026-01-28,A000481,15068.1
2026-02-28,A000481,16307.73
2026-03-28,A000481,16220.87
2026-04-28,A000481,16082.92
2026-05-28,A000481,15794.22
2026-06-28,A000481,16038.91
2025-07-28,A000482,10530.33
2025-08-28,A000482,10003.7
2025-09-28,A000482,10179.4
2025-10-28,A000482,11052.69
2025-11-28,A000482,11388.76
2025-12-28,A000482,12369.2
2026-01-28,A000482,11782.57
2026-02-28,A000482,11180.03
2026-03-28,A000482,11947.09
2026-04-28,A000482,12213.07
2026-05-28,A000482,12592.1
2026-06-28,A000482,13244.79
2025-07-28,A000483,3506.62
2025-08-28,A000483,3336.3
2025-09-28,A000483,3477.22
2025-10-28,A000483,3656.77
2025-11-28,A000483,3622.48
2025-12-28,A000483,3349.86
2026-01-28,A000483,3074.12
2026-02-28,A000483,2828.77
2026-03-28,A000483,3459.96
2026-04-28,A000483,3716.64
2026-05-28,A000483,3879.49
2026-06-28,A000483,3623.61
2025-07-28,A000484,17284.99
2025-08-28,A000484,18200.7
2025-09-28,A000484,18152.62
2025-10-28,A000484,18711.29
2025-11-28,A000484,18204.89
2025-12-28,A000484,18421.29
2026-01-28,A000484,18379.64
2026-02-28,A000484,18188.89
2026-03-28,A000484,17859.94
2026-04-28,A000484,17417.65
2026-05-28,A000484,17367.38
2026-06-28,A000484,16857.49
2025-07-28,A000485,13298.75
2025-08-28,A000485,12863.13
2025-09-28,A000485,12340.16
2025-10-28,A000485,11954.88
2025-11-28,A000485,11995.57
2025-12-28,A000485,11723.08
2026-01-28,A000485,11864.74
2026-02-28,A000485,11228.41
2026-03-28,A000485,11019.78
2026-04-28,A000485,11012.96
2026-05-28,A000485,10853.0
2026-06-28,A000485,10178.28
2025-07-28,A000486,4480.47
2025-08-28,A000486,4345.73
2025-09-28,A000486,5639.07
2025-10-28,A000486,6734.64
2025-11-28,A000486,8231.01
2025-12-28,A000486,8444.22
2026-01-28,A000486,8973.9
2026-02-28,A000486,10237.72
2026-03-28,A000486,11219.25
2026-04-28,A000486,10576.27
2026-05-28,A000486,10972.85
2026-06-28,A000486,10899.82
2025-07-28,A000487,10573.84
2025-08-28,A000487,11745.09
2025-09-28,A000487,12880.08
2025-10-28,A000487,14487.18
2025-11-28,A000487,14935.61
2025-12-28,A000487,16155.74
2026-01-28,A000487,15817.62
2026-02-28,A000487,14924.0
2026-03-28,A000487,15663.86
2026-04-28,A000487,16471.37
2026-05-28,A000487,16016.48
2026-06-28,A000487,16681.26
2025-07-28,A000488,14202.59
2025-08-28,A000488,13547.06
2025-09-28,A000488,13500.29
2025-10-28,A000488,15278.31
2025-11-28,A000488,15730.39
2025-12-28,A000488,15718.6
2026-01-28,A000488,16356.55
2026-02-28,A000488,17039.52
2026-03-28,A000488,18038.61
2026-04-28,A000488,17665.94
2026-05-28,A000488,17473.24
2026-06-28,A000488,18215.66
2025-07-28,A000489,4710.34
2025-08-28,A000489,4111.38
2025-09-28,A000489,4779.08
2025-10-28,A000489,5187.03
2025-11-28,A000489,4829.53
2025-12-28,A000489,4857.68
2026-01-28,A000489,6006.08
2026-02-28,A000489,7151.27
2026-03-28,A000489,8296.06
2026-04-28,A000489,8989.66
2026-05-28,A000489,10134.3
2026-06-28,A000489,10287.2
2025-07-28,A000490,10396.49
2025-08-28,A000490,10335.24
2025-09-28,A000490,11827.68
2025-10-28,A000490,11850.18
2025-11-28,A000490,12846.35
2025-12-28,A000490,13614.43
2026-01-28,A000490,13973.64
2026-02-28,A000490,13570.74
2026-03-28,A000490,15125.62
2026-04-28,A000490,15157.31
2026-05-28,A000490,14473.44
2026-06-28,A000490,14901.01
2025-07-28,A000491,4557.87
2025-08-28,A000491,5014.26
2025-09-28,A000491,6250.69
2025-10-28,A000491,6531.16
2025-11-28,A000491,7293.35
2025-12-28,A000491,7244.08
2026-01-28,A000491,7398.86
2026-02-28,A000491,8451.76
2026-03-28,A000491,8016.96
2026-04-28,A000491,7666.21
2026-05-28,A000491,8632.4
2026-06-28,A000491,9785.27
2025-07-28,A000492,14039.09
2025-08-28,A000492,13701.13
2025-09-28,A000492,13552.69
2025-10-28,A000492,13837.08
2025-11-28,A000492,13777.89
2025-12-28,A000492,13875.16
2026-01-28,A000492,14211.54
2026-02-28,A000492,14848.28
2026-03-28,A000492,15471.06
2026-04-28,A000492,15971.8
2026-05-28,A000492,16378.55
2026-06-28,A000492,16875.04
2025-07-28,A000493,13366.13
2025-08-28,A000493,13424.82
2025-09-28,A000493,13985.67
2025-10-28,A000493,13601.74
2025-11-28,A000493,13346.32
2025-12-28,A000493,12977.53
2026-01-28,A000493,12584.27
2026-02-28,A000493,12498.86
2026-03-28,A000493,12986.69
2026-04-28,A000493,13259.04
2026-05-28,A000493,13802.6
2026-06-28,A000493,14142.79
2025-07-28,A000494,15270.59
2025-08-28,A000494,16478.36
2025-09-28,A000494,16060.27
2025-10-28,A000494,16967.85
2025-11-28,A000494,17056.13
2025-12-28,A000494,17381.71
2026-01-28,A000494,18205.87
2026-02-28,A000494,18802.32
2026-03-28,A000494,18491.55
2026-04-28,A000494,19515.41
2026-05-28,A000494,20508.63
2026-06-28,A000494,19929.66
2025-07-28,A000495,4928.34
2025-08-28,A000495,5782.13
2025-09-28,A000495,6596.39
2025-10-28,A000495,7252.83
2025-11-28,A000495,7127.56
2025-12-28,A000495,6836.33
2026-01-28,A000495,6877.66
2026-02-28,A000495,7650.87
2026-03-28,A000495,7508.06
2026-04-28,A000495,7711.37
2026-05-28,A000495,7783.26
2026-06-28,A000495,7464.38
2025-07-28,A000496,6876.47
2025-08-28,A000496,7313.99
2025-09-28,A000496,7327.06
2025-10-28,A000496,7202.21
2025-11-28,A000496,6740.06
2025-12-28,A000496,7971.33
2026-01-28,A000496,7862.26
2026-02-28,A000496,7411.36
2026-03-28,A000496,7605.18
2026-04-28,A000496,7531.04
2026-05-28,A000496,7590.54
2026-06-28,A000496,8624.17
2025-07-28,A000497,13931.63
2025-08-28,A000497,14362.64
2025-09-28,A000497,15013.67
2025-10-28,A000497,15002.94
2025-11-28,A000497,14750.18
2025-12-28,A000497,14968.76
2026-01-28,A000497,15706.81
2026-02-28,A000497,15453.7
2026-03-28,A000497,16406.43
2026-04-28,A000497,16851.8
2026-05-28,A000497,17409.3
2026-06-28,A000497,17025.77
2025-07-28,A000498,15737.64
2025-08-28,A000498,16773.09
2025-09-28,A000498,18059.14
2025-10-28,A000498,18919.96
2025-11-28,A000498,19649.9
2025-12-28,A000498,20630.28
2026-01-28,A000498,21333.75
2026-02-28,A000498,22577.09
2026-03-28,A000498,22326.53
2026-04-28,A000498,23656.48
2026-05-28,A000498,24842.65
2026-06-28,A000498,24613.34
2025-07-28,A000499,2103.56
2025-08-28,A000499,2631.79
2025-09-28,A000499,3169.37
2025-10-28,A000499,3188.03
2025-11-28,A000499,3667.12
2025-12-28,A000499,4201.96
2026-01-28,A000499,4992.43
2026-02-28,A000499,4991.74
2026-03-28,A000499,5672.51
2026-04-28,A000499,6215.9
2026-05-28,A000499,5909.11
2026-06-28,A000499,5839.8
2025-07-28,A000500,10426.75
2025-08-28,A000500,11302.36
2025-09-28,A000500,11835.4
2025-10-28,A000500,12281.42
2025-11-28,A000500,11915.31
2025-12-28,A000500,12923.88
2026-01-28,A000500,12384.35
2026-02-28,A000500,12196.9
2026-03-28,A000500,13059.37
2026-04-28,A000500,13107.82
2026-05-28,A000500,13208.79
2026-06-28,A000500,13256.06
2025-07-28,A000501,10525.43
2025-08-28,A000501,10738.39
2025-09-28,A000501,10951.86
2025-10-28,A000501,10800.92
2025-11-28,A000501,10610.85
2025-12-28,A000501,10508.27
2026-01-28,A000501,10450.09
2026-02-28,A000501,10271.28
2026-03-28,A000501,10293.16
2026-04-28,A000501,10352.85
2026-05-28,A000501,10960.53
2026-06-28,A000501,10865.76
2025-07-28,A000502,4564.53
2025-08-28,A000502,4347.1
2025-09-28,A000502,3971.93
2025-10-28,A000502,4533.2
2025-11-28,A000502,4694.94
2025-12-28,A000502,5152.18
2026-01-28,A000502,5168.97
2026-02-28,A000502,5580.7
2026-03-28,A000502,5516.92
2026-04-28,A000502,5283.67
2026-05-28,A000502,5618.33
2026-06-28,A000502,5934.58
2025-07-28,A000503,5292.42
2025-08-28,A000503,4705.2
2025-09-28,A000503,4660.61
2025-10-28,A000503,4138.04
2025-11-28,A000503,3786.53
2025-12-28,A000503,3279.95
2026-01-28,A000503,2751.33
2026-02-28,A000503,2152.64
2026-03-28,A000503,1513.94
2026-04-28,A000503,977.6
2026-05-28,A000503,1094.95
2026-06-28,A000503,689.92
2025-07-28,A000504,5276.63
2025-08-28,A000504,5939.9
2025-09-28,A000504,6161.87
2025-10-28,A000504,6574.77
2025-11-28,A000504,6321.29
2025-12-28,A000504,7109.86
2026-01-28,A000504,7622.26
2026-02-28,A000504,7949.25
2026-03-28,A000504,8179.69
2026-04-28,A000504,8468.43
2026-05-28,A000504,8499.71
2026-06-28,A000504,8935.1
2025-07-28,A000505,12245.67
2025-08-28,A000505,11922.64
2025-09-28,A000505,12629.46
2025-10-28,A000505,11934.58
2025-11-28,A000505,12260.64
2025-12-28,A000505,12066.81
2026-01-28,A000505,13055.59
2026-02-28,A000505,13028.91
2026-03-28,A000505,13167.1
2026-04-28,A000505,13024.26
2026-05-28,A000505,14021.53
2026-06-28,A000505,14016.6
2025-07-28,A000506,2299.66
2025-08-28,A000506,1962.66
2025-09-28,A000506,2524.37
2025-10-28,A000506,3054.9
2025-11-28,A000506,3110.62
2025-12-28,A000506,2941.74
2026-01-28,A000506,2908.52
2026-02-28,A000506,2262.98
2026-03-28,A000506,2884.06
2026-04-28,A000506,3561.29
2026-05-28,A000506,2951.28
2026-06-28,A000506,3018.42
2025-07-28,A000507,2836.51
2025-08-28,A000507,3606.08
2025-09-28,A000507,3913.03
2025-10-28,A000507,4795.27
2025-11-28,A000507,5543.17
2025-12-28,A000507,5355.22
2026-01-28,A000507,6116.49
2026-02-28,A000507,6556.82
2026-03-28,A000507,7784.88
2026-04-28,A000507,7625.58
2026-05-28,A000507,7351.87
2026-06-28,A000507,7977.43
2025-07-28,A000508,15820.21
2025-08-28,A000508,16143.63
2025-09-28,A000508,15914.9
2025-10-28,A000508,16756.59
2025-11-28,A000508,16014.91
2025-12-28,A000508,16559.49
2026-01-28,A000508,16519.92
2026-02-28,A000508,17338.41
2026-03-28,A000508,18092.8
2026-04-28,A000508,17485.48
2026-05-28,A000508,17078.56
2026-06-28,A000508,17273.02
2025-07-28,A000509,8441.23
2025-08-28,A000509,8467.62
2025-09-28,A000509,8558.98
2025-10-28,A000509,8713.5
2025-11-28,A000509,8336.09
2025-12-28,A000509,8975.57
2026-01-28,A000509,8571.44
2026-02-28,A000509,9102.22
2026-03-28,A000509,9725.28
2026-04-28,A000509,9820.54
2026-05-28,A000509,9598.85
2026-06-28,A000509,9792.9
2025-07-28,A000510,13440.36
2025-08-28,A000510,13177.45
2025-09-28,A000510,13069.11
2025-10-28,A000510,13398.61
2025-11-28,A000510,13377.78
2025-12-28,A000510,13170.48
2026-01-28,A000510,13500.01
2026-02-28,A000510,13405.57
2026-03-28,A000510,13097.62
2026-04-28,A000510,13437.22
2026-05-28,A000510,13662.98
2026-06-28,A000510,14237.1
2025-07-28,A000511,14848.38
2025-08-28,A000511,14348.86
2025-09-28,A000511,13507.82
2025-10-28,A000511,14446.22
2025-11-28,A000511,13836.01
2025-12-28,A000511,15782.35
2026-01-28,A000511,16091.97
2026-02-28,A000511,16583.25
2026-03-28,A000511,16574.3
2026-04-28,A000511,16322.71
2026-05-28,A000511,16235.24
2026-06-28,A000511,17485.5
2025-07-28,A000512,8993.7
2025-08-28,A000512,8482.6
2025-09-28,A000512,9673.16
2025-10-28,A000512,10698.8
2025-11-28,A000512,10105.8
2025-12-28,A000512,9493.83
2026-01-28,A000512,9967.04
2026-02-28,A000512,9563.33
2026-03-28,A000512,10244.97
2026-04-28,A000512,10907.94
2026-05-28,A000512,12384.61
2026-06-28,A000512,13736.33
2025-07-28,A000513,17371.64
2025-08-28,A000513,16537.65
2025-09-28,A000513,16004.83
2025-10-28,A000513,17380.51
2025-11-28,A000513,17433.61
2025-12-28,A000513,17472.42
2026-01-28,A000513,17737.68
2026-02-28,A000513,17555.31
2026-03-28,A000513,17140.2
2026-04-28,A000513,18188.97
2026-05-28,A000513,18118.74
2026-06-28,A000513,18309.92
2025-07-28,A000514,8801.71
2025-08-28,A000514,9270.89
2025-09-28,A000514,9805.89
2025-10-28,A000514,9618.76
2025-11-28,A000514,9775.07
2025-12-28,A000514,9610.12
2026-01-28,A000514,9609.14
2026-02-28,A000514,10023.17
2026-03-28,A000514,10334.44
2026-04-28,A000514,10860.94
2026-05-28,A000514,11487.21
2026-06-28,A000514,11246.91
2025-07-28,A000515,8113.38
2025-08-28,A000515,7941.47
2025-09-28,A000515,8248.29
2025-10-28,A000515,8479.85
2025-11-28,A000515,8628.44
2025-12-28,A000515,8976.13
2026-01-28,A000515,9112.02
2026-02-28,A000515,9623.83
2026-03-28,A000515,10084.99
2026-04-28,A000515,9947.86
2026-05-28,A000515,9770.22
2026-06-28,A000515,10069.49
2025-07-28,A000516,8553.77
2025-08-28,A000516,8832.02
2025-09-28,A000516,9169.05
2025-10-28,A000516,8817.64
2025-11-28,A000516,8561.82
2025-12-28,A000516,10283.97
2026-01-28,A000516,11767.71
2026-02-28,A000516,11543.27
2026-03-28,A000516,11073.64
2026-04-28,A000516,11246.94
2026-05-28,A000516,12161.09
2026-06-28,A000516,13168.04
2025-07-28,A000517,2858.08
2025-08-28,A000517,2839.59
2025-09-28,A000517,3400.9
2025-10-28,A000517,3737.1
2025-11-28,A000517,3812.04
2025-12-28,A000517,3503.73
2026-01-28,A000517,3742.91
2026-02-28,A000517,4170.19
2026-03-28,A000517,4693.33
2026-04-28,A000517,4567.89
2026-05-28,A000517,4993.25
2026-06-28,A000517,4839.54
2025-07-28,A000518,10633.13
2025-08-28,A000518,11108.42
2025-09-28,A000518,11145.32
2025-10-28,A000518,11124.42
2025-11-28,A000518,10862.76
2025-12-28,A000518,11174.19
2026-01-28,A000518,11076.98
2026-02-28,A000518,11573.92
2026-03-28,A000518,11991.99
2026-04-28,A000518,12537.13
2026-05-28,A000518,12430.43
2026-06-28,A000518,12887.55
2025-07-28,A000519,4523.95
2025-08-28,A000519,4404.48
2025-09-28,A000519,5731.39
2025-10-28,A000519,6432.04
2025-11-28,A000519,7511.95
2025-12-28,A000519,7760.26
2026-01-28,A000519,7138.09
2026-02-28,A000519,7844.75
2026-03-28,A000519,8354.39
2026-04-28,A000519,9115.23
2026-05-28,A000519,9462.93
2026-06-28,A000519,8874.35
2025-07-28,A000520,10228.34
2025-08-28,A000520,10646.72
2025-09-28,A000520,10299.07
2025-10-28,A000520,10521.22
2025-11-28,A000520,10668.07
2025-12-28,A000520,10196.17
2026-01-28,A000520,11001.79
2026-02-28,A000520,11965.46
2026-03-28,A000520,12627.51
2026-04-28,A000520,13606.38
2026-05-28,A000520,14219.93
2026-06-28,A000520,13973.4
2025-07-28,A000521,2977.13
2025-08-28,A000521,2799.97
2025-09-28,A000521,2949.96
2025-10-28,A000521,3290.15
2025-11-28,A000521,4500.67
2025-12-28,A000521,4761.42
2026-01-28,A000521,4357.99
2026-02-28,A000521,4386.16
2026-03-28,A000521,5287.83
2026-04-28,A000521,5587.13
2026-05-28,A000521,6373.69
2026-06-28,A000521,6206.93
2025-07-28,A000522,9802.81
2025-08-28,A000522,9887.17
2025-09-28,A000522,9363.01
2025-10-28,A000522,8863.22
2025-11-28,A000522,9034.65
2025-12-28,A000522,8404.7
2026-01-28,A000522,8374.4
2026-02-28,A000522,8221.15
2026-03-28,A000522,8559.33
2026-04-28,A000522,8960.96
2026-05-28,A000522,8236.75
2026-06-28,A000522,9190.84
2025-07-28,A000523,6287.64
2025-08-28,A000523,6012.41
2025-09-28,A000523,6746.7
2025-10-28,A000523,6460.63
2025-11-28,A000523,7371.0
2025-12-28,A000523,8007.23
2026-01-28,A000523,8508.36
2026-02-28,A000523,8114.6
2026-03-28,A000523,8686.72
2026-04-28,A000523,9567.83
2026-05-28,A000523,9795.88
2026-06-28,A000523,9934.21
2025-07-28,A000524,11360.59
2025-08-28,A000524,10902.02
2025-09-28,A000524,11703.06
2025-10-28,A000524,11335.1
2025-11-28,A000524,11096.84
2025-12-28,A000524,11826.74
2026-01-28,A000524,12274.65
2026-02-28,A000524,12981.7
2026-03-28,A000524,13532.8
2026-04-28,A000524,14611.45
2026-05-28,A000524,15202.93
2026-06-28,A000524,15292.48
2025-07-28,A000525,14724.43
2025-08-28,A000525,14995.29
2025-09-28,A000525,15871.51
2025-10-28,A000525,15949.97
2025-11-28,A000525,16564.32
2025-12-28,A000525,16694.43
2026-01-28,A000525,17329.01
2026-02-28,A000525,17652.25
2026-03-28,A000525,17297.76
2026-04-28,A000525,17019.65
2026-05-28,A000525,17298.03
2026-06-28,A000525,17399.76
2025-07-28,A000526,804.07
2025-08-28,A000526,845.83
2025-09-28,A000526,1550.15
2025-10-28,A000526,1304.55
2025-11-28,A000526,965.08
2025-12-28,A000526,1433.85
2026-01-28,A000526,1284.84
2026-02-28,A000526,1308.8
2026-03-28,A000526,1551.04
2026-04-28,A000526,1813.14
2026-05-28,A000526,2740.63
2026-06-28,A000526,3063.19
2025-07-28,A000527,689.35
2025-08-28,A000527,1370.75
2025-09-28,A000527,862.08
2025-10-28,A000527,845.18
2025-11-28,A000527,1827.14
2025-12-28,A000527,1471.21
2026-01-28,A000527,1694.65
2026-02-28,A000527,1749.48
2026-03-28,A000527,2663.53
2026-04-28,A000527,2782.19
2026-05-28,A000527,3419.54
2026-06-28,A000527,3744.59
2025-07-28,A000528,8127.13
2025-08-28,A000528,7656.62
2025-09-28,A000528,6828.58
2025-10-28,A000528,6745.37
2025-11-28,A000528,6184.63
2025-12-28,A000528,6119.52
2026-01-28,A000528,5588.27
2026-02-28,A000528,5412.36
2026-03-28,A000528,5805.07
2026-04-28,A000528,4907.94
2026-05-28,A000528,5231.54
2026-06-28,A000528,5615.03
2025-07-28,A000529,4915.77
2025-08-28,A000529,4947.38
2025-09-28,A000529,5992.24
2025-10-28,A000529,5720.26
2025-11-28,A000529,5271.36
2025-12-28,A000529,5863.9
2026-01-28,A000529,5609.15
2026-02-28,A000529,6796.98
2026-03-28,A000529,6668.67
2026-04-28,A000529,7420.04
2026-05-28,A000529,7856.76
2026-06-28,A000529,8974.8
2025-07-28,A000530,11380.66
2025-08-28,A000530,12587.27
2025-09-28,A000530,13212.78
2025-10-28,A000530,13354.85
2025-11-28,A000530,13885.93
2025-12-28,A000530,14395.25
2026-01-28,A000530,13993.21
2026-02-28,A000530,14189.56
2026-03-28,A000530,15333.48
2026-04-28,A000530,14831.04
2026-05-28,A000530,15079.61
2026-06-28,A000530,14973.28
2025-07-28,A000531,6208.7
2025-08-28,A000531,6072.02
2025-09-28,A000531,6799.17
2025-10-28,A000531,6792.86
2025-11-28,A000531,6715.31
2025-12-28,A000531,6898.63
2026-01-28,A000531,6873.89
2026-02-28,A000531,7264.46
2026-03-28,A000531,7433.11
2026-04-28,A000531,7163.83
2026-05-28,A000531,7357.1
2026-06-28,A000531,7951.06
2025-07-28,A000532,16252.52
2025-08-28,A000532,16368.06
2025-09-28,A000532,16924.9
2025-10-28,A000532,16801.68
2025-11-28,A000532,17394.83
2025-12-28,A000532,17438.77
2026-01-28,A000532,17661.32
2026-02-28,A000532,17386.29
2026-03-28,A000532,17235.27
2026-04-28,A000532,17440.55
2026-05-28,A000532,17862.58
2026-06-28,A000532,18362.01
2025-07-28,A000533,1968.08
2025-08-28,A000533,1368.29
2025-09-28,A000533,2048.1
2025-10-28,A000533,2109.19
2025-11-28,A000533,1774.1
2025-12-28,A000533,2077.54
2026-01-28,A000533,2503.27
2026-02-28,A000533,2977.9
2026-03-28,A000533,4137.44
2026-04-28,A000533,4191.04
2026-05-28,A000533,5310.43
2026-06-28,A000533,6004.49
2025-07-28,A000534,13763.77
2025-08-28,A000534,12664.77
2025-09-28,A000534,13623.16
2025-10-28,A000534,12476.01
2025-11-28,A000534,12527.59
2025-12-28,A000534,13388.61
2026-01-28,A000534,13498.16
2026-02-28,A000534,13906.72
2026-03-28,A000534,13540.33
2026-04-28,A000534,13788.9
2026-05-28,A000534,13738.15
2026-06-28,A000534,13098.4
2025-07-28,A000535,6059.71
2025-08-28,A000535,5668.84
2025-09-28,A000535,6103.88
2025-10-28,A000535,6343.58
2025-11-28,A000535,6483.75
2025-12-28,A000535,6078.18
2026-01-28,A000535,6322.11
2026-02-28,A000535,6680.41
2026-03-28,A000535,6992.02
2026-04-28,A000535,7992.1
2026-05-28,A000535,8031.61
2026-06-28,A000535,7584.19
2025-07-28,A000536,13200.1
2025-08-28,A000536,12814.24
2025-09-28,A000536,12681.57
2025-10-28,A000536,13534.09
2025-11-28,A000536,14121.93
2025-12-28,A000536,14892.5
2026-01-28,A000536,15090.77
2026-02-28,A000536,15142.93
2026-03-28,A000536,15711.52
2026-04-28,A000536,16668.63
2026-05-28,A000536,17260.47
2026-06-28,A000536,17279.19
2025-07-28,A000537,15227.37
2025-08-28,A000537,15239.17
2025-09-28,A000537,14751.28
2025-10-28,A000537,15169.1
2025-11-28,A000537,15044.62
2025-12-28,A000537,16174.89
2026-01-28,A000537,16687.14
2026-02-28,A000537,16931.23
2026-03-28,A000537,17176.64
2026-04-28,A000537,16783.75
2026-05-28,A000537,16244.38
2026-06-28,A000537,16620.42
2025-07-28,A000538,13597.2
2025-08-28,A000538,13484.78
2025-09-28,A000538,14002.13
2025-10-28,A000538,13939.4
2025-11-28,A000538,14225.13
2025-12-28,A000538,14910.29
2026-01-28,A000538,14687.55
2026-02-28,A000538,14439.57
2026-03-28,A000538,15052.41
2026-04-28,A000538,14725.01
2026-05-28,A000538,14833.4
2026-06-28,A000538,15368.37
2025-07-28,A000539,18820.67
2025-08-28,A000539,19090.35
2025-09-28,A000539,18694.9
2025-10-28,A000539,18942.64
2025-11-28,A000539,19314.46
2025-12-28,A000539,20072.91
2026-01-28,A000539,20388.27
2026-02-28,A000539,21060.62
2026-03-28,A000539,20556.95
2026-04-28,A000539,21404.23
2026-05-28,A000539,21777.07
2026-06-28,A000539,22568.59
2025-07-28,A000540,13661.21
2025-08-28,A000540,14450.37
2025-09-28,A000540,14027.16
2025-10-28,A000540,13751.67
2025-11-28,A000540,13616.15
2025-12-28,A000540,14196.23
2026-01-28,A000540,15090.86
2026-02-28,A000540,15878.45
2026-03-28,A000540,15464.57
2026-04-28,A000540,15799.71
2026-05-28,A000540,15731.43
2026-06-28,A000540,16577.09
2025-07-28,A000541,9913.5
2025-08-28,A000541,10113.72
2025-09-28,A000541,9778.34
2025-10-28,A000541,9779.42
2025-11-28,A000541,9898.0
2025-12-28,A000541,10672.41
2026-01-28,A000541,11564.13
2026-02-28,A000541,11872.97
2026-03-28,A000541,12023.17
2026-04-28,A000541,12387.97
2026-05-28,A000541,12748.66
2026-06-28,A000541,12456.71
2025-07-28,A000542,14780.65
2025-08-28,A000542,14480.91
2025-09-28,A000542,13975.07
2025-10-28,A000542,14481.37
2025-11-28,A000542,15219.2
2025-12-28,A000542,15601.09
2026-01-28,A000542,14530.42
2026-02-28,A000542,15180.21
2026-03-28,A000542,14511.88
2026-04-28,A000542,14497.03
2026-05-28,A000542,14474.45
2026-06-28,A000542,14698.31
2025-07-28,A000543,13912.55
2025-08-28,A000543,14795.55
2025-09-28,A000543,16680.31
2025-10-28,A000543,16370.81
2025-11-28,A000543,16890.99
2025-12-28,A000543,15967.25
2026-01-28,A000543,16970.02
2026-02-28,A000543,16829.5
2026-03-28,A000543,18643.58
2026-04-28,A000543,18021.85
2026-05-28,A000543,19517.65
2026-06-28,A000543,19555.9
2025-07-28,A000544,2130.9
2025-08-28,A000544,1793.82
2025-09-28,A000544,2846.87
2025-10-28,A000544,3638.36
2025-11-28,A000544,4342.26
2025-12-28,A000544,4719.06
2026-01-28,A000544,5715.0
2026-02-28,A000544,5827.16
2026-03-28,A000544,6298.04
2026-04-28,A000544,7044.19
2026-05-28,A000544,7705.09
2026-06-28,A000544,7164.47
2025-07-28,A000545,15590.24
2025-08-28,A000545,16387.96
2025-09-28,A000545,17835.36
2025-10-28,A000545,17174.91
2025-11-28,A000545,17828.71
2025-12-28,A000545,18074.4
2026-01-28,A000545,18277.67
2026-02-28,A000545,19379.18
2026-03-28,A000545,18930.07
2026-04-28,A000545,19955.91
2026-05-28,A000545,20517.33
2026-06-28,A000545,21181.96
2025-07-28,A000546,5115.66
2025-08-28,A000546,5720.79
2025-09-28,A000546,6031.93
2025-10-28,A000546,6607.0
2025-11-28,A000546,6480.92
2025-12-28,A000546,6220.27
2026-01-28,A000546,6699.7
2026-02-28,A000546,6881.87
2026-03-28,A000546,6860.61
2026-04-28,A000546,7042.63
2026-05-28,A000546,7139.65
2026-06-28,A000546,7202.93
2025-07-28,A000547,8618.57
2025-08-28,A000547,8819.31
2025-09-28,A000547,9015.89
2025-10-28,A000547,8893.62
2025-11-28,A000547,8577.45
2025-12-28,A000547,8775.37
2026-01-28,A000547,9054.5
2026-02-28,A000547,8842.17
2026-03-28,A000547,9192.19
2026-04-28,A000547,9065.54
2026-05-28,A000547,9540.67
2026-06-28,A000547,9924.68
2025-07-28,A000548,3935.15
2025-08-28,A000548,4249.33
2025-09-28,A000548,3934.22
2025-10-28,A000548,4044.14
2025-11-28,A000548,4353.09
2025-12-28,A000548,4165.2
2026-01-28,A000548,4531.7
2026-02-28,A000548,4942.14
2026-03-28,A000548,5435.31
2026-04-28,A000548,5861.56
2026-05-28,A000548,5611.89
2026-06-28,A000548,5413.76
2025-07-28,A000549,7548.84
2025-08-28,A000549,7567.33
2025-09-28,A000549,8083.43
2025-10-28,A000549,8723.63
2025-11-28,A000549,8755.03
2025-12-28,A000549,8852.63
2026-01-28,A000549,9255.73
2026-02-28,A000549,9718.29
2026-03-28,A000549,9464.74
2026-04-28,A000549,9541.6
2026-05-28,A000549,10123.92
2026-06-28,A000549,10388.75
2025-07-28,A000550,8976.38
2025-08-28,A000550,9271.81
2025-09-28,A000550,9001.93
2025-10-28,A000550,9303.84
2025-11-28,A000550,10446.96
2025-12-28,A000550,10995.71
2026-01-28,A000550,11315.26
2026-02-28,A000550,11854.85
2026-03-28,A000550,11911.23
2026-04-28,A000550,12495.38
2026-05-28,A000550,12684.26
2026-06-28,A000550,12326.21
2025-07-28,A000551,16712.52
2025-08-28,A000551,15718.11
2025-09-28,A000551,16207.4
2025-10-28,A000551,16037.33
2025-11-28,A000551,16114.59
2025-12-28,A000551,14828.44
2026-01-28,A000551,16730.47
2026-02-28,A000551,17693.99
2026-03-28,A000551,18814.87
2026-04-28,A000551,19901.83
2026-05-28,A000551,21357.66
2026-06-28,A000551,23280.27
2025-07-28,A000552,9001.92
2025-08-28,A000552,9578.4
2025-09-28,A000552,9680.86
2025-10-28,A000552,9292.09
2025-11-28,A000552,9206.43
2025-12-28,A000552,9249.14
2026-01-28,A000552,8959.58
2026-02-28,A000552,9600.62
2026-03-28,A000552,9396.69
2026-04-28,A000552,9090.77
2026-05-28,A000552,9191.84
2026-06-28,A000552,8847.09
2025-07-28,A000553,3562.73
2025-08-28,A000553,4213.98
2025-09-28,A000553,4646.14
2025-10-28,A000553,5011.44
2025-11-28,A000553,5713.22
2025-12-28,A000553,6756.69
2026-01-28,A000553,7826.77
2026-02-28,A000553,7886.91
2026-03-28,A000553,7543.5
2026-04-28,A000553,6867.88
2026-05-28,A000553,7060.34
2026-06-28,A000553,6914.51
2025-07-28,A000554,11729.69
2025-08-28,A000554,11847.76
2025-09-28,A000554,11511.4
2025-10-28,A000554,12050.48
2025-11-28,A000554,11866.47
2025-12-28,A000554,11902.15
2026-01-28,A000554,12451.14
2026-02-28,A000554,13159.65
2026-03-28,A000554,12943.68
2026-04-28,A000554,13480.29
2026-05-28,A000554,13414.51
2026-06-28,A000554,13366.5
2025-07-28,A000555,11412.13
2025-08-28,A000555,11672.69
2025-09-28,A000555,12332.45
2025-10-28,A000555,12505.64
2025-11-28,A000555,12703.11
2025-12-28,A000555,13169.87
2026-01-28,A000555,13517.96
2026-02-28,A000555,13756.28
2026-03-28,A000555,13852.7
2026-04-28,A000555,13823.66
2026-05-28,A000555,14042.79
2026-06-28,A000555,14031.88
2025-07-28,A000556,-139.04
2025-08-28,A000556,-432.95
2025-09-28,A000556,666.87
2025-10-28,A000556,1600.61
2025-11-28,A000556,2196.13
2025-12-28,A000556,1861.99
2026-01-28,A000556,2567.79
2026-02-28,A000556,2790.09
2026-03-28,A000556,3678.96
2026-04-28,A000556,3959.35
2026-05-28,A000556,4036.69
2026-06-28,A000556,4689.33
2025-07-28,A000557,17492.08
2025-08-28,A000557,17612.67
2025-09-28,A000557,18545.63
2025-10-28,A000557,18897.68
2025-11-28,A000557,18647.26
2025-12-28,A000557,18271.19
2026-01-28,A000557,17733.65
2026-02-28,A000557,18071.31
2026-03-28,A000557,18213.85
2026-04-28,A000557,18460.9
2026-05-28,A000557,17955.02
2026-06-28,A000557,17697.96
2025-07-28,A000558,10600.16
2025-08-28,A000558,12686.27
2025-09-28,A000558,13058.62
2025-10-28,A000558,14767.31
2025-11-28,A000558,16030.96
2025-12-28,A000558,15195.07
2026-01-28,A000558,14905.0
2026-02-28,A000558,14659.9
2026-03-28,A000558,16821.67
2026-04-28,A000558,18171.35
2026-05-28,A000558,17943.72
2026-06-28,A000558,18834.82
2025-07-28,A000559,16012.97
2025-08-28,A000559,17902.36
2025-09-28,A000559,17177.45
2025-10-28,A000559,18439.93
2025-11-28,A000559,19765.88
2025-12-28,A000559,19297.43
2026-01-28,A000559,20524.74
2026-02-28,A000559,20301.06
2026-03-28,A000559,22540.46
2026-04-28,A000559,21960.94
2026-05-28,A000559,21018.97
2026-06-28,A000559,21569.29
2025-07-28,A000560,10679.22
2025-08-28,A000560,11238.03
2025-09-28,A000560,11329.21
2025-10-28,A000560,11262.62
2025-11-28,A000560,11767.93
2025-12-28,A000560,11893.32
2026-01-28,A000560,12438.86
2026-02-28,A000560,13054.35
2026-03-28,A000560,13298.71
2026-04-28,A000560,13164.76
2026-05-28,A000560,12972.78
2026-06-28,A000560,13397.59
2025-07-28,A000561,8669.93
2025-08-28,A000561,8822.92
2025-09-28,A000561,8922.57
2025-10-28,A000561,8668.41
2025-11-28,A000561,8788.53
2025-12-28,A000561,8686.58
2026-01-28,A000561,8781.38
2026-02-28,A000561,8710.52
2026-03-28,A000561,8582.38
2026-04-28,A000561,9125.37
2026-05-28,A000561,9584.15
2026-06-28,A000561,9838.02
2025-07-28,A000562,5854.82
2025-08-28,A000562,5224.51
2025-09-28,A000562,5628.21
2025-10-28,A000562,6197.6
2025-11-28,A000562,6958.46
2025-12-28,A000562,7022.84
2026-01-28,A000562,6680.32
2026-02-28,A000562,6943.21
2026-03-28,A000562,6693.06
2026-04-28,A000562,6709.98
2026-05-28,A000562,7108.09
2026-06-28,A000562,6502.34
2025-07-28,A000563,15174.02
2025-08-28,A000563,14173.55
2025-09-28,A000563,14431.85
2025-10-28,A000563,15277.66
2025-11-28,A000563,15394.7
2025-12-28,A000563,15008.33
2026-01-28,A000563,15787.73
2026-02-28,A000563,16333.82
2026-03-28,A000563,15528.5
2026-04-28,A000563,15972.15
2026-05-28,A000563,16341.14
2026-06-28,A000563,16142.97
2025-07-28,A000564,9042.37
2025-08-28,A000564,9121.48
2025-09-28,A000564,8001.01
2025-10-28,A000564,9712.84
2025-11-28,A000564,11718.97
2025-12-28,A000564,12169.93
2026-01-28,A000564,11022.35
2026-02-28,A000564,9857.14
2026-03-28,A000564,10231.9
2026-04-28,A000564,11046.85
2026-05-28,A000564,11244.65
2026-06-28,A000564,10677.0
2025-07-28,A000565,12309.21
2025-08-28,A000565,13300.9
2025-09-28,A000565,15143.0
2025-10-28,A000565,16507.41
2025-11-28,A000565,18017.91
2025-12-28,A000565,19334.95
2026-01-28,A000565,20357.79
2026-02-28,A000565,22081.28
2026-03-28,A000565,22868.7
2026-04-28,A000565,22763.7
2026-05-28,A000565,23681.79
2026-06-28,A000565,25771.04
2025-07-28,A000566,16165.93
2025-08-28,A000566,16834.51
2025-09-28,A000566,17215.61
2025-10-28,A000566,17567.98
2025-11-28,A000566,18223.7
2025-12-28,A000566,18034.68
2026-01-28,A000566,18372.21
2026-02-28,A000566,18658.97
2026-03-28,A000566,18885.48
2026-04-28,A000566,19014.2
2026-05-28,A000566,19255.08
2026-06-28,A000566,19616.66
2025-07-28,A000567,9269.82
2025-08-28,A000567,8871.71
2025-09-28,A000567,9070.79
2025-10-28,A000567,9101.43
2025-11-28,A000567,9360.08
2025-12-28,A000567,10266.08
2026-01-28,A000567,10761.75
2026-02-28,A000567,10625.96
2026-03-28,A000567,10565.11
2026-04-28,A000567,11026.48
2026-05-28,A000567,11243.89
2026-06-28,A000567,10842.11
2025-07-28,A000568,18158.38
2025-08-28,A000568,17712.57
2025-09-28,A000568,17512.47
2025-10-28,A000568,18404.44
2025-11-28,A000568,19309.23
2025-12-28,A000568,19742.82
2026-01-28,A000568,20437.8
2026-02-28,A000568,20129.25
2026-03-28,A000568,20235.48
2026-04-28,A000568,20038.66
2026-05-28,A000568,20783.32
2026-06-28,A000568,21398.93
2025-07-28,A000569,442.0
2025-08-28,A000569,495.65
2025-09-28,A000569,967.2
2025-10-28,A000569,866.27
2025-11-28,A000569,751.76
2025-12-28,A000569,488.98
2026-01-28,A000569,754.87
2026-02-28,A000569,781.34
2026-03-28,A000569,929.34
2026-04-28,A000569,1611.12
2026-05-28,A000569,1475.38
2026-06-28,A000569,1380.74
2025-07-28,A000570,17472.96
2025-08-28,A000570,17076.75
2025-09-28,A000570,17148.33
2025-10-28,A000570,17242.36
2025-11-28,A000570,17509.88
2025-12-28,A000570,17977.89
2026-01-28,A000570,18513.27
2026-02-28,A000570,18613.76
2026-03-28,A000570,18905.66
2026-04-28,A000570,19050.2
2026-05-28,A000570,19224.94
2026-06-28,A000570,19326.35
2025-07-28,A000571,10034.56
2025-08-28,A000571,10809.74
2025-09-28,A000571,11129.35
2025-10-28,A000571,11997.34
2025-11-28,A000571,12046.72
2025-12-28,A000571,11888.93
2026-01-28,A000571,11500.24
2026-02-28,A000571,11313.72
2026-03-28,A000571,11693.35
2026-04-28,A000571,12170.31
2026-05-28,A000571,12068.21
2026-06-28,A000571,12595.65
2025-07-28,A000572,12024.65
2025-08-28,A000572,12435.78
2025-09-28,A000572,13097.88
2025-10-28,A000572,13415.05
2025-11-28,A000572,14007.15
2025-12-28,A000572,14425.25
2026-01-28,A000572,14947.26
2026-02-28,A000572,15047.52
2026-03-28,A000572,15724.64
2026-04-28,A000572,16410.82
2026-05-28,A000572,16627.64
2026-06-28,A000572,16475.99
2025-07-28,A000573,5741.08
2025-08-28,A000573,7365.87
2025-09-28,A000573,7941.75
2025-10-28,A000573,8422.86
2025-11-28,A000573,8458.25
2025-12-28,A000573,8399.05
2026-01-28,A000573,9201.49
2026-02-28,A000573,10211.4
2026-03-28,A000573,10794.34
2026-04-28,A000573,10290.0
2026-05-28,A000573,9603.03
2026-06-28,A000573,10021.46
2025-07-28,A000574,11199.82
2025-08-28,A000574,11201.48
2025-09-28,A000574,11437.76
2025-10-28,A000574,11777.74
2025-11-28,A000574,11962.42
2025-12-28,A000574,12310.4
2026-01-28,A000574,12631.66
2026-02-28,A000574,13020.27
2026-03-28,A000574,13462.48
2026-04-28,A000574,13352.75
2026-05-28,A000574,13261.98
2026-06-28,A000574,13772.66
2025-07-28,A000575,4849.36
2025-08-28,A000575,4867.11
2025-09-28,A000575,5095.15
2025-10-28,A000575,5237.52
2025-11-28,A000575,5820.26
2025-12-28,A000575,5416.32
2026-01-28,A000575,6117.33
2026-02-28,A000575,6386.96
2026-03-28,A000575,6265.57
2026-04-28,A000575,6883.03
2026-05-28,A000575,6981.01
2026-06-28,A000575,7582.15
2025-07-28,A000576,17834.85
2025-08-28,A000576,18606.14
2025-09-28,A000576,19273.84
2025-10-28,A000576,20547.02
2025-11-28,A000576,20833.26
2025-12-28,A000576,20672.84
2026-01-28,A000576,20211.19
2026-02-28,A000576,19757.64
2026-03-28,A000576,20887.93
2026-04-28,A000576,20529.99
2026-05-28,A000576,21732.03
2026-06-28,A000576,23190.65
2025-07-28,A000577,7468.99
2025-08-28,A000577,7195.81
2025-09-28,A000577,7016.5
2025-10-28,A000577,8158.82
2025-11-28,A000577,8892.93
2025-12-28,A000577,9490.86
2026-01-28,A000577,10097.72
2026-02-28,A000577,10525.07
2026-03-28,A000577,11273.64
2026-04-28,A000577,11669.59
2026-05-28,A000577,12658.01
2026-06-28,A000577,12409.34
2025-07-28,A000578,5149.19
2025-08-28,A000578,5125.2
2025-09-28,A000578,5588.87
2025-10-28,A000578,6160.41
2025-11-28,A000578,6096.49
2025-12-28,A000578,5781.24
2026-01-28,A000578,4469.33
2026-02-28,A000578,4151.21
2026-03-28,A000578,4516.13
2026-04-28,A000578,3525.56
2026-05-28,A000578,4401.33
2026-06-28,A000578,3626.06
2025-07-28,A000579,16732.08
2025-08-28,A000579,16238.18
2025-09-28,A000579,17500.66
2025-10-28,A000579,19262.19
2025-11-28,A000579,19859.4
2025-12-28,A000579,19802.06
2026-01-28,A000579,20358.79
2026-02-28,A000579,19682.01
2026-03-28,A000579,21441.1
2026-04-28,A000579,21208.01
2026-05-28,A000579,22566.46
2026-06-28,A000579,24325.0
2025-07-28,A000580,12038.31
2025-08-28,A000580,11861.25
2025-09-28,A000580,12219.94
2025-10-28,A000580,12755.02
2025-11-28,A000580,12459.86
2025-12-28,A000580,12499.52
2026-01-28,A000580,12676.92
2026-02-28,A000580,12618.66
2026-03-28,A000580,13013.08
2026-04-28,A000580,12998.01
2026-05-28,A000580,12817.31
2026-06-28,A000580,13055.29
2025-07-28,A000581,664.24
2025-08-28,A000581,1311.43
2025-09-28,A000581,2116.23
2025-10-28,A000581,1945.1
2025-11-28,A000581,2602.68
2025-12-28,A000581,2414.26
2026-01-28,A000581,3085.98
2026-02-28,A000581,3609.54
2026-03-28,A000581,3548.99
2026-04-28,A000581,3440.34
2026-05-28,A000581,3738.34
2026-06-28,A000581,3375.76
2025-07-28,A000582,11367.67
2025-08-28,A000582,12330.83
2025-09-28,A000582,12937.69
2025-10-28,A000582,12973.51
2025-11-28,A000582,12785.07
2025-12-28,A000582,13959.91
2026-01-28,A000582,14253.85
2026-02-28,A000582,13705.61
2026-03-28,A000582,13331.18
2026-04-28,A000582,14428.18
2026-05-28,A000582,14603.45
2026-06-28,A000582,15368.33
2025-07-28,A000583,3283.46
2025-08-28,A000583,4692.17
2025-09-28,A000583,6355.51
2025-10-28,A000583,6789.46
2025-11-28,A000583,8234.1
2025-12-28,A000583,7832.15
2026-01-28,A000583,8752.8
2026-02-28,A000583,8376.64
2026-03-28,A000583,8938.43
2026-04-28,A000583,9209.26
2026-05-28,A000583,9528.18
2026-06-28,A000583,9383.19
2025-07-28,A000584,6393.85
2025-08-28,A000584,6714.44
2025-09-28,A000584,7243.15
2025-10-28,A000584,7065.1
2025-11-28,A000584,7498.25
2025-12-28,A000584,8068.99
2026-01-28,A000584,7830.65
2026-02-28,A000584,7652.82
2026-03-28,A000584,7411.19
2026-04-28,A000584,7787.71
2026-05-28,A000584,7921.6
2026-06-28,A000584,8593.24
2025-07-28,A000585,16702.26
2025-08-28,A000585,15609.22
2025-09-28,A000585,18049.98
2025-10-28,A000585,20470.64
2025-11-28,A000585,19230.72
2025-12-28,A000585,21564.81
2026-01-28,A000585,22374.58
2026-02-28,A000585,25377.43
2026-03-28,A000585,24580.23
2026-04-28,A000585,23103.08
2026-05-28,A000585,22808.78
2026-06-28,A000585,24781.27
2025-07-28,A000586,9922.18
2025-08-28,A000586,9239.66
2025-09-28,A000586,10181.71
2025-10-28,A000586,11271.12
2025-11-28,A000586,11059.96
2025-12-28,A000586,12188.4
2026-01-28,A000586,12483.8
2026-02-28,A000586,13171.61
2026-03-28,A000586,13723.0
2026-04-28,A000586,14130.34
2026-05-28,A000586,14649.63
2026-06-28,A000586,14350.05
2025-07-28,A000587,9417.02
2025-08-28,A000587,10830.7
2025-09-28,A000587,12134.93
2025-10-28,A000587,12515.78
2025-11-28,A000587,12843.15
2025-12-28,A000587,14156.17
2026-01-28,A000587,14051.45
2026-02-28,A000587,14275.77
2026-03-28,A000587,13204.57
2026-04-28,A000587,15075.88
2026-05-28,A000587,16033.05
2026-06-28,A000587,16779.06
2025-07-28,A000588,16670.28
2025-08-28,A000588,17558.25
2025-09-28,A000588,18175.69
2025-10-28,A000588,17667.86
2025-11-28,A000588,18290.57
2025-12-28,A000588,18322.78
2026-01-28,A000588,17969.95
2026-02-28,A000588,18597.59
2026-03-28,A000588,18658.31
2026-04-28,A000588,19404.9
2026-05-28,A000588,19704.8
2026-06-28,A000588,19580.9
2025-07-28,A000589,10236.08
2025-08-28,A000589,10388.46
2025-09-28,A000589,11005.75
2025-10-28,A000589,11158.11
2025-11-28,A000589,11565.76
2025-12-28,A000589,11845.4
2026-01-28,A000589,11719.16
2026-02-28,A000589,11969.21
2026-03-28,A000589,12010.69
2026-04-28,A000589,11739.92
2026-05-28,A000589,12529.91
2026-06-28,A000589,12204.9
2025-07-28,A000590,12046.56
2025-08-28,A000590,11747.18
2025-09-28,A000590,11644.14
2025-10-28,A000590,11577.03
2025-11-28,A000590,11455.03
2025-12-28,A000590,11202.2
2026-01-28,A000590,11474.95
2026-02-28,A000590,11212.63
2026-03-28,A000590,11168.08
2026-04-28,A000590,10896.86
2026-05-28,A000590,11028.09
2026-06-28,A000590,11414.06
2025-07-28,A000591,3145.8
2025-08-28,A000591,3450.89
2025-09-28,A000591,2891.62
2025-10-28,A000591,3540.16
2025-11-28,A000591,3373.53
2025-12-28,A000591,2782.8
2026-01-28,A000591,3872.0
2026-02-28,A000591,3201.61
2026-03-28,A000591,4423.28
2026-04-28,A000591,4043.53
2026-05-28,A000591,4724.99
2026-06-28,A000591,6073.62
2025-07-28,A000592,17119.85
2025-08-28,A000592,17368.02
2025-09-28,A000592,17513.7
2025-10-28,A000592,17046.76
2025-11-28,A000592,17819.68
2025-12-28,A000592,18195.26
2026-01-28,A000592,18622.9
2026-02-28,A000592,18747.04
2026-03-28,A000592,19576.87
2026-04-28,A000592,19585.81
2026-05-28,A000592,20409.74
2026-06-28,A000592,20216.75
2025-07-28,A000593,3192.69
2025-08-28,A000593,3434.12
2025-09-28,A000593,4172.5
2025-10-28,A000593,3853.45
2025-11-28,A000593,4659.53
2025-12-28,A000593,5446.58
2026-01-28,A000593,5665.12
2026-02-28,A000593,5492.91
2026-03-28,A000593,5639.63
2026-04-28,A000593,5878.23
2026-05-28,A000593,6194.52
2026-06-28,A000593,6766.38
2025-07-28,A000594,18275.44
2025-08-28,A000594,18724.46
2025-09-28,A000594,19038.59
2025-10-28,A000594,19739.73
2025-11-28,A000594,19353.75
2025-12-28,A000594,19821.2
2026-01-28,A000594,19496.41
2026-02-28,A000594,19955.62
2026-03-28,A000594,20288.14
2026-04-28,A000594,20748.08
2026-05-28,A000594,20970.82
2026-06-28,A000594,20934.93
2025-07-28,A000595,11428.26
2025-08-28,A000595,11745.19
2025-09-28,A000595,11232.74
2025-10-28,A000595,10930.19
2025-11-28,A000595,11885.17
2025-12-28,A000595,11346.86
2026-01-28,A000595,11756.22
2026-02-28,A000595,12449.19
2026-03-28,A000595,13528.68
2026-04-28,A000595,14342.88
2026-05-28,A000595,15172.04
2026-06-28,A000595,15931.84
2025-07-28,A000596,12977.56
2025-08-28,A000596,13640.76
2025-09-28,A000596,13871.96
2025-10-28,A000596,13809.54
2025-11-28,A000596,14190.48
2025-12-28,A000596,14698.86
2026-01-28,A000596,14636.33
2026-02-28,A000596,14370.42
2026-03-28,A000596,14098.26
2026-04-28,A000596,14209.65
2026-05-28,A000596,14024.33
2026-06-28,A000596,14126.89
2025-07-28,A000597,1016.49
2025-08-28,A000597,1320.13
2025-09-28,A000597,1843.2
2025-10-28,A000597,2346.37
2025-11-28,A000597,2861.46
2025-12-28,A000597,3182.09
2026-01-28,A000597,3022.01
2026-02-28,A000597,3095.52
2026-03-28,A000597,2764.53
2026-04-28,A000597,3207.39
2026-05-28,A000597,3676.35
2026-06-28,A000597,3423.5
2025-07-28,A000598,3279.25
2025-08-28,A000598,3513.44
2025-09-28,A000598,4004.35
2025-10-28,A000598,5038.11
2025-11-28,A000598,4616.59
2025-12-28,A000598,3923.28
2026-01-28,A000598,3840.65
2026-02-28,A000598,5367.79
2026-03-28,A000598,5177.15
2026-04-28,A000598,4536.5
2026-05-28,A000598,4316.08
2026-06-28,A000598,5782.8
2025-07-28,A000599,9280.39
2025-08-28,A000599,10189.06
2025-09-28,A000599,10284.74
2025-10-28,A000599,10765.54
2025-11-28,A000599,11177.47
2025-12-28,A000599,11561.7
2026-01-28,A000599,12337.44
2026-02-28,A000599,12119.58
2026-03-28,A000599,11675.83
2026-04-28,A000599,12241.56
2026-05-28,A000599,12078.92
2026-06-28,A000599,11784.35
2025-07-28,A000600,368.18
2025-08-28,A000600,1224.26
2025-09-28,A000600,582.07
2025-10-28,A000600,818.33
2025-11-28,A000600,563.17
2025-12-28,A000600,1985.47
2026-01-28,A000600,1417.61
2026-02-28,A000600,2184.91
2026-03-28,A000600,2704.83
2026-04-28,A000600,3526.88
2026-05-28,A000600,2729.62
2026-06-28,A000600,2851.85
2025-07-28,A000601,6242.47
2025-08-28,A000601,6074.01
2025-09-28,A000601,6367.79
2025-10-28,A000601,5734.5
2025-11-28,A000601,6421.1
2025-12-28,A000601,7237.67
2026-01-28,A000601,7550.59
2026-02-28,A000601,7770.17
2026-03-28,A000601,7646.89
2026-04-28,A000601,8493.76
2026-05-28,A000601,8671.72
2026-06-28,A000601,8718.82
2025-07-28,A000602,11061.8
2025-08-28,A000602,12565.04
2025-09-28,A000602,12499.11
2025-10-28,A000602,13011.36
2025-11-28,A000602,13106.02
2025-12-28,A000602,13657.49
2026-01-28,A000602,13423.16
2026-02-28,A000602,12595.6
2026-03-28,A000602,13053.71
2026-04-28,A000602,13901.22
2026-05-28,A000602,15507.44
2026-06-28,A000602,16326.76
2025-07-28,A000603,10596.07
2025-08-28,A000603,10586.46
2025-09-28,A000603,9824.83
2025-10-28,A000603,9658.95
2025-11-28,A000603,9415.42
2025-12-28,A000603,8823.93
2026-01-28,A000603,8522.33
2026-02-28,A000603,7750.48
2026-03-28,A000603,7174.46
2026-04-28,A000603,6540.25
2026-05-28,A000603,6076.25
2026-06-28,A000603,5376.32
2025-07-28,A000604,15826.36
2025-08-28,A000604,16594.15
2025-09-28,A000604,16888.33
2025-10-28,A000604,18288.99
2025-11-28,A000604,17600.54
2025-12-28,A000604,18104.25
2026-01-28,A000604,17957.27
2026-02-28,A000604,18888.16
2026-03-28,A000604,18558.94
2026-04-28,A000604,19592.32
2026-05-28,A000604,19106.03
2026-06-28,A000604,19522.09
2025-07-28,A000605,4492.04
2025-08-28,A000605,5234.12
2025-09-28,A000605,5013.41
2025-10-28,A000605,5642.45
2025-11-28,A000605,6140.25
2025-12-28,A000605,6722.86
2026-01-28,A000605,7422.21
2026-02-28,A000605,7216.66
2026-03-28,A000605,7570.81
2026-04-28,A000605,8151.49
2026-05-28,A000605,8141.08
2026-06-28,A000605,8913.65
2025-07-28,A000606,12329.89
2025-08-28,A000606,12356.58
2025-09-28,A000606,12458.36
2025-10-28,A000606,12472.94
2025-11-28,A000606,12245.7
2025-12-28,A000606,12236.86
2026-01-28,A000606,12009.16
2026-02-28,A000606,11411.49
2026-03-28,A000606,10782.2
2026-04-28,A000606,10238.32
2026-05-28,A000606,10090.78
2026-06-28,A000606,9442.51
2025-07-28,A000607,6426.74
2025-08-28,A000607,6364.72
2025-09-28,A000607,6540.68
2025-10-28,A000607,6327.32
2025-11-28,A000607,6840.76
2025-12-28,A000607,7014.97
2026-01-28,A000607,7573.06
2026-02-28,A000607,7354.38
2026-03-28,A000607,7994.2
2026-04-28,A000607,8364.53
2026-05-28,A000607,8685.11
2026-06-28,A000607,9002.19
2025-07-28,A000608,17402.3
2025-08-28,A000608,18259.32
2025-09-28,A000608,17761.04
2025-10-28,A000608,17877.76
2025-11-28,A000608,17880.07
2025-12-28,A000608,17859.83
2026-01-28,A000608,17370.84
2026-02-28,A000608,18215.11
2026-03-28,A000608,18035.76
2026-04-28,A000608,18233.88
2026-05-28,A000608,18988.83
2026-06-28,A000608,19860.37
2025-07-28,A000609,1592.07
2025-08-28,A000609,1326.49
2025-09-28,A000609,839.82
2025-10-28,A000609,774.57
2025-11-28,A000609,1749.12
2025-12-28,A000609,1127.41
2026-01-28,A000609,579.69
2026-02-28,A000609,1678.42
2026-03-28,A000609,1454.7
2026-04-28,A000609,857.96
2026-05-28,A000609,1735.93
2026-06-28,A000609,1580.12
2025-07-28,A000610,14764.14
2025-08-28,A000610,14693.93
2025-09-28,A000610,15303.1
2025-10-28,A000610,15997.14
2025-11-28,A000610,16839.98
2025-12-28,A000610,17172.69
2026-01-28,A000610,17303.48
2026-02-28,A000610,17359.26
2026-03-28,A000610,18057.82
2026-04-28,A000610,17939.41
2026-05-28,A000610,18012.77
2026-06-28,A000610,18834.13
2025-07-28,A000611,4462.89
2025-08-28,A000611,5091.9
2025-09-28,A000611,5309.13
2025-10-28,A000611,5515.85
2025-11-28,A000611,5727.83
2025-12-28,A000611,6494.89
2026-01-28,A000611,6496.31
2026-02-28,A000611,7003.71
2026-03-28,A000611,7175.82
2026-04-28,A000611,7811.75
2026-05-28,A000611,8183.69
2026-06-28,A000611,8112.69
2025-07-28,A000612,15433.51
2025-08-28,A000612,16170.29
2025-09-28,A000612,18517.29
2025-10-28,A000612,19858.34
2025-11-28,A000612,20749.15
2025-12-28,A000612,20091.24
2026-01-28,A000612,22322.06
2026-02-28,A000612,22162.04
2026-03-28,A000612,21220.07
2026-04-28,A000612,21100.62
2026-05-28,A000612,22579.32
2026-06-28,A000612,22279.16
2025-07-28,A000613,4972.72
2025-08-28,A000613,7192.99
2025-09-28,A000613,8996.44
2025-10-28,A000613,9288.25
2025-11-28,A000613,8427.39
2025-12-28,A000613,8786.69
2026-01-28,A000613,10551.06
2026-02-28,A000613,12203.85
2026-03-28,A000613,12924.78
2026-04-28,A000613,13763.46
2026-05-28,A000613,15110.06
2026-06-28,A000613,15429.48
2025-07-28,A000614,15051.37
2025-08-28,A000614,14305.72
2025-09-28,A000614,14037.15
2025-10-28,A000614,14477.17
2025-11-28,A000614,13339.93
2025-12-28,A000614,12148.34
2026-01-28,A000614,11486.06
2026-02-28,A000614,10839.18
2026-03-28,A000614,11518.47
2026-04-28,A000614,12488.35
2026-05-28,A000614,12642.87
2026-06-28,A000614,12830.1
2025-07-28,A000615,15308.34
2025-08-28,A000615,16525.25
2025-09-28,A000615,17440.07
2025-10-28,A000615,18847.91
2025-11-28,A000615,18116.58
2025-12-28,A000615,18051.18
2026-01-28,A000615,17191.62
2026-02-28,A000615,16894.43
2026-03-28,A000615,16487.53
2026-04-28,A000615,15967.64
2026-05-28,A000615,15842.73
2026-06-28,A000615,15970.86
2025-07-28,A000616,17365.38
2025-08-28,A000616,17029.67
2025-09-28,A000616,17369.98
2025-10-28,A000616,17070.15
2025-11-28,A000616,17792.11
2025-12-28,A000616,17393.74
2026-01-28,A000616,16766.1
2026-02-28,A000616,17099.11
2026-03-28,A000616,16501.31
2026-04-28,A000616,17825.09
2026-05-28,A000616,18099.8
2026-06-28,A000616,18249.79
2025-07-28,A000617,18091.74
2025-08-28,A000617,17019.95
2025-09-28,A000617,16030.49
2025-10-28,A000617,17354.61
2025-11-28,A000617,18215.35
2025-12-28,A000617,18273.0
2026-01-28,A000617,18150.93
2026-02-28,A000617,18549.22
2026-03-28,A000617,18284.25
2026-04-28,A000617,19491.39
2026-05-28,A000617,18586.48
2026-06-28,A000617,17741.75
2025-07-28,A000618,9932.63
2025-08-28,A000618,9901.85
2025-09-28,A000618,10272.82
2025-10-28,A000618,10055.06
2025-11-28,A000618,10299.31
2025-12-28,A000618,10895.96
2026-01-28,A000618,11496.18
2026-02-28,A000618,11677.9
2026-03-28,A000618,11658.28
2026-04-28,A000618,12123.64
2026-05-28,A000618,12502.1
2026-06-28,A000618,12520.37
2025-07-28,A000619,3869.74
2025-08-28,A000619,4380.16
2025-09-28,A000619,4199.03
2025-10-28,A000619,5139.14
2025-11-28,A000619,5195.96
2025-12-28,A000619,5226.2
2026-01-28,A000619,5544.58
2026-02-28,A000619,5491.51
2026-03-28,A000619,5100.4
2026-04-28,A000619,5944.5
2026-05-28,A000619,5600.22
2026-06-28,A000619,5313.94
2025-07-28,A000620,11065.25
2025-08-28,A000620,10540.84
2025-09-28,A000620,10132.14
2025-10-28,A000620,10922.79
2025-11-28,A000620,11047.4
2025-12-28,A000620,10236.38
2026-01-28,A000620,10991.55
2026-02-28,A000620,12059.16
2026-03-28,A000620,12720.02
2026-04-28,A000620,12588.92
2026-05-28,A000620,13698.99
2026-06-28,A000620,13535.69
2025-07-28,A000621,6970.85
2025-08-28,A000621,7011.93
2025-09-28,A000621,7406.39
2025-10-28,A000621,8081.26
2025-11-28,A000621,8399.59
2025-12-28,A000621,8701.03
2026-01-28,A000621,8734.7
2026-02-28,A000621,8578.18
2026-03-28,A000621,8627.79
2026-04-28,A000621,9017.11
2026-05-28,A000621,9032.05
2026-06-28,A000621,8860.19
2025-07-28,A000622,9118.46
2025-08-28,A000622,8637.83
2025-09-28,A000622,9310.44
2025-10-28,A000622,10398.04
2025-11-28,A000622,10992.99
2025-12-28,A000622,11482.8
2026-01-28,A000622,11082.1
2026-02-28,A000622,10847.29
2026-03-28,A000622,11711.21
2026-04-28,A000622,12705.92
2026-05-28,A000622,14149.78
2026-06-28,A000622,15497.31
2025-07-28,A000623,14509.29
2025-08-28,A000623,15044.72
2025-09-28,A000623,14829.32
2025-10-28,A000623,17011.2
2025-11-28,A000623,15993.76
2025-12-28,A000623,16374.68
2026-01-28,A000623,15793.79
2026-02-28,A000623,16782.52
2026-03-28,A000623,16007.35
2026-04-28,A000623,18084.54
2026-05-28,A000623,18229.47
2026-06-28,A000623,17810.48
2025-07-28,A000624,1274.39
2025-08-28,A000624,1660.42
2025-09-28,A000624,1225.71
2025-10-28,A000624,1246.39
2025-11-28,A000624,1672.99
2025-12-28,A000624,1805.18
2026-01-28,A000624,2271.35
2026-02-28,A000624,2556.24
2026-03-28,A000624,2521.85
2026-04-28,A000624,2411.35
2026-05-28,A000624,2639.25
2026-06-28,A000624,2227.59
2025-07-28,A000625,15967.31
2025-08-28,A000625,15908.71
2025-09-28,A000625,15381.25
2025-10-28,A000625,16418.94
2025-11-28,A000625,16992.72
2025-12-28,A000625,17512.57
2026-01-28,A000625,18076.4
2026-02-28,A000625,17700.45
2026-03-28,A000625,17575.0
2026-04-28,A000625,18594.0
2026-05-28,A000625,18808.91
2026-06-28,A000625,18931.05
2025-07-28,A000626,7088.14
2025-08-28,A000626,8824.67
2025-09-28,A000626,9773.9
2025-10-28,A000626,10842.66
2025-11-28,A000626,10457.22
2025-12-28,A000626,11269.25
2026-01-28,A000626,12979.09
2026-02-28,A000626,14605.03
2026-03-28,A000626,16119.35
2026-04-28,A000626,17035.17
2026-05-28,A000626,17318.63
2026-06-28,A000626,16310.0
2025-07-28,A000627,16241.93
2025-08-28,A000627,16809.86
2025-09-28,A000627,16631.62
2025-10-28,A000627,16986.51
2025-11-28,A000627,17348.81
2025-12-28,A000627,17543.19
2026-01-28,A000627,17854.77
2026-02-28,A000627,17687.03
2026-03-28,A000627,18016.55
2026-04-28,A000627,17817.12
2026-05-28,A000627,17629.91
2026-06-28,A000627,18147.1
2025-07-28,A000628,1600.42
2025-08-28,A000628,1951.61
2025-09-28,A000628,1769.43
2025-10-28,A000628,1780.23
2025-11-28,A000628,1923.24
2025-12-28,A000628,1593.64
2026-01-28,A000628,1311.32
2026-02-28,A000628,1145.27
2026-03-28,A000628,1215.55
2026-04-28,A000628,868.58
2026-05-28,A000628,600.03
2026-06-28,A000628,717.76
2025-07-28,A000629,10672.52
2025-08-28,A000629,9781.3
2025-09-28,A000629,10514.41
2025-10-28,A000629,10901.58
2025-11-28,A000629,11333.24
2025-12-28,A000629,10481.19
2026-01-28,A000629,10297.0
2026-02-28,A000629,10056.81
2026-03-28,A000629,9751.33
2026-04-28,A000629,9556.95
2026-05-28,A000629,8868.8
2026-06-28,A000629,9299.36
2025-07-28,A000630,13327.4
2025-08-28,A000630,14331.41
2025-09-28,A000630,15584.26
2025-10-28,A000630,15934.56
2025-11-28,A000630,16969.2
2025-12-28,A000630,16554.63
2026-01-28,A000630,17415.68
2026-02-28,A000630,18224.47
2026-03-28,A000630,18253.32
2026-04-28,A000630,18540.96
2026-05-28,A000630,18117.14
2026-06-28,A000630,18557.52
2025-07-28,A000631,16785.37
2025-08-28,A000631,16654.75
2025-09-28,A000631,16285.44
2025-10-28,A000631,17110.81
2025-11-28,A000631,17281.99
2025-12-28,A000631,17106.73
2026-01-28,A000631,17051.38
2026-02-28,A000631,17077.06
2026-03-28,A000631,17515.96
2026-04-28,A000631,17524.56
2026-05-28,A000631,17687.44
2026-06-28,A000631,18622.24
2025-07-28,A000632,8282.14
2025-08-28,A000632,8327.44
2025-09-28,A000632,9332.49
2025-10-28,A000632,9113.35
2025-11-28,A000632,10031.2
2025-12-28,A000632,10691.43
2026-01-28,A000632,11065.31
2026-02-28,A000632,12381.71
2026-03-28,A000632,12095.05
2026-04-28,A000632,12572.96
2026-05-28,A000632,13139.39
2026-06-28,A000632,13874.36
2025-07-28,A000633,12101.17
2025-08-28,A000633,11363.11
2025-09-28,A000633,10749.15
2025-10-28,A000633,10773.02
2025-11-28,A000633,9487.08
2025-12-28,A000633,10429.83
2026-01-28,A000633,9399.1
2026-02-28,A000633,9355.29
2026-03-28,A000633,8219.07
2026-04-28,A000633,9505.56
2026-05-28,A000633,9015.4
2026-06-28,A000633,8035.08
2025-07-28,A000634,6860.55
2025-08-28,A000634,7954.1
2025-09-28,A000634,8593.82
2025-10-28,A000634,8596.23
2025-11-28,A000634,9226.95
2025-12-28,A000634,9904.25
2026-01-28,A000634,9728.34
2026-02-28,A000634,9018.68
2026-03-28,A000634,9437.66
2026-04-28,A000634,9589.06
2026-05-28,A000634,9950.16
2026-06-28,A000634,10916.92
2025-07-28,A000635,9307.0
2025-08-28,A000635,10089.47
2025-09-28,A000635,10954.39
2025-10-28,A000635,10960.12
2025-11-28,A000635,10628.57
2025-12-28,A000635,11350.54
2026-01-28,A000635,11823.4
2026-02-28,A000635,11600.64
2026-03-28,A000635,12614.57
2026-04-28,A000635,12434.95
2026-05-28,A000635,12366.39
2026-06-28,A000635,12272.86
2025-07-28,A000636,13971.91
2025-08-28,A000636,14007.4
2025-09-28,A000636,14576.62
2025-10-28,A000636,15138.49
2025-11-28,A000636,15641.25
2025-12-28,A000636,15870.74
2026-01-28,A000636,16417.83
2026-02-28,A000636,17217.72
2026-03-28,A000636,17375.66
2026-04-28,A000636,17991.83
2026-05-28,A000636,18191.31
2026-06-28,A000636,18471.29
2025-07-28,A000637,5721.87
2025-08-28,A000637,6439.5
2025-09-28,A000637,6662.15
2025-10-28,A000637,7074.43
2025-11-28,A000637,7060.01
2025-12-28,A000637,7181.44
2026-01-28,A000637,7807.18
2026-02-28,A000637,8425.82
2026-03-28,A000637,8490.1
2026-04-28,A000637,9170.45
2026-05-28,A000637,9150.28
2026-06-28,A000637,9083.14
2025-07-28,A000638,4138.88
2025-08-28,A000638,3888.36
2025-09-28,A000638,4392.6
2025-10-28,A000638,4909.93
2025-11-28,A000638,5301.96
2025-12-28,A000638,5220.78
2026-01-28,A000638,5677.68
2026-02-28,A000638,5986.47
2026-03-28,A000638,5648.95
2026-04-28,A000638,6576.6
2026-05-28,A000638,6975.16
2026-06-28,A000638,7687.13
2025-07-28,A000639,13365.26
2025-08-28,A000639,13261.8
2025-09-28,A000639,13618.88
2025-10-28,A000639,13718.52
2025-11-28,A000639,14816.62
2025-12-28,A000639,15514.27
2026-01-28,A000639,15688.99
2026-02-28,A000639,15169.71
2026-03-28,A000639,15353.49
2026-04-28,A000639,15543.71
2026-05-28,A000639,14939.27
2026-06-28,A000639,14922.86
2025-07-28,A000640,17240.98
2025-08-28,A000640,17099.7
2025-09-28,A000640,20401.61
2025-10-28,A000640,23099.7
2025-11-28,A000640,23031.06
2025-12-28,A000640,23718.81
2026-01-28,A000640,25271.57
2026-02-28,A000640,24990.1
2026-03-28,A000640,27327.22
2026-04-28,A000640,26199.7
2026-05-28,A000640,26260.95
2026-06-28,A000640,26251.03
2025-07-28,A000641,14588.23
2025-08-28,A000641,14631.39
2025-09-28,A000641,14667.26
2025-10-28,A000641,14761.18
2025-11-28,A000641,14899.48
2025-12-28,A000641,14993.4
2026-01-28,A000641,15049.84
2026-02-28,A000641,15877.2
2026-03-28,A000641,15565.31
2026-04-28,A000641,15846.12
2026-05-28,A000641,15733.88
2026-06-28,A000641,15613.21
2025-07-28,A000642,6031.47
2025-08-28,A000642,6455.53
2025-09-28,A000642,6491.96
2025-10-28,A000642,7298.02
2025-11-28,A000642,7092.12
2025-12-28,A000642,7069.61
2026-01-28,A000642,7172.52
2026-02-28,A000642,7988.67
2026-03-28,A000642,8934.18
2026-04-28,A000642,10075.59
2026-05-28,A000642,10126.29
2026-06-28,A000642,10543.55
2025-07-28,A000643,4122.38
2025-08-28,A000643,4476.17
2025-09-28,A000643,5046.28
2025-10-28,A000643,5917.49
2025-11-28,A000643,5752.05
2025-12-28,A000643,5417.15
2026-01-28,A000643,6273.8
2026-02-28,A000643,6513.97
2026-03-28,A000643,6167.81
2026-04-28,A000643,6836.78
2026-05-28,A000643,7755.47
2026-06-28,A000643,7566.64
2025-07-28,A000644,1540.06
2025-08-28,A000644,1853.93
2025-09-28,A000644,2242.08
2025-10-28,A000644,2829.45
2025-11-28,A000644,3414.18
2025-12-28,A000644,4161.84
2026-01-28,A000644,4469.36
2026-02-28,A000644,5138.49
2026-03-28,A000644,5249.34
2026-04-28,A000644,5380.94
2026-05-28,A000644,6166.34
2026-06-28,A000644,6382.3
2025-07-28,A000645,9803.01
2025-08-28,A000645,9506.65
2025-09-28,A000645,9149.93
2025-10-28,A000645,10489.16
2025-11-28,A000645,11400.45
2025-12-28,A000645,10606.18
2026-01-28,A000645,9729.34
2026-02-28,A000645,9351.98
2026-03-28,A000645,10474.7
2026-04-28,A000645,12283.53
2026-05-28,A000645,11696.66
2026-06-28,A000645,12073.24
2025-07-28,A000646,11320.41
2025-08-28,A000646,11319.69
2025-09-28,A000646,11769.97
2025-10-28,A000646,12572.84
2025-11-28,A000646,12992.11
2025-12-28,A000646,13578.69
2026-01-28,A000646,14206.49
2026-02-28,A000646,14769.78
2026-03-28,A000646,14778.36
2026-04-28,A000646,15304.4
2026-05-28,A000646,15237.17
2026-06-28,A000646,15634.12
2025-07-28,A000647,15583.82
2025-08-28,A000647,15864.56
2025-09-28,A000647,16892.59
2025-10-28,A000647,16314.58
2025-11-28,A000647,17509.77
2025-12-28,A000647,17908.92
2026-01-28,A000647,18418.87
2026-02-28,A000647,19744.23
2026-03-28,A000647,19420.35
2026-04-28,A000647,20373.82
2026-05-28,A000647,20619.26
2026-06-28,A000647,21864.83
2025-07-28,A000648,2850.16
2025-08-28,A000648,2442.31
2025-09-28,A000648,2107.6
2025-10-28,A000648,1894.63
2025-11-28,A000648,2683.19
2025-12-28,A000648,2759.48
2026-01-28,A000648,2543.44
2026-02-28,A000648,3022.66
2026-03-28,A000648,3196.56
2026-04-28,A000648,4366.27
2026-05-28,A000648,3858.01
2026-06-28,A000648,4605.71
2025-07-28,A000649,-390.34
2025-08-28,A000649,510.94
2025-09-28,A000649,111.67
2025-10-28,A000649,130.5
2025-11-28,A000649,863.51
2025-12-28,A000649,527.66
2026-01-28,A000649,472.51
2026-02-28,A000649,84.51
2026-03-28,A000649,-84.12
2026-04-28,A000649,24.38
2026-05-28,A000649,-540.28
2026-06-28,A000649,-897.77
2025-07-28,A000650,7714.58
2025-08-28,A000650,7548.22
2025-09-28,A000650,7869.86
2025-10-28,A000650,7769.97
2025-11-28,A000650,8442.63
2025-12-28,A000650,8334.51
2026-01-28,A000650,8129.93
2026-02-28,A000650,7730.37
2026-03-28,A000650,7939.19
2026-04-28,A000650,7890.69
2026-05-28,A000650,8679.41
2026-06-28,A000650,8320.6
2025-07-28,A000651,9541.42
2025-08-28,A000651,9745.25
2025-09-28,A000651,9707.69
2025-10-28,A000651,10294.09
2025-11-28,A000651,10442.42
2025-12-28,A000651,10180.04
2026-01-28,A000651,10420.35
2026-02-28,A000651,11146.0
2026-03-28,A000651,11472.08
2026-04-28,A000651,11378.37
2026-05-28,A000651,11215.98
2026-06-28,A000651,11776.79
2025-07-28,A000652,11325.5
2025-08-28,A000652,11567.96
2025-09-28,A000652,12812.95
2025-10-28,A000652,13331.46
2025-11-28,A000652,14314.9
2025-12-28,A000652,14257.82
2026-01-28,A000652,14937.0
2026-02-28,A000652,16261.33
2026-03-28,A000652,16459.21
2026-04-28,A000652,17668.44
2026-05-28,A000652,18338.86
2026-06-28,A000652,18093.05
2025-07-28,A000653,14538.95
2025-08-28,A000653,14509.83
2025-09-28,A000653,15394.66
2025-10-28,A000653,15784.99
2025-11-28,A000653,15502.4
2025-12-28,A000653,16222.26
2026-01-28,A000653,16998.09
2026-02-28,A000653,17706.67
2026-03-28,A000653,18562.21
2026-04-28,A000653,19209.8
2026-05-28,A000653,20174.02
2026-06-28,A000653,20706.84
2025-07-28,A000654,11210.51
2025-08-28,A000654,11441.46
2025-09-28,A000654,11207.57
2025-10-28,A000654,10985.89
2025-11-28,A000654,10546.77
2025-12-28,A000654,10697.06
2026-01-28,A000654,10181.99
2026-02-28,A000654,11334.09
2026-03-28,A000654,11531.71
2026-04-28,A000654,11037.17
2026-05-28,A000654,10833.84
2026-06-28,A000654,10288.93
2025-07-28,A000655,16059.49
2025-08-28,A000655,16541.29
2025-09-28,A000655,16313.72
2025-10-28,A000655,16004.6
2025-11-28,A000655,15666.14
2025-12-28,A000655,15398.61
2026-01-28,A000655,15802.86
2026-02-28,A000655,15645.79
2026-03-28,A000655,16050.25
2026-04-28,A000655,16252.2
2026-05-28,A000655,16803.51
2026-06-28,A000655,16757.01
2025-07-28,A000656,2970.48
2025-08-28,A000656,3493.84
2025-09-28,A000656,3415.37
2025-10-28,A000656,3059.25
2025-11-28,A000656,3530.13
2025-12-28,A000656,4101.72
2026-01-28,A000656,4397.71
2026-02-28,A000656,4742.59
2026-03-28,A000656,4837.07
2026-04-28,A000656,5117.46
2026-05-28,A000656,5199.45
2026-06-28,A000656,4731.92
2025-07-28,A000657,5466.37
2025-08-28,A000657,5854.95
2025-09-28,A000657,6020.59
2025-10-28,A000657,5878.99
2025-11-28,A000657,6465.76
2025-12-28,A000657,6372.05
2026-01-28,A000657,6946.44
2026-02-28,A000657,7665.79
2026-03-28,A000657,7541.67
2026-04-28,A000657,8522.8
2026-05-28,A000657,8129.38
2026-06-28,A000657,8100.89
2025-07-28,A000658,17673.6
2025-08-28,A000658,17500.52
2025-09-28,A000658,18325.85
2025-10-28,A000658,18745.29
2025-11-28,A000658,19171.81
2025-12-28,A000658,19439.7
2026-01-28,A000658,19305.36
2026-02-28,A000658,19080.64
2026-03-28,A000658,18846.96
2026-04-28,A000658,19159.8
2026-05-28,A000658,18753.42
2026-06-28,A000658,18278.49
2025-07-28,A000659,1286.45
2025-08-28,A000659,1175.37
2025-09-28,A000659,1382.92
2025-10-28,A000659,1039.56
2025-11-28,A000659,1728.04
2025-12-28,A000659,2626.54
2026-01-28,A000659,3178.73
2026-02-28,A000659,3277.75
2026-03-28,A000659,3394.29
2026-04-28,A000659,4269.94
2026-05-28,A000659,5152.11
2026-06-28,A000659,5722.48
2025-07-28,A000660,18040.01
2025-08-28,A000660,17889.76
2025-09-28,A000660,17827.82
2025-10-28,A000660,17450.55
2025-11-28,A000660,18132.01
2025-12-28,A000660,19047.35
2026-01-28,A000660,20352.53
2026-02-28,A000660,20981.51
2026-03-28,A000660,21009.73
2026-04-28,A000660,21020.82
2026-05-28,A000660,22231.52
2026-06-28,A000660,23599.71
2025-07-28,A000661,10822.19
2025-08-28,A000661,11101.51
2025-09-28,A000661,11157.31
2025-10-28,A000661,11415.79
2025-11-28,A000661,11787.28
2025-12-28,A000661,12201.74
2026-01-28,A000661,12879.34
2026-02-28,A000661,13303.9
2026-03-28,A000661,14120.33
2026-04-28,A000661,14745.19
2026-05-28,A000661,14375.1
2026-06-28,A000661,14050.61
2025-07-28,A000662,773.8
2025-08-28,A000662,-151.2
2025-09-28,A000662,34.86
2025-10-28,A000662,-376.56
2025-11-28,A000662,-1634.24
2025-12-28,A000662,-1869.28
2026-01-28,A000662,-2403.63
2026-02-28,A000662,-3118.86
2026-03-28,A000662,-2288.5
2026-04-28,A000662,-311.2
2026-05-28,A000662,323.63
2026-06-28,A000662,1824.54
2025-07-28,A000663,10267.54
2025-08-28,A000663,11204.91
2025-09-28,A000663,12029.37
2025-10-28,A000663,11873.64
2025-11-28,A000663,12706.71
2025-12-28,A000663,13142.21
2026-01-28,A000663,13132.98
2026-02-28,A000663,13642.3
2026-03-28,A000663,12911.13
2026-04-28,A000663,14330.58
2026-05-28,A000663,15000.87
2026-06-28,A000663,15544.18
2025-07-28,A000664,16154.19
2025-08-28,A000664,15815.29
2025-09-28,A000664,16265.09
2025-10-28,A000664,16465.15
2025-11-28,A000664,17123.11
2025-12-28,A000664,16883.65
2026-01-28,A000664,16735.7
2026-02-28,A000664,17626.25
2026-03-28,A000664,17445.98
2026-04-28,A000664,17550.68
2026-05-28,A000664,18113.38
2026-06-28,A000664,17986.31
2025-07-28,A000665,14250.17
2025-08-28,A000665,14949.98
2025-09-28,A000665,15949.89
2025-10-28,A000665,17177.78
2025-11-28,A000665,17611.58
2025-12-28,A000665,18726.69
2026-01-28,A000665,18462.19
2026-02-28,A000665,19900.62
2026-03-28,A000665,19615.14
2026-04-28,A000665,19254.82
2026-05-28,A000665,19507.36
2026-06-28,A000665,20548.12
2025-07-28,A000666,10672.53
2025-08-28,A000666,10504.03
2025-09-28,A000666,11075.46
2025-10-28,A000666,11552.01
2025-11-28,A000666,11636.19
2025-12-28,A000666,11937.6
2026-01-28,A000666,12316.94
2026-02-28,A000666,12605.22
2026-03-28,A000666,12878.23
2026-04-28,A000666,12989.57
2026-05-28,A000666,12948.21
2026-06-28,A000666,12875.06
2025-07-28,A000667,6081.36
2025-08-28,A000667,6245.52
2025-09-28,A000667,7233.51
2025-10-28,A000667,7909.05
2025-11-28,A000667,8700.96
2025-12-28,A000667,9438.32
2026-01-28,A000667,10374.77
2026-02-28,A000667,10786.03
2026-03-28,A000667,10775.07
2026-04-28,A000667,11157.98
2026-05-28,A000667,11397.17
2026-06-28,A000667,12606.4
2025-07-28,A000668,14871.19
2025-08-28,A000668,14620.82
2025-09-28,A000668,14263.07
2025-10-28,A000668,14976.69
2025-11-28,A000668,15050.2
2025-12-28,A000668,15753.92
2026-01-28,A000668,15888.53
2026-02-28,A000668,16264.99
2026-03-28,A000668,16663.67
2026-04-28,A000668,17263.47
2026-05-28,A000668,17807.53
2026-06-28,A000668,17560.02
2025-07-28,A000669,15941.38
2025-08-28,A000669,15229.11
2025-09-28,A000669,14715.73
2025-10-28,A000669,14761.13
2025-11-28,A000669,15993.52
2025-12-28,A000669,16005.65
2026-01-28,A000669,17002.79
2026-02-28,A000669,18665.89
2026-03-28,A000669,19483.5
2026-04-28,A000669,19968.46
2026-05-28,A000669,19873.57
2026-06-28,A000669,21322.77
2025-07-28,A000670,344.97
2025-08-28,A000670,-646.72
2025-09-28,A000670,-1622.65
2025-10-28,A000670,-2177.07
2025-11-28,A000670,-1836.66
2025-12-28,A000670,-1048.19
2026-01-28,A000670,-2372.73
2026-02-28,A000670,-1996.56
2026-03-28,A000670,-2544.4
2026-04-28,A000670,-3208.33
2026-05-28,A000670,-3933.36
2026-06-28,A000670,-4995.66
2025-07-28,A000671,11766.69
2025-08-28,A000671,12739.92
2025-09-28,A000671,13643.3
2025-10-28,A000671,14002.4
2025-11-28,A000671,13960.36
2025-12-28,A000671,14215.74
2026-01-28,A000671,13811.9
2026-02-28,A000671,14230.42
2026-03-28,A000671,14676.21
2026-04-28,A000671,14587.05
2026-05-28,A000671,14530.58
2026-06-28,A000671,14432.46
2025-07-28,A000672,3613.99
2025-08-28,A000672,4334.12
2025-09-28,A000672,5127.87
2025-10-28,A000672,5271.89
2025-11-28,A000672,5826.11
2025-12-28,A000672,6692.65
2026-01-28,A000672,6364.53
2026-02-28,A000672,7152.66
2026-03-28,A000672,7504.61
2026-04-28,A000672,8289.45
2026-05-28,A000672,8626.37
2026-06-28,A000672,8459.86
2025-07-28,A000673,15434.38
2025-08-28,A000673,15479.44
2025-09-28,A000673,16189.68
2025-10-28,A000673,17288.14
2025-11-28,A000673,16755.42
2025-12-28,A000673,17987.03
2026-01-28,A000673,17676.69
2026-02-28,A000673,19187.19
2026-03-28,A000673,18621.43
2026-04-28,A000673,18611.33
2026-05-28,A000673,19345.15
2026-06-28,A000673,18706.97
2025-07-28,A000674,3225.89
2025-08-28,A000674,2766.64
2025-09-28,A000674,3262.02
2025-10-28,A000674,3459.06
2025-11-28,A000674,2871.45
2025-12-28,A000674,2258.19
2026-01-28,A000674,1807.02
2026-02-28,A000674,1037.9
2026-03-28,A000674,1942.03
2026-04-28,A000674,1580.18
2026-05-28,A000674,1504.91
2026-06-28,A000674,2355.23
2025-07-28,A000675,924.08
2025-08-28,A000675,1531.41
2025-09-28,A000675,1290.75
2025-10-28,A000675,1485.21
2025-11-28,A000675,1989.45
2025-12-28,A000675,1939.59
2026-01-28,A000675,2626.13
2026-02-28,A000675,2373.39
2026-03-28,A000675,2621.11
2026-04-28,A000675,2452.84
2026-05-28,A000675,3123.28
2026-06-28,A000675,3342.14
2025-07-28,A000676,10575.58
2025-08-28,A000676,10727.46
2025-09-28,A000676,11295.22
2025-10-28,A000676,11602.91
2025-11-28,A000676,11795.47
2025-12-28,A000676,12341.69
2026-01-28,A000676,13113.78
2026-02-28,A000676,13974.38
2026-03-28,A000676,14287.18
2026-04-28,A000676,14561.66
2026-05-28,A000676,14733.12
2026-06-28,A000676,14625.6
2025-07-28,A000677,18113.58
2025-08-28,A000677,18410.71
2025-09-28,A000677,19006.29
2025-10-28,A000677,18808.7
2025-11-28,A000677,18882.14
2025-12-28,A000677,18750.02
2026-01-28,A000677,19411.89
2026-02-28,A000677,19053.08
2026-03-28,A000677,19184.78
2026-04-28,A000677,19315.0
2026-05-28,A000677,19559.72
2026-06-28,A000677,19542.18
2025-07-28,A000678,3316.17
2025-08-28,A000678,3188.97
2025-09-28,A000678,2810.67
2025-10-28,A000678,2468.88
2025-11-28,A000678,2185.39
2025-12-28,A000678,1647.4
2026-01-28,A000678,2614.04
2026-02-28,A000678,1979.73
2026-03-28,A000678,2415.73
2026-04-28,A000678,2250.16
2026-05-28,A000678,2221.37
2026-06-28,A000678,2765.54
2025-07-28,A000679,5284.74
2025-08-28,A000679,6429.26
2025-09-28,A000679,6388.22
2025-10-28,A000679,7907.53
2025-11-28,A000679,8020.06
2025-12-28,A000679,8733.13
2026-01-28,A000679,8566.35
2026-02-28,A000679,9940.66
2026-03-28,A000679,10571.36
2026-04-28,A000679,10246.38
2026-05-28,A000679,10132.13
2026-06-28,A000679,11101.32
2025-07-28,A000680,1054.57
2025-08-28,A000680,832.03
2025-09-28,A000680,102.73
2025-10-28,A000680,849.04
2025-11-28,A000680,1681.58
2025-12-28,A000680,2281.51
2026-01-28,A000680,1406.97
2026-02-28,A000680,1876.18
2026-03-28,A000680,3780.67
2026-04-28,A000680,4796.16
2026-05-28,A000680,5014.9
2026-06-28,A000680,6734.16
2025-07-28,A000681,17270.37
2025-08-28,A000681,17138.55
2025-09-28,A000681,16419.21
2025-10-28,A000681,16457.2
2025-11-28,A000681,15850.87
2025-12-28,A000681,16589.69
2026-01-28,A000681,16743.17
2026-02-28,A000681,17215.21
2026-03-28,A000681,17727.99
2026-04-28,A000681,17673.53
2026-05-28,A000681,18042.06
2026-06-28,A000681,18232.38
2025-07-28,A000682,3026.32
2025-08-28,A000682,3063.87
2025-09-28,A000682,3059.74
2025-10-28,A000682,2922.48
2025-11-28,A000682,2786.84
2025-12-28,A000682,3151.33
2026-01-28,A000682,2857.26
2026-02-28,A000682,2695.82
2026-03-28,A000682,3019.09
2026-04-28,A000682,3152.52
2026-05-28,A000682,3259.49
2026-06-28,A000682,3389.26
2025-07-28,A000683,13058.86
2025-08-28,A000683,13066.21
2025-09-28,A000683,12874.64
2025-10-28,A000683,13617.79
2025-11-28,A000683,14196.13
2025-12-28,A000683,13701.98
2026-01-28,A000683,13348.88
2026-02-28,A000683,12353.37
2026-03-28,A000683,11442.62
2026-04-28,A000683,11482.18
2026-05-28,A000683,11345.31
2026-06-28,A000683,10567.89
2025-07-28,A000684,15700.06
2025-08-28,A000684,16168.13
2025-09-28,A000684,16323.75
2025-10-28,A000684,16639.09
2025-11-28,A000684,16680.57
2025-12-28,A000684,16801.11
2026-01-28,A000684,16982.8
2026-02-28,A000684,17155.29
2026-03-28,A000684,17328.37
2026-04-28,A000684,17242.61
2026-05-28,A000684,17392.37
2026-06-28,A000684,17917.08
2025-07-28,A000685,6589.16
2025-08-28,A000685,6776.46
2025-09-28,A000685,5371.21
2025-10-28,A000685,6030.21
2025-11-28,A000685,7360.21
2025-12-28,A000685,8802.52
2026-01-28,A000685,9480.68
2026-02-28,A000685,10058.44
2026-03-28,A000685,10110.44
2026-04-28,A000685,9145.94
2026-05-28,A000685,10524.74
2026-06-28,A000685,10646.2
2025-07-28,A000686,5585.19
2025-08-28,A000686,6206.97
2025-09-28,A000686,7076.21
2025-10-28,A000686,7118.17
2025-11-28,A000686,7048.36
2025-12-28,A000686,7946.14
2026-01-28,A000686,7438.68
2026-02-28,A000686,9177.06
2026-03-28,A000686,8449.61
2026-04-28,A000686,10724.91
2026-05-28,A000686,12909.51
2026-06-28,A000686,15207.28
2025-07-28,A000687,14669.82
2025-08-28,A000687,15799.13
2025-09-28,A000687,15594.79
2025-10-28,A000687,16133.72
2025-11-28,A000687,16192.15
2025-12-28,A000687,15803.39
2026-01-28,A000687,15899.2
2026-02-28,A000687,16575.06
2026-03-28,A000687,16571.78
2026-04-28,A000687,16009.84
2026-05-28,A000687,15833.59
2026-06-28,A000687,16374.09
2025-07-28,A000688,15382.28
2025-08-28,A000688,16365.06
2025-09-28,A000688,16462.69
2025-10-28,A000688,15936.72
2025-11-28,A000688,16691.51
2025-12-28,A000688,16826.44
2026-01-28,A000688,17025.64
2026-02-28,A000688,17549.47
2026-03-28,A000688,18573.5
2026-04-28,A000688,19612.84
2026-05-28,A000688,20279.43
2026-06-28,A000688,20841.34
2025-07-28,A000689,11438.72
2025-08-28,A000689,11294.88
2025-09-28,A000689,10979.49
2025-10-28,A000689,10989.29
2025-11-28,A000689,11177.42
2025-12-28,A000689,11247.08
2026-01-28,A000689,11206.66
2026-02-28,A000689,11751.29
2026-03-28,A000689,12436.33
2026-04-28,A000689,12954.61
2026-05-28,A000689,13671.2
2026-06-28,A000689,14317.95
2025-07-28,A000690,8517.05
2025-08-28,A000690,8818.62
2025-09-28,A000690,8330.75
2025-10-28,A000690,8090.76
2025-11-28,A000690,8617.7
2025-12-28,A000690,8122.5
2026-01-28,A000690,7559.06
2026-02-28,A000690,7217.04
2026-03-28,A000690,6982.62
2026-04-28,A000690,7483.44
2026-05-28,A000690,7930.36
2026-06-28,A000690,8460.03
2025-07-28,A000691,11555.87
2025-08-28,A000691,11361.24
2025-09-28,A000691,11733.56
2025-10-28,A000691,12168.31
2025-11-28,A000691,12049.33
2025-12-28,A000691,12082.43
2026-01-28,A000691,12300.26
2026-02-28,A000691,12341.72
2026-03-28,A000691,12131.42
2026-04-28,A000691,12036.86
2026-05-28,A000691,12493.37
2026-06-28,A000691,12260.87
2025-07-28,A000692,232.37
2025-08-28,A000692,-562.58
2025-09-28,A000692,836.86
2025-10-28,A000692,1064.22
2025-11-28,A000692,812.58
2025-12-28,A000692,-293.96
2026-01-28,A000692,-1386.84
2026-02-28,A000692,-2500.4
2026-03-28,A000692,-3386.87
2026-04-28,A000692,-3361.12
2026-05-28,A000692,-4194.75
2026-06-28,A000692,-3943.92
2025-07-28,A000693,655.33
2025-08-28,A000693,1218.83
2025-09-28,A000693,1390.3
2025-10-28,A000693,1922.19
2025-11-28,A000693,2194.9
2025-12-28,A000693,2619.46
2026-01-28,A000693,2697.63
2026-02-28,A000693,3458.27
2026-03-28,A000693,3552.25
2026-04-28,A000693,3908.36
2026-05-28,A000693,4233.27
2026-06-28,A000693,4797.1
2025-07-28,A000694,513.01
2025-08-28,A000694,332.59
2025-09-28,A000694,633.61
2025-10-28,A000694,619.7
2025-11-28,A000694,939.34
2025-12-28,A000694,963.12
2026-01-28,A000694,1086.07
2026-02-28,A000694,1575.45
2026-03-28,A000694,1835.25
2026-04-28,A000694,1470.49
2026-05-28,A000694,1536.6
2026-06-28,A000694,1413.15
2025-07-28,A000695,2509.77
2025-08-28,A000695,2540.91
2025-09-28,A000695,3770.9
2025-10-28,A000695,3190.83
2025-11-28,A000695,4746.4
2025-12-28,A000695,5587.12
2026-01-28,A000695,6126.56
2026-02-28,A000695,7060.24
2026-03-28,A000695,8451.87
2026-04-28,A000695,8787.96
2026-05-28,A000695,8372.97
2026-06-28,A000695,9262.98
2025-07-28,A000696,15585.43
2025-08-28,A000696,14783.79
2025-09-28,A000696,14125.75
2025-10-28,A000696,14858.89
2025-11-28,A000696,14099.14
2025-12-28,A000696,13285.94
2026-01-28,A000696,14242.14
2026-02-28,A000696,13713.35
2026-03-28,A000696,13257.18
2026-04-28,A000696,13197.34
2026-05-28,A000696,13563.72
2026-06-28,A000696,13142.18
2025-07-28,A000697,17189.26
2025-08-28,A000697,17744.59
2025-09-28,A000697,18213.5
2025-10-28,A000697,18365.69
2025-11-28,A000697,18746.05
2025-12-28,A000697,18779.98
2026-01-28,A000697,19059.33
2026-02-28,A000697,18872.31
2026-03-28,A000697,18633.69
2026-04-28,A000697,19275.58
2026-05-28,A000697,19437.13
2026-06-28,A000697,19465.1
2025-07-28,A000698,5851.52
2025-08-28,A000698,5873.44
2025-09-28,A000698,6455.01
2025-10-28,A000698,6184.47
2025-11-28,A000698,7288.04
2025-12-28,A000698,7514.61
2026-01-28,A000698,7234.14
2026-02-28,A000698,7447.28
2026-03-28,A000698,7615.71
2026-04-28,A000698,7741.19
2026-05-28,A000698,8257.5
2026-06-28,A000698,8784.75
2025-07-28,A000699,15454.19
2025-08-28,A000699,15035.65
2025-09-28,A000699,15303.39
2025-10-28,A000699,15485.77
2025-11-28,A000699,15530.33
2025-12-28,A000699,15587.64
2026-01-28,A000699,15400.47
2026-02-28,A000699,16093.58
2026-03-28,A000699,16383.87
2026-04-28,A000699,16388.98
2026-05-28,A000699,17214.24
2026-06-28,A000699,16865.51
2025-07-28,A000700,11639.15
2025-08-28,A000700,12050.93
2025-09-28,A000700,12706.32
2025-10-28,A000700,12378.37
2025-11-28,A000700,12395.69
2025-12-28,A000700,13353.08
2026-01-28,A000700,14042.18
2026-02-28,A000700,14460.23
2026-03-28,A000700,15231.17
2026-04-28,A000700,15518.74
2026-05-28,A000700,15673.5
2026-06-28,A000700,15819.07
2025-07-28,A000701,5623.31
2025-08-28,A000701,5081.77
2025-09-28,A000701,5130.13
2025-10-28,A000701,4883.89
2025-11-28,A000701,4842.3
2025-12-28,A000701,5035.0
2026-01-28,A000701,5073.73
2026-02-28,A000701,4979.43
2026-03-28,A000701,5351.55
2026-04-28,A000701,6096.29
2026-05-28,A000701,6484.67
2026-06-28,A000701,7392.06
2025-07-28,A000702,2075.19
2025-08-28,A000702,3019.04
2025-09-28,A000702,2590.9
2025-10-28,A000702,3917.08
2025-11-28,A000702,5081.68
2025-12-28,A000702,5066.07
2026-01-28,A000702,6238.95
2026-02-28,A000702,6804.66
2026-03-28,A000702,6508.21
2026-04-28,A000702,6275.27
2026-05-28,A000702,6629.07
2026-06-28,A000702,6730.18
2025-07-28,A000703,2387.18
2025-08-28,A000703,2684.5
2025-09-28,A000703,2326.71
2025-10-28,A000703,2282.72
2025-11-28,A000703,2473.28
2025-12-28,A000703,2534.9
2026-01-28,A000703,2820.27
2026-02-28,A000703,3617.23
2026-03-28,A000703,3901.87
2026-04-28,A000703,4500.08
2026-05-28,A000703,4830.77
2026-06-28,A000703,5186.62
2025-07-28,A000704,16085.13
2025-08-28,A000704,15979.88
2025-09-28,A000704,16200.08
2025-10-28,A000704,17207.25
2025-11-28,A000704,18283.82
2025-12-28,A000704,19120.58
2026-01-28,A000704,19084.23
2026-02-28,A000704,19236.37
2026-03-28,A000704,20163.37
2026-04-28,A000704,20117.1
2026-05-28,A000704,20441.37
2026-06-28,A000704,21795.7
2025-07-28,A000705,11170.79
2025-08-28,A000705,11104.46
2025-09-28,A000705,11253.08
2025-10-28,A000705,10774.41
2025-11-28,A000705,11310.72
2025-12-28,A000705,11227.33
2026-01-28,A000705,11966.81
2026-02-28,A000705,12039.82
2026-03-28,A000705,11761.85
2026-04-28,A000705,11944.57
2026-05-28,A000705,11883.34
2026-06-28,A000705,12548.12
2025-07-28,A000706,6253.93
2025-08-28,A000706,6244.35
2025-09-28,A000706,6429.87
2025-10-28,A000706,6525.0
2025-11-28,A000706,6558.94
2025-12-28,A000706,6550.02
2026-01-28,A000706,7248.26
2026-02-28,A000706,7807.31
2026-03-28,A000706,8208.09
2026-04-28,A000706,8574.57
2026-05-28,A000706,8408.04
2026-06-28,A000706,8427.76
2025-07-28,A000707,10257.19
2025-08-28,A000707,10942.19
2025-09-28,A000707,11768.43
2025-10-28,A000707,12485.13
2025-11-28,A000707,12053.63
2025-12-28,A000707,12072.23
2026-01-28,A000707,11573.31
2026-02-28,A000707,11585.98
2026-03-28,A000707,11999.5
2026-04-28,A000707,11796.72
2026-05-28,A000707,12111.6
2026-06-28,A000707,12815.67
2025-07-28,A000708,4720.23
2025-08-28,A000708,4449.97
2025-09-28,A000708,3967.22
2025-10-28,A000708,4969.21
2025-11-28,A000708,5185.44
2025-12-28,A000708,5280.73
2026-01-28,A000708,5436.51
2026-02-28,A000708,6072.78
2026-03-28,A000708,5626.83
2026-04-28,A000708,5619.03
2026-05-28,A000708,6490.16
2026-06-28,A000708,6508.81
2025-07-28,A000709,7253.93
2025-08-28,A000709,7859.98
2025-09-28,A000709,8455.42
2025-10-28,A000709,8907.58
2025-11-28,A000709,8969.06
2025-12-28,A000709,8604.49
2026-01-28,A000709,9061.42
2026-02-28,A000709,9638.26
2026-03-28,A000709,9770.41
2026-04-28,A000709,9901.19
2026-05-28,A000709,9805.68
2026-06-28,A000709,9552.18
2025-07-28,A000710,3545.94
2025-08-28,A000710,2821.38
2025-09-28,A000710,3712.62
2025-10-28,A000710,3207.44
2025-11-28,A000710,3655.46
2025-12-28,A000710,4038.3
2026-01-28,A000710,5695.76
2026-02-28,A000710,7002.6
2026-03-28,A000710,6303.08
2026-04-28,A000710,7130.18
2026-05-28,A000710,7068.45
2026-06-28,A000710,8901.73
2025-07-28,A000711,4161.43
2025-08-28,A000711,4641.32
2025-09-28,A000711,4223.72
2025-10-28,A000711,5111.59
2025-11-28,A000711,4972.57
2025-12-28,A000711,5022.37
2026-01-28,A000711,5189.29
2026-02-28,A000711,5133.18
2026-03-28,A000711,5339.8
2026-04-28,A000711,6088.43
2026-05-28,A000711,6801.82
2026-06-28,A000711,6575.09
2025-07-28,A000712,12464.58
2025-08-28,A000712,12834.46
2025-09-28,A000712,12719.76
2025-10-28,A000712,12925.14
2025-11-28,A000712,13019.26
2025-12-28,A000712,12730.73
2026-01-28,A000712,13257.62
2026-02-28,A000712,13462.17
2026-03-28,A000712,13840.59
2026-04-28,A000712,14363.24
2026-05-28,A000712,14031.49
2026-06-28,A000712,14571.54
2025-07-28,A000713,14300.17
2025-08-28,A000713,14159.14
2025-09-28,A000713,14860.99
2025-10-28,A000713,15637.07
2025-11-28,A000713,16580.79
2025-12-28,A000713,16364.24
2026-01-28,A000713,17069.79
2026-02-28,A000713,17281.14
2026-03-28,A000713,18201.13
2026-04-28,A000713,19218.46
2026-05-28,A000713,19908.91
2026-06-28,A000713,20385.82
2025-07-28,A000714,3842.61
2025-08-28,A000714,4185.63
2025-09-28,A000714,3951.45
2025-10-28,A000714,3899.02
2025-11-28,A000714,3656.4
2025-12-28,A000714,3266.69
2026-01-28,A000714,3797.84
2026-02-28,A000714,3319.62
2026-03-28,A000714,3056.44
2026-04-28,A000714,3754.12
2026-05-28,A000714,3155.22
2026-06-28,A000714,2862.95
2025-07-28,A000715,17094.76
2025-08-28,A000715,16862.74
2025-09-28,A000715,16796.31
2025-10-28,A000715,17435.12
2025-11-28,A000715,18141.46
2025-12-28,A000715,18091.95
2026-01-28,A000715,17886.26
2026-02-28,A000715,17525.4
2026-03-28,A000715,18437.78
2026-04-28,A000715,17965.24
2026-05-28,A000715,18288.04
2026-06-28,A000715,17805.39
2025-07-28,A000716,5835.88
2025-08-28,A000716,6706.59
2025-09-28,A000716,7562.18
2025-10-28,A000716,8614.86
2025-11-28,A000716,9739.08
2025-12-28,A000716,9382.11
2026-01-28,A000716,10349.79
2026-02-28,A000716,9892.58
2026-03-28,A000716,9667.15
2026-04-28,A000716,9213.76
2026-05-28,A000716,9803.11
2026-06-28,A000716,9557.99
2025-07-28,A000717,10677.38
2025-08-28,A000717,10614.3
2025-09-28,A000717,10663.08
2025-10-28,A000717,10545.59
2025-11-28,A000717,10721.19
2025-12-28,A000717,10408.28
2026-01-28,A000717,10257.57
2026-02-28,A000717,10828.27
2026-03-28,A000717,10681.8
2026-04-28,A000717,11288.05
2026-05-28,A000717,11338.92
2026-06-28,A000717,11930.84
2025-07-28,A000718,13826.33
2025-08-28,A000718,14334.54
2025-09-28,A000718,14294.97
2025-10-28,A000718,14674.18
2025-11-28,A000718,14427.8
2025-12-28,A000718,14808.08
2026-01-28,A000718,15170.28
2026-02-28,A000718,15670.94
2026-03-28,A000718,15582.05
2026-04-28,A000718,15668.31
2026-05-28,A000718,15747.31
2026-06-28,A000718,16120.46
2025-07-28,A000719,4595.76
2025-08-28,A000719,4588.84
2025-09-28,A000719,3734.15
2025-10-28,A000719,3017.96
2025-11-28,A000719,2382.33
2025-12-28,A000719,1615.89
2026-01-28,A000719,1403.99
2026-02-28,A000719,1918.54
2026-03-28,A000719,2370.38
2026-04-28,A000719,2185.46
2026-05-28,A000719,2213.0
2026-06-28,A000719,1531.49
2025-07-28,A000720,-410.04
2025-08-28,A000720,130.16
2025-09-28,A000720,-1019.61
2025-10-28,A000720,-1930.51
2025-11-28,A000720,-1066.13
2025-12-28,A000720,-2341.04
2026-01-28,A000720,-3550.41
2026-02-28,A000720,-2871.57
2026-03-28,A000720,-2109.63
2026-04-28,A000720,-3329.59
2026-05-28,A000720,-2228.72
2026-06-28,A000720,-1769.69
2025-07-28,A000721,5564.72
2025-08-28,A000721,4521.51
2025-09-28,A000721,3743.5
2025-10-28,A000721,3600.35
2025-11-28,A000721,2623.22
2025-12-28,A000721,4213.63
2026-01-28,A000721,4098.57
2026-02-28,A000721,3511.32
2026-03-28,A000721,3330.34
2026-04-28,A000721,1910.45
2026-05-28,A000721,1548.7
2026-06-28,A000721,2151.45
2025-07-28,A000722,4274.66
2025-08-28,A000722,4373.88
2025-09-28,A000722,5042.81
2025-10-28,A000722,5829.41
2025-11-28,A000722,6757.42
2025-12-28,A000722,6352.92
2026-01-28,A000722,6534.72
2026-02-28,A000722,6752.69
2026-03-28,A000722,6908.84
2026-04-28,A000722,6736.11
2026-05-28,A000722,6774.69
2026-06-28,A000722,7139.57
2025-07-28,A000723,11516.23
2025-08-28,A000723,12647.24
2025-09-28,A000723,12613.31
2025-10-28,A000723,13838.45
2025-11-28,A000723,13816.69
2025-12-28,A000723,14204.32
2026-01-28,A000723,15123.44
2026-02-28,A000723,16371.94
2026-03-28,A000723,16633.74
2026-04-28,A000723,17726.22
2026-05-28,A000723,18262.96
2026-06-28,A000723,19386.75
2025-07-28,A000724,11206.5
2025-08-28,A000724,11690.47
2025-09-28,A000724,12147.31
2025-10-28,A000724,12726.71
2025-11-28,A000724,12570.12
2025-12-28,A000724,13188.76
2026-01-28,A000724,13800.39
2026-02-28,A000724,13697.79
2026-03-28,A000724,13677.07
2026-04-28,A000724,14103.75
2026-05-28,A000724,14687.34
2026-06-28,A000724,14959.41
2025-07-28,A000725,3900.63
2025-08-28,A000725,4039.58
2025-09-28,A000725,4063.72
2025-10-28,A000725,4565.39
2025-11-28,A000725,4938.75
2025-12-28,A000725,5096.94
2026-01-28,A000725,5320.17
2026-02-28,A000725,5929.02
2026-03-28,A000725,5725.79
2026-04-28,A000725,6420.66
2026-05-28,A000725,6482.52
2026-06-28,A000725,6653.19
2025-07-28,A000726,5372.22
2025-08-28,A000726,5914.11
2025-09-28,A000726,6148.51
2025-10-28,A000726,6135.24
2025-11-28,A000726,6408.09
2025-12-28,A000726,6078.05
2026-01-28,A000726,6287.97
2026-02-28,A000726,5425.52
2026-03-28,A000726,5846.27
2026-04-28,A000726,5276.25
2026-05-28,A000726,5232.1
2026-06-28,A000726,4356.35
2025-07-28,A000727,18163.14
2025-08-28,A000727,17735.74
2025-09-28,A000727,18866.47
2025-10-28,A000727,19697.93
2025-11-28,A000727,19952.54
2025-12-28,A000727,20492.07
2026-01-28,A000727,21037.51
2026-02-28,A000727,21989.37
2026-03-28,A000727,22142.15
2026-04-28,A000727,22784.8
2026-05-28,A000727,23128.79
2026-06-28,A000727,23195.97
2025-07-28,A000728,13739.91
2025-08-28,A000728,13619.77
2025-09-28,A000728,14769.01
2025-10-28,A000728,14653.56
2025-11-28,A000728,15648.09
2025-12-28,A000728,16560.21
2026-01-28,A000728,16028.38
2026-02-28,A000728,16906.34
2026-03-28,A000728,18102.2
2026-04-28,A000728,18200.98
2026-05-28,A000728,17628.54
2026-06-28,A000728,17228.37
2025-07-28,A000729,2284.89
2025-08-28,A000729,2035.59
2025-09-28,A000729,1406.46
2025-10-28,A000729,2657.95
2025-11-28,A000729,2516.69
2025-12-28,A000729,3513.95
2026-01-28,A000729,3485.15
2026-02-28,A000729,4778.35
2026-03-28,A000729,4868.41
2026-04-28,A000729,5856.01
2026-05-28,A000729,5724.8
2026-06-28,A000729,6181.77
2025-07-28,A000730,16787.28
2025-08-28,A000730,16843.21
2025-09-28,A000730,16874.8
2025-10-28,A000730,17189.75
2025-11-28,A000730,17744.29
2025-12-28,A000730,18151.18
2026-01-28,A000730,18143.19
2026-02-28,A000730,18596.04
2026-03-28,A000730,19012.24
2026-04-28,A000730,19021.73
2026-05-28,A000730,19155.29
2026-06-28,A000730,18845.11
2025-07-28,A000731,13212.55
2025-08-28,A000731,13051.98
2025-09-28,A000731,13271.39
2025-10-28,A000731,13597.46
2025-11-28,A000731,13421.57
2025-12-28,A000731,13911.97
2026-01-28,A000731,13642.32
2026-02-28,A000731,13828.34
2026-03-28,A000731,14271.39
2026-04-28,A000731,14496.32
2026-05-28,A000731,14219.68
2026-06-28,A000731,14817.7
2025-07-28,A000732,5582.6
2025-08-28,A000732,5518.15
2025-09-28,A000732,5328.76
2025-10-28,A000732,5599.83
2025-11-28,A000732,5645.72
2025-12-28,A000732,5222.33
2026-01-28,A000732,4841.19
2026-02-28,A000732,4724.86
2026-03-28,A000732,5542.03
2026-04-28,A000732,5309.42
2026-05-28,A000732,5183.34
2026-06-28,A000732,5557.12
2025-07-28,A000733,10970.23
2025-08-28,A000733,11573.91
2025-09-28,A000733,11758.27
2025-10-28,A000733,11963.58
2025-11-28,A000733,12596.93
2025-12-28,A000733,12741.09
2026-01-28,A000733,12681.02
2026-02-28,A000733,12471.44
2026-03-28,A000733,12948.08
2026-04-28,A000733,13192.36
2026-05-28,A000733,13297.02
2026-06-28,A000733,13871.38
2025-07-28,A000734,11741.68
2025-08-28,A000734,14428.23
2025-09-28,A000734,14905.47
2025-10-28,A000734,14905.73
2025-11-28,A000734,17185.5
2025-12-28,A000734,16707.42
2026-01-28,A000734,18147.36
2026-02-28,A000734,17269.06
2026-03-28,A000734,17272.18
2026-04-28,A000734,18554.87
2026-05-28,A000734,17932.71
2026-06-28,A000734,20829.55
2025-07-28,A000735,703.42
2025-08-28,A000735,973.69
2025-09-28,A000735,1648.26
2025-10-28,A000735,2668.28
2025-11-28,A000735,1883.32
2025-12-28,A000735,2842.81
2026-01-28,A000735,2548.61
2026-02-28,A000735,2737.59
2026-03-28,A000735,3446.35
2026-04-28,A000735,4528.65
2026-05-28,A000735,4627.59
2026-06-28,A000735,4599.9
2025-07-28,A000736,10824.27
2025-08-28,A000736,11140.58
2025-09-28,A000736,11599.05
2025-10-28,A000736,11842.63
2025-11-28,A000736,12546.16
2025-12-28,A000736,12600.3
2026-01-28,A000736,12499.33
2026-02-28,A000736,12398.73
2026-03-28,A000736,13047.45
2026-04-28,A000736,13569.15
2026-05-28,A000736,13566.14
2026-06-28,A000736,13551.75
2025-07-28,A000737,8345.74
2025-08-28,A000737,7543.91
2025-09-28,A000737,6775.67
2025-10-28,A000737,6375.03
2025-11-28,A000737,5811.36
2025-12-28,A000737,5401.14
2026-01-28,A000737,5182.51
2026-02-28,A000737,4477.96
2026-03-28,A000737,4650.24
2026-04-28,A000737,4794.59
2026-05-28,A000737,4865.49
2026-06-28,A000737,4817.33
2025-07-28,A000738,17463.9
2025-08-28,A000738,18106.47
2025-09-28,A000738,17594.1
2025-10-28,A000738,18037.95
2025-11-28,A000738,18121.59
2025-12-28,A000738,18151.41
2026-01-28,A000738,17993.89
2026-02-28,A000738,17779.76
2026-03-28,A000738,18512.93
2026-04-28,A000738,18306.78
2026-05-28,A000738,18022.89
2026-06-28,A000738,18601.48
2025-07-28,A000739,11049.19
2025-08-28,A000739,11954.08
2025-09-28,A000739,12720.24
2025-10-28,A000739,13800.31
2025-11-28,A000739,13346.8
2025-12-28,A000739,14527.14
2026-01-28,A000739,14026.14
2026-02-28,A000739,14343.23
2026-03-28,A000739,14419.33
2026-04-28,A000739,15226.47
2026-05-28,A000739,15131.3
2026-06-28,A000739,14570.14
2025-07-28,A000740,9167.55
2025-08-28,A000740,9584.49
2025-09-28,A000740,9648.31
2025-10-28,A000740,9911.39
2025-11-28,A000740,9655.08
2025-12-28,A000740,9836.72
2026-01-28,A000740,9698.69
2026-02-28,A000740,9777.23
2026-03-28,A000740,9561.37
2026-04-28,A000740,9426.21
2026-05-28,A000740,9961.43
2026-06-28,A000740,10412.66
2025-07-28,A000741,6350.43
2025-08-28,A000741,6699.16
2025-09-28,A000741,7641.57
2025-10-28,A000741,7504.1
2025-11-28,A000741,8115.46
2025-12-28,A000741,9065.13
2026-01-28,A000741,9232.46
2026-02-28,A000741,10050.98
2026-03-28,A000741,10135.46
2026-04-28,A000741,11115.5
2026-05-28,A000741,11006.68
2026-06-28,A000741,10655.86
2025-07-28,A000742,13386.14
2025-08-28,A000742,12952.14
2025-09-28,A000742,12389.61
2025-10-28,A000742,11760.39
2025-11-28,A000742,11805.36
2025-12-28,A000742,12576.71
2026-01-28,A000742,12522.14
2026-02-28,A000742,12286.91
2026-03-28,A000742,11893.48
2026-04-28,A000742,11438.99
2026-05-28,A000742,11069.03
2026-06-28,A000742,11902.01
2025-07-28,A000743,7408.73
2025-08-28,A000743,6921.12
2025-09-28,A000743,8392.71
2025-10-28,A000743,8379.15
2025-11-28,A000743,8695.94
2025-12-28,A000743,9658.01
2026-01-28,A000743,10780.41
2026-02-28,A000743,10576.46
2026-03-28,A000743,9831.95
2026-04-28,A000743,10402.34
2026-05-28,A000743,10817.57
2026-06-28,A000743,10046.62
2025-07-28,A000744,8247.66
2025-08-28,A000744,9396.59
2025-09-28,A000744,9337.97
2025-10-28,A000744,9617.81
2025-11-28,A000744,10846.78
2025-12-28,A000744,11671.42
2026-01-28,A000744,11263.13
2026-02-28,A000744,12083.4
2026-03-28,A000744,12053.32
2026-04-28,A000744,12005.41
2026-05-28,A000744,12521.01
2026-06-28,A000744,12320.54
2025-07-28,A000745,6827.15
2025-08-28,A000745,7540.82
2025-09-28,A000745,8063.28
2025-10-28,A000745,8466.25
2025-11-28,A000745,8367.38
2025-12-28,A000745,8737.83
2026-01-28,A000745,9080.14
2026-02-28,A000745,9743.93
2026-03-28,A000745,9922.22
2026-04-28,A000745,10072.86
2026-05-28,A000745,9893.84
2026-06-28,A000745,10296.16
2025-07-28,A000746,6470.59
2025-08-28,A000746,6843.64
2025-09-28,A000746,6585.21
2025-10-28,A000746,6370.51
2025-11-28,A000746,6583.81
2025-12-28,A000746,6936.04
2026-01-28,A000746,7307.65
2026-02-28,A000746,7679.19
2026-03-28,A000746,8043.97
2026-04-28,A000746,8519.88
2026-05-28,A000746,8471.48
2026-06-28,A000746,8761.63
2025-07-28,A000747,6731.81
2025-08-28,A000747,5411.58
2025-09-28,A000747,6718.87
2025-10-28,A000747,9517.7
2025-11-28,A000747,10017.12
2025-12-28,A000747,8740.96
2026-01-28,A000747,10157.01
2026-02-28,A000747,10840.67
2026-03-28,A000747,10324.96
2026-04-28,A000747,10169.59
2026-05-28,A000747,12778.84
2026-06-28,A000747,14170.16
2025-07-28,A000748,14620.67
2025-08-28,A000748,15704.47
2025-09-28,A000748,16245.12
2025-10-28,A000748,17918.78
2025-11-28,A000748,20760.38
2025-12-28,A000748,21128.79
2026-01-28,A000748,24188.76
2026-02-28,A000748,26953.43
2026-03-28,A000748,29399.49
2026-04-28,A000748,30153.31
2026-05-28,A000748,32142.27
2026-06-28,A000748,32421.97
2025-07-28,A000749,7224.99
2025-08-28,A000749,6601.41
2025-09-28,A000749,8190.45
2025-10-28,A000749,8245.32
2025-11-28,A000749,9568.23
2025-12-28,A000749,9682.3
2026-01-28,A000749,10320.18
2026-02-28,A000749,9758.7
2026-03-28,A000749,11136.0
2026-04-28,A000749,11954.16
2026-05-28,A000749,11338.81
2026-06-28,A000749,12667.48
2025-07-28,A000750,13013.54
2025-08-28,A000750,13429.19
2025-09-28,A000750,14167.44
2025-10-28,A000750,13947.09
2025-11-28,A000750,13599.1
2025-12-28,A000750,13442.98
2026-01-28,A000750,12941.21
2026-02-28,A000750,13029.42
2026-03-28,A000750,13896.89
2026-04-28,A000750,13425.43
2026-05-28,A000750,12802.96
2026-06-28,A000750,12805.34
2025-07-28,A000751,2153.24
2025-08-28,A000751,1828.55
2025-09-28,A000751,2082.65
2025-10-28,A000751,2450.56
2025-11-28,A000751,3323.14
2025-12-28,A000751,4121.93
2026-01-28,A000751,3792.84
2026-02-28,A000751,3758.83
2026-03-28,A000751,3421.64
2026-04-28,A000751,3365.36
2026-05-28,A000751,2943.01
2026-06-28,A000751,3378.76
2025-07-28,A000752,16204.61
2025-08-28,A000752,16243.89
2025-09-28,A000752,16173.08
2025-10-28,A000752,16985.55
2025-11-28,A000752,17669.73
2025-12-28,A000752,18466.5
2026-01-28,A000752,18555.58
2026-02-28,A000752,18818.45
2026-03-28,A000752,18616.25
2026-04-28,A000752,19286.62
2026-05-28,A000752,20013.02
2026-06-28,A000752,19688.74
2025-07-28,A000753,16038.45
2025-08-28,A000753,16582.88
2025-09-28,A000753,16790.41
2025-10-28,A000753,17024.44
2025-11-28,A000753,16792.35
2025-12-28,A000753,16687.25
2026-01-28,A000753,16466.01
2026-02-28,A000753,16622.51
2026-03-28,A000753,16385.99
2026-04-28,A000753,16137.52
2026-05-28,A000753,16612.81
2026-06-28,A000753,16471.48
2025-07-28,A000754,3684.76
2025-08-28,A000754,4101.22
2025-09-28,A000754,3738.68
2025-10-28,A000754,4309.27
2025-11-28,A000754,4429.86
2025-12-28,A000754,4241.59
2026-01-28,A000754,4336.79
2026-02-28,A000754,4791.51
2026-03-28,A000754,5169.58
2026-04-28,A000754,4876.13
2026-05-28,A000754,5352.51
2026-06-28,A000754,5317.79
2025-07-28,A000755,6391.48
2025-08-28,A000755,6487.07
2025-09-28,A000755,6974.44
2025-10-28,A000755,6610.85
2025-11-28,A000755,7221.94
2025-12-28,A000755,6380.13
2026-01-28,A000755,7203.04
2026-02-28,A000755,7376.49
2026-03-28,A000755,7567.17
2026-04-28,A000755,6690.08
2026-05-28,A000755,5864.11
2026-06-28,A000755,5400.66
2025-07-28,A000756,12369.35
2025-08-28,A000756,13221.88
2025-09-28,A000756,14068.03
2025-10-28,A000756,14841.62
2025-11-28,A000756,15295.29
2025-12-28,A000756,16160.56
2026-01-28,A000756,16715.93
2026-02-28,A000756,17367.14
2026-03-28,A000756,17032.52
2026-04-28,A000756,18030.75
2026-05-28,A000756,17480.27
2026-06-28,A000756,17982.56
2025-07-28,A000757,16204.01
2025-08-28,A000757,16560.26
2025-09-28,A000757,16413.5
2025-10-28,A000757,16189.8
2025-11-28,A000757,16432.63
2025-12-28,A000757,16158.31
2026-01-28,A000757,16182.56
2026-02-28,A000757,16120.22
2026-03-28,A000757,16238.83
2026-04-28,A000757,16461.23
2026-05-28,A000757,16837.66
2026-06-28,A000757,16899.75
2025-07-28,A000758,8262.25
2025-08-28,A000758,8109.81
2025-09-28,A000758,7700.06
2025-10-28,A000758,7095.7
2025-11-28,A000758,6709.66
2025-12-28,A000758,6520.43
2026-01-28,A000758,6549.06
2026-02-28,A000758,6751.53
2026-03-28,A000758,6760.84
2026-04-28,A000758,6430.81
2026-05-28,A000758,5812.13
2026-06-28,A000758,5266.27
2025-07-28,A000759,16958.35
2025-08-28,A000759,16985.08
2025-09-28,A000759,16946.97
2025-10-28,A000759,17443.87
2025-11-28,A000759,17680.7
2025-12-28,A000759,17951.4
2026-01-28,A000759,17828.48
2026-02-28,A000759,17593.35
2026-03-28,A000759,17957.04
2026-04-28,A000759,18285.46
2026-05-28,A000759,18194.48
2026-06-28,A000759,18463.16
2025-07-28,A000760,16901.73
2025-08-28,A000760,16454.63
2025-09-28,A000760,15649.45
2025-10-28,A000760,16382.05
2025-11-28,A000760,17013.56
2025-12-28,A000760,17765.0
2026-01-28,A000760,17168.12
2026-02-28,A000760,15804.92
2026-03-28,A000760,16220.07
2026-04-28,A000760,16490.82
2026-05-28,A000760,15390.58
2026-06-28,A000760,14429.03
2025-07-28,A000761,13416.68
2025-08-28,A000761,13806.01
2025-09-28,A000761,13453.65
2025-10-28,A000761,14336.3
2025-11-28,A000761,14999.23
2025-12-28,A000761,16000.54
2026-01-28,A000761,15965.97
2026-02-28,A000761,16971.57
2026-03-28,A000761,16592.56
2026-04-28,A000761,17791.3
2026-05-28,A000761,17924.97
2026-06-28,A000761,17323.9
2025-07-28,A000762,16822.05
2025-08-28,A000762,16298.39
2025-09-28,A000762,16032.34
2025-10-28,A000762,16247.15
2025-11-28,A000762,17142.52
2025-12-28,A000762,17755.09
2026-01-28,A000762,17976.11
2026-02-28,A000762,18615.3
2026-03-28,A000762,18710.38
2026-04-28,A000762,19221.67
2026-05-28,A000762,19986.93
2026-06-28,A000762,19519.11
2025-07-28,A000763,2706.17
2025-08-28,A000763,3461.72
2025-09-28,A000763,3897.06
2025-10-28,A000763,3612.3
2025-11-28,A000763,4539.03
2025-12-28,A000763,4629.67
2026-01-28,A000763,4467.96
2026-02-28,A000763,4077.44
2026-03-28,A000763,3669.92
2026-04-28,A000763,4279.92
2026-05-28,A000763,4380.92
2026-06-28,A000763,4038.16
2025-07-28,A000764,1195.62
2025-08-28,A000764,1452.18
2025-09-28,A000764,1042.45
2025-10-28,A000764,1192.29
2025-11-28,A000764,1195.53
2025-12-28,A000764,1985.2
2026-01-28,A000764,1807.48
2026-02-28,A000764,1455.92
2026-03-28,A000764,1938.64
2026-04-28,A000764,1940.99
2026-05-28,A000764,2357.07
2026-06-28,A000764,2935.56
2025-07-28,A000765,5452.61
2025-08-28,A000765,5922.41
2025-09-28,A000765,6660.83
2025-10-28,A000765,7108.69
2025-11-28,A000765,8290.09
2025-12-28,A000765,9198.71
2026-01-28,A000765,9252.52
2026-02-28,A000765,10350.19
2026-03-28,A000765,10669.46
2026-04-28,A000765,10147.23
2026-05-28,A000765,9789.75
2026-06-28,A000765,9305.34
2025-07-28,A000766,16820.37
2025-08-28,A000766,17401.41
2025-09-28,A000766,17662.37
2025-10-28,A000766,17825.19
2025-11-28,A000766,18397.42
2025-12-28,A000766,18493.28
2026-01-28,A000766,18291.01
2026-02-28,A000766,18370.04
2026-03-28,A000766,17952.49
2026-04-28,A000766,17660.9
2026-05-28,A000766,17739.58
2026-06-28,A000766,17709.99
2025-07-28,A000767,9056.99
2025-08-28,A000767,8869.54
2025-09-28,A000767,9150.95
2025-10-28,A000767,9798.68
2025-11-28,A000767,9574.62
2025-12-28,A000767,9342.4
2026-01-28,A000767,9436.33
2026-02-28,A000767,9170.98
2026-03-28,A000767,9094.84
2026-04-28,A000767,9630.63
2026-05-28,A000767,9875.79
2026-06-28,A000767,10882.74
2025-07-28,A000768,17492.68
2025-08-28,A000768,18530.23
2025-09-28,A000768,18648.68
2025-10-28,A000768,19095.18
2025-11-28,A000768,18381.93
2025-12-28,A000768,18186.87
2026-01-28,A000768,17907.5
2026-02-28,A000768,16643.24
2026-03-28,A000768,17615.14
2026-04-28,A000768,18482.48
2026-05-28,A000768,17699.82
2026-06-28,A000768,16504.88
2025-07-28,A000769,12086.05
2025-08-28,A000769,12523.99
2025-09-28,A000769,12472.18
2025-10-28,A000769,12466.41
2025-11-28,A000769,12208.38
2025-12-28,A000769,12866.44
2026-01-28,A000769,13376.07
2026-02-28,A000769,13890.64
2026-03-28,A000769,14519.58
2026-04-28,A000769,14942.36
2026-05-28,A000769,14829.43
2026-06-28,A000769,15110.57
2025-07-28,A000770,7209.76
2025-08-28,A000770,6483.34
2025-09-28,A000770,6206.76
2025-10-28,A000770,7801.23
2025-11-28,A000770,8084.43
2025-12-28,A000770,8989.31
2026-01-28,A000770,8694.04
2026-02-28,A000770,9894.84
2026-03-28,A000770,10434.16
2026-04-28,A000770,10525.58
2026-05-28,A000770,10571.75
2026-06-28,A000770,10598.67
2025-07-28,A000771,9286.84
2025-08-28,A000771,11684.93
2025-09-28,A000771,13859.22
2025-10-28,A000771,15413.41
2025-11-28,A000771,17939.14
2025-12-28,A000771,19586.18
2026-01-28,A000771,21379.93
2026-02-28,A000771,21267.99
2026-03-28,A000771,22124.89
2026-04-28,A000771,21859.64
2026-05-28,A000771,21928.87
2026-06-28,A000771,23422.82
2025-07-28,A000772,14491.23
2025-08-28,A000772,15669.17
2025-09-28,A000772,17202.31
2025-10-28,A000772,17095.07
2025-11-28,A000772,18937.84
2025-12-28,A000772,19511.39
2026-01-28,A000772,19257.33
2026-02-28,A000772,20563.18
2026-03-28,A000772,22471.19
2026-04-28,A000772,21695.7
2026-05-28,A000772,21702.67
2026-06-28,A000772,21790.06
2025-07-28,A000773,7425.95
2025-08-28,A000773,7213.38
2025-09-28,A000773,7155.07
2025-10-28,A000773,7585.34
2025-11-28,A000773,7395.67
2025-12-28,A000773,7233.43
2026-01-28,A000773,7452.57
2026-02-28,A000773,7337.74
2026-03-28,A000773,7901.8
2026-04-28,A000773,7712.34
2026-05-28,A000773,7620.69
2026-06-28,A000773,7690.17
2025-07-28,A000774,12463.55
2025-08-28,A000774,12266.45
2025-09-28,A000774,11615.52
2025-10-28,A000774,12269.93
2025-11-28,A000774,12715.07
2025-12-28,A000774,13005.98
2026-01-28,A000774,13317.84
2026-02-28,A000774,14273.56
2026-03-28,A000774,13843.01
2026-04-28,A000774,15070.24
2026-05-28,A000774,14983.28
2026-06-28,A000774,15978.58
2025-07-28,A000775,1793.38
2025-08-28,A000775,1031.91
2025-09-28,A000775,2448.69
2025-10-28,A000775,4649.53
2025-11-28,A000775,3290.19
2025-12-28,A000775,2390.9
2026-01-28,A000775,611.64
2026-02-28,A000775,336.31
2026-03-28,A000775,-236.3
2026-04-28,A000775,635.5
2026-05-28,A000775,-823.04
2026-06-28,A000775,1389.64
2025-07-28,A000776,11110.66
2025-08-28,A000776,10510.21
2025-09-28,A000776,10121.01
2025-10-28,A000776,13045.61
2025-11-28,A000776,13475.11
2025-12-28,A000776,12312.28
2026-01-28,A000776,10857.61
2026-02-28,A000776,12902.94
2026-03-28,A000776,11988.22
2026-04-28,A000776,13723.95
2026-05-28,A000776,17391.35
2026-06-28,A000776,16971.61
2025-07-28,A000777,7289.12
2025-08-28,A000777,7733.28
2025-09-28,A000777,8534.09
2025-10-28,A000777,8914.59
2025-11-28,A000777,8435.61
2025-12-28,A000777,7742.72
2026-01-28,A000777,9591.96
2026-02-28,A000777,10187.58
2026-03-28,A000777,11504.07
2026-04-28,A000777,12992.01
2026-05-28,A000777,12239.0
2026-06-28,A000777,14027.31
2025-07-28,A000778,17267.69
2025-08-28,A000778,18138.71
2025-09-28,A000778,18904.67
2025-10-28,A000778,18899.26
2025-11-28,A000778,18888.13
2025-12-28,A000778,18615.1
2026-01-28,A000778,19688.79
2026-02-28,A000778,20436.42
2026-03-28,A000778,20043.25
2026-04-28,A000778,20952.21
2026-05-28,A000778,21354.91
2026-06-28,A000778,21782.56
2025-07-28,A000779,17515.76
2025-08-28,A000779,17528.49
2025-09-28,A000779,17702.37
2025-10-28,A000779,18465.88
2025-11-28,A000779,18322.5
2025-12-28,A000779,18082.42
2026-01-28,A000779,18915.39
2026-02-28,A000779,19141.96
2026-03-28,A000779,18761.79
2026-04-28,A000779,19199.39
2026-05-28,A000779,19000.14
2026-06-28,A000779,18746.59
2025-07-28,A000780,14914.67
2025-08-28,A000780,14028.58
2025-09-28,A000780,15726.34
2025-10-28,A000780,17573.15
2025-11-28,A000780,16619.84
2025-12-28,A000780,18110.1
2026-01-28,A000780,18912.22
2026-02-28,A000780,18029.53
2026-03-28,A000780,17502.46
2026-04-28,A000780,17733.72
2026-05-28,A000780,18507.38
2026-06-28,A000780,19873.08
2025-07-28,A000781,18132.37
2025-08-28,A000781,17874.32
2025-09-28,A000781,17674.63
2025-10-28,A000781,18351.36
2025-11-28,A000781,17897.3
2025-12-28,A000781,18712.62
2026-01-28,A000781,18778.26
2026-02-28,A000781,18480.65
2026-03-28,A000781,18576.96
2026-04-28,A000781,18830.19
2026-05-28,A000781,19031.94
2026-06-28,A000781,19410.4
2025-07-28,A000782,11958.02
2025-08-28,A000782,13227.05
2025-09-28,A000782,14488.44
2025-10-28,A000782,14577.19
2025-11-28,A000782,15426.21
2025-12-28,A000782,16069.82
2026-01-28,A000782,16138.21
2026-02-28,A000782,15955.38
2026-03-28,A000782,16659.55
2026-04-28,A000782,17396.93
2026-05-28,A000782,18595.93
2026-06-28,A000782,19246.07
2025-07-28,A000783,17760.72
2025-08-28,A000783,17442.68
2025-09-28,A000783,19084.16
2025-10-28,A000783,20186.98
2025-11-28,A000783,19904.92
2025-12-28,A000783,20927.61
2026-01-28,A000783,21901.23
2026-02-28,A000783,23777.02
2026-03-28,A000783,24958.68
2026-04-28,A000783,26944.49
2026-05-28,A000783,26355.35
2026-06-28,A000783,27671.85
2025-07-28,A000784,18464.18
2025-08-28,A000784,18285.0
2025-09-28,A000784,18842.7
2025-10-28,A000784,17733.47
2025-11-28,A000784,17570.47
2025-12-28,A000784,17252.82
2026-01-28,A000784,16397.67
2026-02-28,A000784,15559.27
2026-03-28,A000784,15754.65
2026-04-28,A000784,15808.77
2026-05-28,A000784,16016.15
2026-06-28,A000784,16013.72
2025-07-28,A000785,16013.97
2025-08-28,A000785,17455.02
2025-09-28,A000785,17708.42
2025-10-28,A000785,17048.75
2025-11-28,A000785,17539.92
2025-12-28,A000785,17745.57
2026-01-28,A000785,18690.42
2026-02-28,A000785,18736.86
2026-03-28,A000785,18156.01
2026-04-28,A000785,19051.57
2026-05-28,A000785,18496.88
2026-06-28,A000785,18155.76
2025-07-28,A000786,2225.41
2025-08-28,A000786,1892.05
2025-09-28,A000786,1350.01
2025-10-28,A000786,1651.23
2025-11-28,A000786,942.25
2025-12-28,A000786,1197.61
2026-01-28,A000786,1154.74
2026-02-28,A000786,689.55
2026-03-28,A000786,1049.86
2026-04-28,A000786,933.19
2026-05-28,A000786,191.78
2026-06-28,A000786,370.47
2025-07-28,A000787,9855.09
2025-08-28,A000787,10592.52
2025-09-28,A000787,10979.22
2025-10-28,A000787,10940.11
2025-11-28,A000787,11006.99
2025-12-28,A000787,12178.88
2026-01-28,A000787,11802.95
2026-02-28,A000787,11840.13
2026-03-28,A000787,12999.68
2026-04-28,A000787,14248.48
2026-05-28,A000787,14095.32
2026-06-28,A000787,14505.04
2025-07-28,A000788,11156.63
2025-08-28,A000788,10826.36
2025-09-28,A000788,11050.76
2025-10-28,A000788,11219.03
2025-11-28,A000788,11748.24
2025-12-28,A000788,11792.29
2026-01-28,A000788,12252.16
2026-02-28,A000788,12217.11
2026-03-28,A000788,13391.81
2026-04-28,A000788,14603.14
2026-05-28,A000788,14599.85
2026-06-28,A000788,14557.91
2025-07-28,A000789,11292.93
2025-08-28,A000789,11721.78
2025-09-28,A000789,11375.83
2025-10-28,A000789,12001.01
2025-11-28,A000789,12453.98
2025-12-28,A000789,12823.79
2026-01-28,A000789,13154.67
2026-02-28,A000789,13476.16
2026-03-28,A000789,13853.13
2026-04-28,A000789,13681.0
2026-05-28,A000789,14296.78
2026-06-28,A000789,14449.53
2025-07-28,A000790,12654.67
2025-08-28,A000790,13112.01
2025-09-28,A000790,13538.39
2025-10-28,A000790,13543.26
2025-11-28,A000790,13160.29
2025-12-28,A000790,12996.04
2026-01-28,A000790,13232.79
2026-02-28,A000790,13342.31
2026-03-28,A000790,12964.68
2026-04-28,A000790,12772.56
2026-05-28,A000790,13112.08
2026-06-28,A000790,12960.11
2025-07-28,A000791,2207.97
2025-08-28,A000791,1982.9
2025-09-28,A000791,1961.47
2025-10-28,A000791,1816.34
2025-11-28,A000791,1707.33
2025-12-28,A000791,1737.51
2026-01-28,A000791,2010.91
2026-02-28,A000791,1806.24
2026-03-28,A000791,2424.55
2026-04-28,A000791,2322.61
2026-05-28,A000791,2898.63
2026-06-28,A000791,3694.63
2025-07-28,A000792,2765.84
2025-08-28,A000792,2765.75
2025-09-28,A000792,3621.03
2025-10-28,A000792,4116.04
2025-11-28,A000792,4933.33
2025-12-28,A000792,5964.33
2026-01-28,A000792,6720.11
2026-02-28,A000792,7267.65
2026-03-28,A000792,7257.24
2026-04-28,A000792,8449.51
2026-05-28,A000792,9715.62
2026-06-28,A000792,9450.59
2025-07-28,A000793,8702.09
2025-08-28,A000793,9698.86
2025-09-28,A000793,8828.2
2025-10-28,A000793,10080.88
2025-11-28,A000793,11747.61
2025-12-28,A000793,12426.42
2026-01-28,A000793,12514.74
2026-02-28,A000793,12085.22
2026-03-28,A000793,11811.24
2026-04-28,A000793,13343.96
2026-05-28,A000793,13433.45
2026-06-28,A000793,14215.23
2025-07-28,A000794,540.91
2025-08-28,A000794,835.59
2025-09-28,A000794,326.18
2025-10-28,A000794,1416.25
2025-11-28,A000794,1883.83
2025-12-28,A000794,2641.41
2026-01-28,A000794,2251.42
2026-02-28,A000794,3282.89
2026-03-28,A000794,3763.1
2026-04-28,A000794,3528.03
2026-05-28,A000794,4114.96
2026-06-28,A000794,4553.89
2025-07-28,A000795,8313.43
2025-08-28,A000795,8379.53
2025-09-28,A000795,8159.23
2025-10-28,A000795,8823.51
2025-11-28,A000795,8625.07
2025-12-28,A000795,9212.28
2026-01-28,A000795,8865.17
2026-02-28,A000795,8619.79
2026-03-28,A000795,8425.05
2026-04-28,A000795,8263.5
2026-05-28,A000795,8719.19
2026-06-28,A000795,8950.67
2025-07-28,A000796,15738.06
2025-08-28,A000796,14938.06
2025-09-28,A000796,14328.38
2025-10-28,A000796,14411.77
2025-11-28,A000796,13842.59
2025-12-28,A000796,16334.52
2026-01-28,A000796,15901.0
2026-02-28,A000796,16660.72
2026-03-28,A000796,16098.65
2026-04-28,A000796,15326.01
2026-05-28,A000796,14821.17
2026-06-28,A000796,16007.68
2025-07-28,A000797,8542.4
2025-08-28,A000797,8813.83
2025-09-28,A000797,8502.02
2025-10-28,A000797,8819.93
2025-11-28,A000797,8821.72
2025-12-28,A000797,9071.45
2026-01-28,A000797,9616.17
2026-02-28,A000797,9570.98
2026-03-28,A000797,10046.18
2026-04-28,A000797,10124.44
2026-05-28,A000797,10708.05
2026-06-28,A000797,10995.7
2025-07-28,A000798,14819.83
2025-08-28,A000798,14405.84
2025-09-28,A000798,14588.82
2025-10-28,A000798,15285.57
2025-11-28,A000798,14961.13
2025-12-28,A000798,14486.84
2026-01-28,A000798,14648.52
2026-02-28,A000798,15063.48
2026-03-28,A000798,15248.72
2026-04-28,A000798,16069.21
2026-05-28,A000798,15728.84
2026-06-28,A000798,16697.04
2025-07-28,A000799,-63.01
2025-08-28,A000799,-318.71
2025-09-28,A000799,-428.83
2025-10-28,A000799,-914.86
2025-11-28,A000799,-1866.32
2025-12-28,A000799,-2966.64
2026-01-28,A000799,-3308.89
2026-02-28,A000799,-3237.53
2026-03-28,A000799,-3304.56
2026-04-28,A000799,-4076.58
2026-05-28,A000799,-4399.62
2026-06-28,A000799,-5493.31
2025-07-28,A000800,11503.52
2025-08-28,A000800,11904.32
2025-09-28,A000800,12286.1
2025-10-28,A000800,13192.22
2025-11-28,A000800,13087.51
2025-12-28,A000800,14222.5
2026-01-28,A000800,14678.16
2026-02-28,A000800,14970.3
2026-03-28,A000800,15184.18
2026-04-28,A000800,14635.19
2026-05-28,A000800,16340.17
2026-06-28,A000800,17295.93
2025-07-28,A000801,12641.53
2025-08-28,A000801,12095.76
2025-09-28,A000801,11962.81
2025-10-28,A000801,12038.14
2025-11-28,A000801,11879.55
2025-12-28,A000801,11393.61
2026-01-28,A000801,11831.66
2026-02-28,A000801,11458.45
2026-03-28,A000801,10432.69
2026-04-28,A000801,10459.43
2026-05-28,A000801,10154.54
2026-06-28,A000801,9777.1
2025-07-28,A000802,4361.84
2025-08-28,A000802,4334.61
2025-09-28,A000802,4239.45
2025-10-28,A000802,5009.9
2025-11-28,A000802,5784.89
2025-12-28,A000802,6125.95
2026-01-28,A000802,5630.7
2026-02-28,A000802,5772.86
2026-03-28,A000802,6159.55
2026-04-28,A000802,6183.31
2026-05-28,A000802,5716.39
2026-06-28,A000802,6374.59
2025-07-28,A000803,2898.95
2025-08-28,A000803,3262.8
2025-09-28,A000803,3517.92
2025-10-28,A000803,3216.1
2025-11-28,A000803,3638.69
2025-12-28,A000803,3820.73
2026-01-28,A000803,3633.93
2026-02-28,A000803,3863.53
2026-03-28,A000803,4384.86
2026-04-28,A000803,4768.49
2026-05-28,A000803,4943.05
2026-06-28,A000803,5063.4
2025-07-28,A000804,10197.29
2025-08-28,A000804,10115.63
2025-09-28,A000804,9927.85
2025-10-28,A000804,9635.95
2025-11-28,A000804,10171.88
2025-12-28,A000804,9991.49
2026-01-28,A000804,10443.68
2026-02-28,A000804,10501.3
2026-03-28,A000804,10864.8
2026-04-28,A000804,11361.5
2026-05-28,A000804,11681.73
2026-06-28,A000804,12055.27
2025-07-28,A000805,14357.17
2025-08-28,A000805,15115.69
2025-09-28,A000805,16064.07
2025-10-28,A000805,17591.15
2025-11-28,A000805,17622.82
2025-12-28,A000805,18686.47
2026-01-28,A000805,17982.92
2026-02-28,A000805,18906.2
2026-03-28,A000805,19476.79
2026-04-28,A000805,19770.14
2026-05-28,A000805,19746.07
2026-06-28,A000805,21351.75
2025-07-28,A000806,16452.48
2025-08-28,A000806,16375.21
2025-09-28,A000806,16466.77
2025-10-28,A000806,16450.85
2025-11-28,A000806,16779.0
2025-12-28,A000806,17211.6
2026-01-28,A000806,17273.7
2026-02-28,A000806,17137.92
2026-03-28,A000806,17647.12
2026-04-28,A000806,17978.87
2026-05-28,A000806,18569.43
2026-06-28,A000806,18643.91
2025-07-28,A000807,1444.51
2025-08-28,A000807,2115.74
2025-09-28,A000807,1893.36
2025-10-28,A000807,1696.29
2025-11-28,A000807,2566.47
2025-12-28,A000807,2320.48
2026-01-28,A000807,2352.32
2026-02-28,A000807,2870.43
2026-03-28,A000807,3060.22
2026-04-28,A000807,2872.19
2026-05-28,A000807,2980.7
2026-06-28,A000807,2991.98
2025-07-28,A000808,2046.64
2025-08-28,A000808,2377.96
2025-09-28,A000808,3258.43
2025-10-28,A000808,4179.21
2025-11-28,A000808,5067.48
2025-12-28,A000808,5106.19
2026-01-28,A000808,5899.33
2026-02-28,A000808,7440.06
2026-03-28,A000808,7053.56
2026-04-28,A000808,6805.34
2026-05-28,A000808,7663.41
2026-06-28,A000808,8061.57
2025-07-28,A000809,1751.84
2025-08-28,A000809,1948.88
2025-09-28,A000809,2012.73
2025-10-28,A000809,2161.73
2025-11-28,A000809,1845.24
2025-12-28,A000809,2215.91
2026-01-28,A000809,2736.35
2026-02-28,A000809,2482.37
2026-03-28,A000809,2983.58
2026-04-28,A000809,3368.96
2026-05-28,A000809,3960.48
2026-06-28,A000809,3786.81
2025-07-28,A000810,11323.2
2025-08-28,A000810,11475.49
2025-09-28,A000810,11323.01
2025-10-28,A000810,11038.53
2025-11-28,A000810,10358.81
2025-12-28,A000810,9901.2
2026-01-28,A000810,11489.65
2026-02-28,A000810,11897.76
2026-03-28,A000810,13093.49
2026-04-28,A000810,13085.24
2026-05-28,A000810,12368.86
2026-06-28,A000810,12569.91
2025-07-28,A000811,4484.67
2025-08-28,A000811,5017.23
2025-09-28,A000811,5048.43
2025-10-28,A000811,5482.44
2025-11-28,A000811,5863.5
2025-12-28,A000811,6173.38
2026-01-28,A000811,6376.74
2026-02-28,A000811,6360.0
2026-03-28,A000811,6311.34
2026-04-28,A000811,6557.25
2026-05-28,A000811,6762.99
2026-06-28,A000811,6758.6
2025-07-28,A000812,16921.51
2025-08-28,A000812,17852.68
2025-09-28,A000812,17751.57
2025-10-28,A000812,18223.17
2025-11-28,A000812,19219.21
2025-12-28,A000812,19817.78
2026-01-28,A000812,20235.93
2026-02-28,A000812,20409.51
2026-03-28,A000812,21082.14
2026-04-28,A000812,21252.23
2026-05-28,A000812,21796.88
2026-06-28,A000812,22354.1
2025-07-28,A000813,1981.88
2025-08-28,A000813,2349.09
2025-09-28,A000813,3697.21
2025-10-28,A000813,3857.97
2025-11-28,A000813,5340.87
2025-12-28,A000813,6482.82
2026-01-28,A000813,5985.98
2026-02-28,A000813,6381.43
2026-03-28,A000813,6289.98
2026-04-28,A000813,6039.75
2026-05-28,A000813,5675.18
2026-06-28,A000813,5896.46
2025-07-28,A000814,2966.41
2025-08-28,A000814,3180.6
2025-09-28,A000814,3727.2
2025-10-28,A000814,4227.29
2025-11-28,A000814,4883.26
2025-12-28,A000814,4750.25
2026-01-28,A000814,5126.66
2026-02-28,A000814,5322.61
2026-03-28,A000814,5555.31
2026-04-28,A000814,5734.73
2026-05-28,A000814,6372.52
2026-06-28,A000814,6608.41
2025-07-28,A000815,13085.37
2025-08-28,A000815,13364.08
2025-09-28,A000815,13649.59
2025-10-28,A000815,13161.58
2025-11-28,A000815,14165.57
2025-12-28,A000815,14761.04
2026-01-28,A000815,15459.33
2026-02-28,A000815,15331.23
2026-03-28,A000815,15318.74
2026-04-28,A000815,15499.46
2026-05-28,A000815,15902.48
2026-06-28,A000815,16785.97
2025-07-28,A000816,8652.47
2025-08-28,A000816,7873.08
2025-09-28,A000816,8910.7
2025-10-28,A000816,9132.96
2025-11-28,A000816,9936.49
2025-12-28,A000816,9637.92
2026-01-28,A000816,9687.43
2026-02-28,A000816,9044.87
2026-03-28,A000816,9251.84
2026-04-28,A000816,8726.24
2026-05-28,A000816,8458.51
2026-06-28,A000816,9822.32
2025-07-28,A000817,10526.15
2025-08-28,A000817,9987.48
2025-09-28,A000817,10593.02
2025-10-28,A000817,10735.33
2025-11-28,A000817,11903.85
2025-12-28,A000817,12339.9
2026-01-28,A000817,12819.0
2026-02-28,A000817,12938.43
2026-03-28,A000817,12318.47
2026-04-28,A000817,11709.18
2026-05-28,A000817,11358.7
2026-06-28,A000817,11529.55
2025-07-28,A000818,9036.96
2025-08-28,A000818,8644.5
2025-09-28,A000818,9221.22
2025-10-28,A000818,9681.46
2025-11-28,A000818,10165.73
2025-12-28,A000818,10928.33
2026-01-28,A000818,11604.8
2026-02-28,A000818,11234.06
2026-03-28,A000818,10916.12
2026-04-28,A000818,11409.14
2026-05-28,A000818,11146.7
2026-06-28,A000818,11030.47
2025-07-28,A000819,7881.12
2025-08-28,A000819,8870.14
2025-09-28,A000819,8410.19
2025-10-28,A000819,9093.63
2025-11-28,A000819,10469.2
2025-12-28,A000819,11751.13
2026-01-28,A000819,12042.4
2026-02-28,A000819,11631.37
2026-03-28,A000819,11601.5
2026-04-28,A000819,12293.21
2026-05-28,A000819,12798.87
2026-06-28,A000819,13934.29
2025-07-28,A000820,515.99
2025-08-28,A000820,241.08
2025-09-28,A000820,423.67
2025-10-28,A000820,-183.48
2025-11-28,A000820,-720.34
2025-12-28,A000820,-806.4
2026-01-28,A000820,-1327.77
2026-02-28,A000820,-79.44
2026-03-28,A000820,330.84
2026-04-28,A000820,1057.11
2026-05-28,A000820,1954.53
2026-06-28,A000820,3260.0
2025-07-28,A000821,6906.15
2025-08-28,A000821,7871.05
2025-09-28,A000821,7598.06
2025-10-28,A000821,7857.57
2025-11-28,A000821,8391.01
2025-12-28,A000821,8923.57
2026-01-28,A000821,8757.48
2026-02-28,A000821,8859.46
2026-03-28,A000821,8543.09
2026-04-28,A000821,8428.63
2026-05-28,A000821,9062.57
2026-06-28,A000821,9393.48
2025-07-28,A000822,6803.06
2025-08-28,A000822,8981.38
2025-09-28,A000822,10690.59
2025-10-28,A000822,10665.23
2025-11-28,A000822,10986.36
2025-12-28,A000822,9436.59
2026-01-28,A000822,8909.44
2026-02-28,A000822,11239.35
2026-03-28,A000822,12864.4
2026-04-28,A000822,15795.18
2026-05-28,A000822,17572.52
2026-06-28,A000822,16631.03
2025-07-28,A000823,13286.42
2025-08-28,A000823,13146.02
2025-09-28,A000823,15013.03
2025-10-28,A000823,15310.92
2025-11-28,A000823,16880.86
2025-12-28,A000823,16754.96
2026-01-28,A000823,16848.75
2026-02-28,A000823,18671.19
2026-03-28,A000823,18868.41
2026-04-28,A000823,19037.73
2026-05-28,A000823,21455.78
2026-06-28,A000823,20438.21
2025-07-28,A000824,7677.27
2025-08-28,A000824,6912.01
2025-09-28,A000824,7316.61
2025-10-28,A000824,7457.5
2025-11-28,A000824,6560.28
2025-12-28,A000824,7496.22
2026-01-28,A000824,7110.86
2026-02-28,A000824,7456.8
2026-03-28,A000824,6555.9
2026-04-28,A000824,5586.2
2026-05-28,A000824,5001.52
2026-06-28,A000824,4080.29
2025-07-28,A000825,2462.78
2025-08-28,A000825,3184.41
2025-09-28,A000825,2807.58
2025-10-28,A000825,3113.19
2025-11-28,A000825,3452.48
2025-12-28,A000825,3386.2
2026-01-28,A000825,4109.67
2026-02-28,A000825,4671.82
2026-03-28,A000825,4752.84
2026-04-28,A000825,5187.21
2026-05-28,A000825,5715.47
2026-06-28,A000825,5927.57
2025-07-28,A000826,10103.39
2025-08-28,A000826,10740.19
2025-09-28,A000826,11332.55
2025-10-28,A000826,11144.79
2025-11-28,A000826,11113.28
2025-12-28,A000826,11877.47
2026-01-28,A000826,12303.89
2026-02-28,A000826,12561.41
2026-03-28,A000826,12588.67
2026-04-28,A000826,13160.67
2026-05-28,A000826,13446.83
2026-06-28,A000826,13954.91
2025-07-28,A000827,1463.71
2025-08-28,A000827,1947.73
2025-09-28,A000827,2070.39
2025-10-28,A000827,2901.29
2025-11-28,A000827,3230.41
2025-12-28,A000827,2954.21
2026-01-28,A000827,3559.79
2026-02-28,A000827,3977.66
2026-03-28,A000827,4534.02
2026-04-28,A000827,5125.46
2026-05-28,A000827,5045.21
2026-06-28,A000827,5633.76
2025-07-28,A000828,7963.2
2025-08-28,A000828,7871.7
2025-09-28,A000828,7614.22
2025-10-28,A000828,7404.95
2025-11-28,A000828,7228.23
2025-12-28,A000828,6712.68
2026-01-28,A000828,7612.12
2026-02-28,A000828,8180.75
2026-03-28,A000828,8446.75
2026-04-28,A000828,9371.04
2026-05-28,A000828,10426.46
2026-06-28,A000828,10797.86
2025-07-28,A000829,10593.59
2025-08-28,A000829,10341.88
2025-09-28,A000829,10812.02
2025-10-28,A000829,11197.13
2025-11-28,A000829,10799.1
2025-12-28,A000829,11495.97
2026-01-28,A000829,11916.08
2026-02-28,A000829,11851.1
2026-03-28,A000829,12184.58
2026-04-28,A000829,12341.89
2026-05-28,A000829,12152.3
2026-06-28,A000829,12313.09
2025-07-28,A000830,5713.91
2025-08-28,A000830,5324.87
2025-09-28,A000830,5312.12
2025-10-28,A000830,5676.9
2025-11-28,A000830,5223.07
2025-12-28,A000830,4803.58
2026-01-28,A000830,5926.47
2026-02-28,A000830,6043.55
2026-03-28,A000830,6021.74
2026-04-28,A000830,5546.72
2026-05-28,A000830,6792.27
2026-06-28,A000830,6832.6
2025-07-28,A000831,13701.36
2025-08-28,A000831,13691.2
2025-09-28,A000831,13293.3
2025-10-28,A000831,12408.07
2025-11-28,A000831,12109.14
2025-12-28,A000831,12168.7
2026-01-28,A000831,13646.77
2026-02-28,A000831,12917.9
2026-03-28,A000831,13144.12
2026-04-28,A000831,13451.53
2026-05-28,A000831,14176.22
2026-06-28,A000831,15678.56
2025-07-28,A000832,9894.86
2025-08-28,A000832,9603.73
2025-09-28,A000832,10069.59
2025-10-28,A000832,11053.81
2025-11-28,A000832,11161.29
2025-12-28,A000832,10996.47
2026-01-28,A000832,11068.85
2026-02-28,A000832,11606.46
2026-03-28,A000832,11553.09
2026-04-28,A000832,12162.86
2026-05-28,A000832,12196.31
2026-06-28,A000832,12955.0
2025-07-28,A000833,3511.0
2025-08-28,A000833,2948.27
2025-09-28,A000833,3081.8
2025-10-28,A000833,3134.42
2025-11-28,A000833,3589.7
2025-12-28,A000833,3651.04
2026-01-28,A000833,4649.33
2026-02-28,A000833,5012.41
2026-03-28,A000833,5555.33
2026-04-28,A000833,5996.56
2026-05-28,A000833,6253.21
2026-06-28,A000833,6600.19
2025-07-28,A000834,5004.62
2025-08-28,A000834,5180.85
2025-09-28,A000834,4921.85
2025-10-28,A000834,5483.2
2025-11-28,A000834,5982.59
2025-12-28,A000834,6376.41
2026-01-28,A000834,6937.03
2026-02-28,A000834,6783.46
2026-03-28,A000834,6793.2
2026-04-28,A000834,6676.7
2026-05-28,A000834,7199.75
2026-06-28,A000834,7225.03
2025-07-28,A000835,1151.29
2025-08-28,A000835,1005.9
2025-09-28,A000835,303.27
2025-10-28,A000835,1896.13
2025-11-28,A000835,1330.35
2025-12-28,A000835,2835.89
2026-01-28,A000835,4339.87
2026-02-28,A000835,5804.57
2026-03-28,A000835,6392.99
2026-04-28,A000835,7764.2
2026-05-28,A000835,9870.76
2026-06-28,A000835,11557.55
2025-07-28,A000836,2596.5
2025-08-28,A000836,2204.49
2025-09-28,A000836,2466.3
2025-10-28,A000836,4069.17
2025-11-28,A000836,3133.98
2025-12-28,A000836,3512.14
2026-01-28,A000836,2744.91
2026-02-28,A000836,2264.02
2026-03-28,A000836,1687.09
2026-04-28,A000836,2107.78
2026-05-28,A000836,909.34
2026-06-28,A000836,1064.09
2025-07-28,A000837,12469.14
2025-08-28,A000837,12339.33
2025-09-28,A000837,12142.22
2025-10-28,A000837,12238.47
2025-11-28,A000837,12479.16
2025-12-28,A000837,12530.26
2026-01-28,A000837,12374.57
2026-02-28,A000837,12525.74
2026-03-28,A000837,12886.69
2026-04-28,A000837,13441.68
2026-05-28,A000837,13241.72
2026-06-28,A000837,13177.62
2025-07-28,A000838,11482.53
2025-08-28,A000838,12416.53
2025-09-28,A000838,12719.86
2025-10-28,A000838,14090.37
2025-11-28,A000838,14316.93
2025-12-28,A000838,14169.37
2026-01-28,A000838,13702.21
2026-02-28,A000838,13006.91
2026-03-28,A000838,12664.49
2026-04-28,A000838,12942.05
2026-05-28,A000838,13494.56
2026-06-28,A000838,14103.34
2025-07-28,A000839,5430.76
2025-08-28,A000839,5403.66
2025-09-28,A000839,5292.03
2025-10-28,A000839,4843.56
2025-11-28,A000839,4934.61
2025-12-28,A000839,4786.09
2026-01-28,A000839,4452.33
2026-02-28,A000839,5220.55
2026-03-28,A000839,6170.56
2026-04-28,A000839,7134.21
2026-05-28,A000839,8241.61
2026-06-28,A000839,8055.99
2025-07-28,A000840,14737.92
2025-08-28,A000840,14906.1
2025-09-28,A000840,15312.16
2025-10-28,A000840,15502.74
2025-11-28,A000840,15294.64
2025-12-28,A000840,15359.11
2026-01-28,A000840,15291.11
2026-02-28,A000840,15427.22
2026-03-28,A000840,15894.38
2026-04-28,A000840,16208.12
2026-05-28,A000840,16480.24
2026-06-28,A000840,17025.18
2025-07-28,A000841,1971.42
2025-08-28,A000841,1918.94
2025-09-28,A000841,2744.26
2025-10-28,A000841,3650.68
2025-11-28,A000841,3974.05
2025-12-28,A000841,5041.45
2026-01-28,A000841,4811.17
2026-02-28,A000841,4852.26
2026-03-28,A000841,5018.19
2026-04-28,A000841,4733.46
2026-05-28,A000841,5387.7
2026-06-28,A000841,5648.45
2025-07-28,A000842,6535.48
2025-08-28,A000842,6363.55
2025-09-28,A000842,5833.16
2025-10-28,A000842,6317.34
2025-11-28,A000842,6131.2
2025-12-28,A000842,5939.68
2026-01-28,A000842,6350.42
2026-02-28,A000842,6527.29
2026-03-28,A000842,6468.03
2026-04-28,A000842,6936.04
2026-05-28,A000842,6914.54
2026-06-28,A000842,7807.69
2025-07-28,A000843,11808.73
2025-08-28,A000843,13421.18
2025-09-28,A000843,14129.35
2025-10-28,A000843,13665.79
2025-11-28,A000843,14123.51
2025-12-28,A000843,15683.78
2026-01-28,A000843,14949.82
2026-02-28,A000843,16265.35
2026-03-28,A000843,16096.68
2026-04-28,A000843,17655.01
2026-05-28,A000843,18504.39
2026-06-28,A000843,20237.01
2025-07-28,A000844,1380.33
2025-08-28,A000844,1388.44
2025-09-28,A000844,2068.86
2025-10-28,A000844,2762.56
2025-11-28,A000844,2998.52
2025-12-28,A000844,3493.05
2026-01-28,A000844,3040.74
2026-02-28,A000844,2833.36
2026-03-28,A000844,3617.29
2026-04-28,A000844,3254.43
2026-05-28,A000844,3040.01
2026-06-28,A000844,3237.49
2025-07-28,A000845,2612.34
2025-08-28,A000845,3189.94
2025-09-28,A000845,3680.43
2025-10-28,A000845,4434.57
2025-11-28,A000845,5508.31
2025-12-28,A000845,6654.94
2026-01-28,A000845,6521.96
2026-02-28,A000845,5927.69
2026-03-28,A000845,6421.52
2026-04-28,A000845,7194.43
2026-05-28,A000845,8369.66
2026-06-28,A000845,8696.62
2025-07-28,A000846,6430.82
2025-08-28,A000846,7325.39
2025-09-28,A000846,7042.17
2025-10-28,A000846,6498.95
2025-11-28,A000846,5812.72
2025-12-28,A000846,6043.16
2026-01-28,A000846,5780.84
2026-02-28,A000846,5406.84
2026-03-28,A000846,6594.14
2026-04-28,A000846,6798.16
2026-05-28,A000846,6448.13
2026-06-28,A000846,7689.52
2025-07-28,A000847,686.07
2025-08-28,A000847,1423.08
2025-09-28,A000847,898.11
2025-10-28,A000847,263.1
2025-11-28,A000847,1940.41
2025-12-28,A000847,1225.39
2026-01-28,A000847,1329.37
2026-02-28,A000847,1383.15
2026-03-28,A000847,1166.79
2026-04-28,A000847,3088.95
2026-05-28,A000847,4909.7
2026-06-28,A000847,6906.77
2025-07-28,A000848,12890.43
2025-08-28,A000848,14771.98
2025-09-28,A000848,15458.62
2025-10-28,A000848,14632.9
2025-11-28,A000848,14921.01
2025-12-28,A000848,16387.09
2026-01-28,A000848,17884.84
2026-02-28,A000848,17026.53
2026-03-28,A000848,18750.45
2026-04-28,A000848,20356.3
2026-05-28,A000848,21013.23
2026-06-28,A000848,20028.49
2025-07-28,A000849,3449.45
2025-08-28,A000849,2811.77
2025-09-28,A000849,2556.48
2025-10-28,A000849,2136.41
2025-11-28,A000849,1932.24
2025-12-28,A000849,2164.73
2026-01-28,A000849,1567.69
2026-02-28,A000849,1018.44
2026-03-28,A000849,593.84
2026-04-28,A000849,134.82
2026-05-28,A000849,-245.73
2026-06-28,A000849,-887.48
2025-07-28,A000850,1580.2
2025-08-28,A000850,1316.56
2025-09-28,A000850,1356.79
2025-10-28,A000850,812.46
2025-11-28,A000850,748.34
2025-12-28,A000850,-92.65
2026-01-28,A000850,-704.81
2026-02-28,A000850,-900.03
2026-03-28,A000850,-1225.94
2026-04-28,A000850,-1578.83
2026-05-28,A000850,-1747.32
2026-06-28,A000850,-1370.83
2025-07-28,A000851,10239.29
2025-08-28,A000851,10425.99
2025-09-28,A000851,10050.82
2025-10-28,A000851,10596.99
2025-11-28,A000851,10474.96
2025-12-28,A000851,10368.72
2026-01-28,A000851,9900.53
2026-02-28,A000851,9142.59
2026-03-28,A000851,8852.06
2026-04-28,A000851,9250.21
2026-05-28,A000851,9623.48
2026-06-28,A000851,8668.79
2025-07-28,A000852,6923.71
2025-08-28,A000852,7202.16
2025-09-28,A000852,7452.0
2025-10-28,A000852,7430.6
2025-11-28,A000852,7587.8
2025-12-28,A000852,8138.08
2026-01-28,A000852,8462.2
2026-02-28,A000852,8515.1
2026-03-28,A000852,8417.55
2026-04-28,A000852,8438.06
2026-05-28,A000852,8816.73
2026-06-28,A000852,9211.06
2025-07-28,A000853,8225.38
2025-08-28,A000853,8172.11
2025-09-28,A000853,7945.39
2025-10-28,A000853,7619.75
2025-11-28,A000853,7528.01
2025-12-28,A000853,8144.51
2026-01-28,A000853,7889.81
2026-02-28,A000853,7948.33
2026-03-28,A000853,8042.91
2026-04-28,A000853,7981.35
2026-05-28,A000853,8171.99
2026-06-28,A000853,7796.66
2025-07-28,A000854,9785.04
2025-08-28,A000854,9210.0
2025-09-28,A000854,8891.14
2025-10-28,A000854,9788.84
2025-11-28,A000854,9885.31
2025-12-28,A000854,10563.51
2026-01-28,A000854,10667.72
2026-02-28,A000854,10109.98
2026-03-28,A000854,9503.16
2026-04-28,A000854,8738.15
2026-05-28,A000854,9033.97
2026-06-28,A000854,8669.38
2025-07-28,A000855,5905.04
2025-08-28,A000855,6729.52
2025-09-28,A000855,7116.24
2025-10-28,A000855,7344.16
2025-11-28,A000855,8175.95
2025-12-28,A000855,8335.69
2026-01-28,A000855,7728.07
2026-02-28,A000855,8071.98
2026-03-28,A000855,8133.17
2026-04-28,A000855,8632.38
2026-05-28,A000855,9024.18
2026-06-28,A000855,8561.53
2025-07-28,A000856,15860.18
2025-08-28,A000856,15855.15
2025-09-28,A000856,15387.11
2025-10-28,A000856,15430.72
2025-11-28,A000856,17078.37
2025-12-28,A000856,18019.12
2026-01-28,A000856,19596.78
2026-02-28,A000856,20819.85
2026-03-28,A000856,22088.27
2026-04-28,A000856,22159.37
2026-05-28,A000856,21471.03
2026-06-28,A000856,20816.0
2025-07-28,A000857,7975.36
2025-08-28,A000857,8232.36
2025-09-28,A000857,9193.64
2025-10-28,A000857,9971.57
2025-11-28,A000857,10638.31
2025-12-28,A000857,11310.93
2026-01-28,A000857,11268.82
2026-02-28,A000857,12005.96
2026-03-28,A000857,12701.85
2026-04-28,A000857,13188.22
2026-05-28,A000857,13165.4
2026-06-28,A000857,13793.91
2025-07-28,A000858,1401.63
2025-08-28,A000858,2148.94
2025-09-28,A000858,2015.06
2025-10-28,A000858,1528.98
2025-11-28,A000858,1322.35
2025-12-28,A000858,2428.34
2026-01-28,A000858,1916.25
2026-02-28,A000858,2453.81
2026-03-28,A000858,3595.35
2026-04-28,A000858,3634.61
2026-05-28,A000858,3933.38
2026-06-28,A000858,4217.66
2025-07-28,A000859,10893.84
2025-08-28,A000859,11288.08
2025-09-28,A000859,11378.72
2025-10-28,A000859,11306.15
2025-11-28,A000859,11392.04
2025-12-28,A000859,11304.16
2026-01-28,A000859,11122.89
2026-02-28,A000859,11385.53
2026-03-28,A000859,11722.27
2026-04-28,A000859,11613.82
2026-05-28,A000859,11889.19
2026-06-28,A000859,12571.52
2025-07-28,A000860,10585.22
2025-08-28,A000860,11883.3
2025-09-28,A000860,11750.29
2025-10-28,A000860,12623.25
2025-11-28,A000860,11957.49
2025-12-28,A000860,12408.96
2026-01-28,A000860,11777.64
2026-02-28,A000860,12359.66
2026-03-28,A000860,12799.16
2026-04-28,A000860,11922.42
2026-05-28,A000860,11620.77
2026-06-28,A000860,11831.41
2025-07-28,A000861,923.76
2025-08-28,A000861,416.09
2025-09-28,A000861,321.77
2025-10-28,A000861,862.76
2025-11-28,A000861,2071.65
2025-12-28,A000861,654.18
2026-01-28,A000861,761.42
2026-02-28,A000861,4439.21
2026-03-28,A000861,4447.8
2026-04-28,A000861,3976.13
2026-05-28,A000861,3347.58
2026-06-28,A000861,2545.12
2025-07-28,A000862,5747.92
2025-08-28,A000862,6611.65
2025-09-28,A000862,6777.75
2025-10-28,A000862,7849.18
2025-11-28,A000862,8523.07
2025-12-28,A000862,9379.44
2026-01-28,A000862,10428.47
2026-02-28,A000862,11519.0
2026-03-28,A000862,11415.43
2026-04-28,A000862,11215.51
2026-05-28,A000862,12070.84
2026-06-28,A000862,12272.71
2025-07-28,A000863,2732.64
2025-08-28,A000863,3464.45
2025-09-28,A000863,4184.76
2025-10-28,A000863,4841.06
2025-11-28,A000863,5685.83
2025-12-28,A000863,6451.05
2026-01-28,A000863,7209.17
2026-02-28,A000863,7265.79
2026-03-28,A000863,7087.79
2026-04-28,A000863,7680.41
2026-05-28,A000863,8134.72
2026-06-28,A000863,8711.04
2025-07-28,A000864,11339.15
2025-08-28,A000864,10942.95
2025-09-28,A000864,10815.8
2025-10-28,A000864,12278.45
2025-11-28,A000864,13190.2
2025-12-28,A000864,13894.3
2026-01-28,A000864,13370.26
2026-02-28,A000864,13718.56
2026-03-28,A000864,14933.78
2026-04-28,A000864,15841.32
2026-05-28,A000864,15771.35
2026-06-28,A000864,16336.04
2025-07-28,A000865,8237.65
2025-08-28,A000865,8197.23
2025-09-28,A000865,7354.46
2025-10-28,A000865,7508.97
2025-11-28,A000865,7253.8
2025-12-28,A000865,7246.28
2026-01-28,A000865,7462.66
2026-02-28,A000865,7639.22
2026-03-28,A000865,6803.21
2026-04-28,A000865,6675.0
2026-05-28,A000865,6844.09
2026-06-28,A000865,7009.65
2025-07-28,A000866,9855.36
2025-08-28,A000866,10209.97
2025-09-28,A000866,10470.47
2025-10-28,A000866,10986.6
2025-11-28,A000866,11848.83
2025-12-28,A000866,11604.67
2026-01-28,A000866,12533.39
2026-02-28,A000866,13001.11
2026-03-28,A000866,13866.8
2026-04-28,A000866,13707.91
2026-05-28,A000866,13886.54
2026-06-28,A000866,14620.11
2025-07-28,A000867,9315.25
2025-08-28,A000867,8852.51
2025-09-28,A000867,8295.06
2025-10-28,A000867,8675.47
2025-11-28,A000867,10044.62
2025-12-28,A000867,9224.95
2026-01-28,A000867,10103.63
2026-02-28,A000867,10988.23
2026-03-28,A000867,10074.51
2026-04-28,A000867,9271.33
2026-05-28,A000867,10474.13
2026-06-28,A000867,11026.91
2025-07-28,A000868,16541.28
2025-08-28,A000868,15982.08
2025-09-28,A000868,17003.11
2025-10-28,A000868,16348.26
2025-11-28,A000868,16950.46
2025-12-28,A000868,16552.68
2026-01-28,A000868,16934.67
2026-02-28,A000868,16822.95
2026-03-28,A000868,17991.27
2026-04-28,A000868,17915.71
2026-05-28,A000868,18549.77
2026-06-28,A000868,17829.22
2025-07-28,A000869,1700.49
2025-08-28,A000869,2622.82
2025-09-28,A000869,2094.84
2025-10-28,A000869,1726.71
2025-11-28,A000869,2731.99
2025-12-28,A000869,2044.87
2026-01-28,A000869,1320.06
2026-02-28,A000869,963.31
2026-03-28,A000869,1515.37
2026-04-28,A000869,2197.23
2026-05-28,A000869,2984.61
2026-06-28,A000869,2831.91
2025-07-28,A000870,8672.54
2025-08-28,A000870,9344.35
2025-09-28,A000870,9012.42
2025-10-28,A000870,9232.43
2025-11-28,A000870,9430.32
2025-12-28,A000870,9241.19
2026-01-28,A000870,9082.92
2026-02-28,A000870,8938.93
2026-03-28,A000870,9102.54
2026-04-28,A000870,9920.82
2026-05-28,A000870,10519.56
2026-06-28,A000870,10652.96
2025-07-28,A000871,12375.76
2025-08-28,A000871,11642.72
2025-09-28,A000871,10991.61
2025-10-28,A000871,10478.21
2025-11-28,A000871,10876.54
2025-12-28,A000871,11136.21
2026-01-28,A000871,11222.75
2026-02-28,A000871,10549.08
2026-03-28,A000871,10189.87
2026-04-28,A000871,10048.38
2026-05-28,A000871,9982.68
2026-06-28,A000871,9883.42
2025-07-28,A000872,12225.62
2025-08-28,A000872,14010.5
2025-09-28,A000872,14620.88
2025-10-28,A000872,15532.81
2025-11-28,A000872,14781.06
2025-12-28,A000872,15405.22
2026-01-28,A000872,14530.91
2026-02-28,A000872,14710.3
2026-03-28,A000872,16165.35
2026-04-28,A000872,17265.3
2026-05-28,A000872,17371.95
2026-06-28,A000872,18965.4
2025-07-28,A000873,2302.46
2025-08-28,A000873,2625.8
2025-09-28,A000873,3115.26
2025-10-28,A000873,3220.34
2025-11-28,A000873,4040.46
2025-12-28,A000873,4507.03
2026-01-28,A000873,4993.7
2026-02-28,A000873,5865.06
2026-03-28,A000873,5537.17
2026-04-28,A000873,5201.16
2026-05-28,A000873,5896.33
2026-06-28,A000873,6567.69
2025-07-28,A000874,10085.54
2025-08-28,A000874,9727.66
2025-09-28,A000874,9682.9
2025-10-28,A000874,10182.47
2025-11-28,A000874,10065.93
2025-12-28,A000874,10660.83
2026-01-28,A000874,11240.92
2026-02-28,A000874,10911.83
2026-03-28,A000874,11212.71
2026-04-28,A000874,11005.5
2026-05-28,A000874,11819.41
2026-06-28,A000874,11984.79
2025-07-28,A000875,3040.57
2025-08-28,A000875,4115.97
2025-09-28,A000875,3738.62
2025-10-28,A000875,4023.25
2025-11-28,A000875,4825.65
2025-12-28,A000875,4941.07
2026-01-28,A000875,4583.97
2026-02-28,A000875,5820.34
2026-03-28,A000875,6284.81
2026-04-28,A000875,6093.33
2026-05-28,A000875,7000.97
2026-06-28,A000875,7655.31
2025-07-28,A000876,14069.31
2025-08-28,A000876,14184.06
2025-09-28,A000876,14440.57
2025-10-28,A000876,13294.84
2025-11-28,A000876,12996.73
2025-12-28,A000876,12651.47
2026-01-28,A000876,11706.68
2026-02-28,A000876,10953.62
2026-03-28,A000876,10027.04
2026-04-28,A000876,9967.81
2026-05-28,A000876,9206.97
2026-06-28,A000876,9920.67
2025-07-28,A000877,1548.31
2025-08-28,A000877,1378.85
2025-09-28,A000877,1662.02
2025-10-28,A000877,883.48
2025-11-28,A000877,226.24
2025-12-28,A000877,-124.48
2026-01-28,A000877,-586.77
2026-02-28,A000877,-1291.81
2026-03-28,A000877,-813.43
2026-04-28,A000877,-790.68
2026-05-28,A000877,-372.85
2026-06-28,A000877,261.63
2025-07-28,A000878,12954.71
2025-08-28,A000878,12056.42
2025-09-28,A000878,11418.31
2025-10-28,A000878,12017.69
2025-11-28,A000878,12289.81
2025-12-28,A000878,12061.7
2026-01-28,A000878,11515.82
2026-02-28,A000878,12095.16
2026-03-28,A000878,12093.12
2026-04-28,A000878,11097.11
2026-05-28,A000878,11321.27
2026-06-28,A000878,11466.44
2025-07-28,A000879,1767.13
2025-08-28,A000879,1892.87
2025-09-28,A000879,1485.61
2025-10-28,A000879,2156.13
2025-11-28,A000879,2352.83
2025-12-28,A000879,1732.06
2026-01-28,A000879,1749.4
2026-02-28,A000879,1934.7
2026-03-28,A000879,1181.83
2026-04-28,A000879,2868.13
2026-05-28,A000879,3883.79
2026-06-28,A000879,4406.73
2025-07-28,A000880,7433.41
2025-08-28,A000880,7933.47
2025-09-28,A000880,8537.33
2025-10-28,A000880,8539.85
2025-11-28,A000880,8491.5
2025-12-28,A000880,8514.48
2026-01-28,A000880,8839.07
2026-02-28,A000880,9150.56
2026-03-28,A000880,9309.35
2026-04-28,A000880,9939.11
2026-05-28,A000880,10261.71
2026-06-28,A000880,10705.68
2025-07-28,A000881,3423.63
2025-08-28,A000881,4313.14
2025-09-28,A000881,4722.44
2025-10-28,A000881,4038.34
2025-11-28,A000881,4420.36
2025-12-28,A000881,4954.65
2026-01-28,A000881,4245.99
2026-02-28,A000881,3639.18
2026-03-28,A000881,3164.98
2026-04-28,A000881,3869.0
2026-05-28,A000881,5848.79
2026-06-28,A000881,5375.77
2025-07-28,A000882,14204.94
2025-08-28,A000882,15034.3
2025-09-28,A000882,15209.55
2025-10-28,A000882,15818.57
2025-11-28,A000882,16109.1
2025-12-28,A000882,16989.09
2026-01-28,A000882,17580.66
2026-02-28,A000882,18558.01
2026-03-28,A000882,18905.76
2026-04-28,A000882,20293.55
2026-05-28,A000882,19491.37
2026-06-28,A000882,20283.7
2025-07-28,A000883,3272.04
2025-08-28,A000883,4799.4
2025-09-28,A000883,5575.0
2025-10-28,A000883,6227.42
2025-11-28,A000883,7212.25
2025-12-28,A000883,6804.77
2026-01-28,A000883,8040.62
2026-02-28,A000883,9239.41
2026-03-28,A000883,10696.05
2026-04-28,A000883,9862.04
2026-05-28,A000883,10636.51
2026-06-28,A000883,10965.21
2025-07-28,A000884,11591.54
2025-08-28,A000884,11990.91
2025-09-28,A000884,13093.15
2025-10-28,A000884,12551.79
2025-11-28,A000884,12326.53
2025-12-28,A000884,12271.7
2026-01-28,A000884,12369.78
2026-02-28,A000884,13206.43
2026-03-28,A000884,13643.17
2026-04-28,A000884,13752.73
2026-05-28,A000884,14433.73
2026-06-28,A000884,14387.88
2025-07-28,A000885,11524.81
2025-08-28,A000885,12260.7
2025-09-28,A000885,12167.5
2025-10-28,A000885,12582.46
2025-11-28,A000885,12453.25
2025-12-28,A000885,13314.53
2026-01-28,A000885,13909.48
2026-02-28,A000885,13539.33
2026-03-28,A000885,13139.11
2026-04-28,A000885,12866.28
2026-05-28,A000885,13750.2
2026-06-28,A000885,14326.41
2025-07-28,A000886,174.84
2025-08-28,A000886,591.11
2025-09-28,A000886,183.74
2025-10-28,A000886,1157.72
2025-11-28,A000886,1802.78
2025-12-28,A000886,1502.46
2026-01-28,A000886,2039.33
2026-02-28,A000886,2203.5
2026-03-28,A000886,1834.99
2026-04-28,A000886,1414.0
2026-05-28,A000886,1282.04
2026-06-28,A000886,1245.47
2025-07-28,A000887,5539.79
2025-08-28,A000887,6369.36
2025-09-28,A000887,6632.33
2025-10-28,A000887,6964.66
2025-11-28,A000887,6706.27
2025-12-28,A000887,6778.97
2026-01-28,A000887,7623.6
2026-02-28,A000887,8292.36
2026-03-28,A000887,8311.82
2026-04-28,A000887,8787.67
2026-05-28,A000887,9278.84
2026-06-28,A000887,10198.29
2025-07-28,A000888,15540.6
2025-08-28,A000888,15287.89
2025-09-28,A000888,17186.12
2025-10-28,A000888,16291.21
2025-11-28,A000888,14907.35
2025-12-28,A000888,16868.85
2026-01-28,A000888,16148.25
2026-02-28,A000888,17819.66
2026-03-28,A000888,16698.38
2026-04-28,A000888,17937.94
2026-05-28,A000888,16329.95
2026-06-28,A000888,16616.0
2025-07-28,A000889,10069.5
2025-08-28,A000889,10750.37
2025-09-28,A000889,11374.55
2025-10-28,A000889,11102.19
2025-11-28,A000889,11659.03
2025-12-28,A000889,11744.82
2026-01-28,A000889,12321.51
2026-02-28,A000889,12241.3
2026-03-28,A000889,12410.53
2026-04-28,A000889,13141.44
2026-05-28,A000889,13754.92
2026-06-28,A000889,14523.2
2025-07-28,A000890,9639.51
2025-08-28,A000890,10182.92
2025-09-28,A000890,10022.45
2025-10-28,A000890,9669.42
2025-11-28,A000890,9461.11
2025-12-28,A000890,9665.02
2026-01-28,A000890,9382.71
2026-02-28,A000890,9535.32
2026-03-28,A000890,10305.24
2026-04-28,A000890,10232.63
2026-05-28,A000890,10387.41
2026-06-28,A000890,11017.57
2025-07-28,A000891,9240.91
2025-08-28,A000891,9438.91
2025-09-28,A000891,9185.38
2025-10-28,A000891,9093.0
2025-11-28,A000891,8872.81
2025-12-28,A000891,8444.34
2026-01-28,A000891,7933.98
2026-02-28,A000891,8784.21
2026-03-28,A000891,9823.05
2026-04-28,A000891,10481.7
2026-05-28,A000891,10424.07
2026-06-28,A000891,11187.41
2025-07-28,A000892,791.21
2025-08-28,A000892,915.03
2025-09-28,A000892,868.34
2025-10-28,A000892,1155.59
2025-11-28,A000892,1199.26
2025-12-28,A000892,1030.36
2026-01-28,A000892,1285.95
2026-02-28,A000892,1039.19
2026-03-28,A000892,1501.15
2026-04-28,A000892,2099.95
2026-05-28,A000892,2751.08
2026-06-28,A000892,2768.78
2025-07-28,A000893,10992.17
2025-08-28,A000893,11208.94
2025-09-28,A000893,10426.72
2025-10-28,A000893,9661.32
2025-11-28,A000893,10575.51
2025-12-28,A000893,10189.62
2026-01-28,A000893,10678.7
2026-02-28,A000893,11409.04
2026-03-28,A000893,11749.83
2026-04-28,A000893,11784.77
2026-05-28,A000893,12730.94
2026-06-28,A000893,12513.19
2025-07-28,A000894,5875.65
2025-08-28,A000894,5767.53
2025-09-28,A000894,6191.37
2025-10-28,A000894,6276.68
2025-11-28,A000894,6829.15
2025-12-28,A000894,6542.24
2026-01-28,A000894,7108.59
2026-02-28,A000894,7572.18
2026-03-28,A000894,7614.08
2026-04-28,A000894,7683.67
2026-05-28,A000894,8238.96
2026-06-28,A000894,8383.88
2025-07-28,A000895,14181.33
2025-08-28,A000895,13517.96
2025-09-28,A000895,13541.34
2025-10-28,A000895,13659.74
2025-11-28,A000895,13843.66
2025-12-28,A000895,13956.42
2026-01-28,A000895,13414.94
2026-02-28,A000895,12884.79
2026-03-28,A000895,12899.13
2026-04-28,A000895,12618.75
2026-05-28,A000895,12444.42
2026-06-28,A000895,11847.28
2025-07-28,A000896,5131.92
2025-08-28,A000896,5315.14
2025-09-28,A000896,5236.15
2025-10-28,A000896,5092.44
2025-11-28,A000896,4698.86
2025-12-28,A000896,5572.45
2026-01-28,A000896,5103.49
2026-02-28,A000896,5648.79
2026-03-28,A000896,5258.05
2026-04-28,A000896,5996.15
2026-05-28,A000896,5488.67
2026-06-28,A000896,6433.93
2025-07-28,A000897,5169.99
2025-08-28,A000897,5052.8
2025-09-28,A000897,4467.71
2025-10-28,A000897,3742.24
2025-11-28,A000897,3630.66
2025-12-28,A000897,3812.25
2026-01-28,A000897,3848.87
2026-02-28,A000897,4042.29
2026-03-28,A000897,4189.89
2026-04-28,A000897,4405.65
2026-05-28,A000897,4110.78
2026-06-28,A000897,4340.56
2025-07-28,A000898,8389.1
2025-08-28,A000898,8500.74
2025-09-28,A000898,9162.97
2025-10-28,A000898,9367.57
2025-11-28,A000898,10039.62
2025-12-28,A000898,10350.8
2026-01-28,A000898,10299.02
2026-02-28,A000898,10967.55
2026-03-28,A000898,11269.97
2026-04-28,A000898,11448.84
2026-05-28,A000898,12146.65
2026-06-28,A000898,11838.82
2025-07-28,A000899,9133.21
2025-08-28,A000899,8652.46
2025-09-28,A000899,8206.47
2025-10-28,A000899,9277.22
2025-11-28,A000899,9170.44
2025-12-28,A000899,8842.53
2026-01-28,A000899,9844.78
2026-02-28,A000899,9904.84
2026-03-28,A000899,9682.97
2026-04-28,A000899,9913.35
2026-05-28,A000899,10246.0
2026-06-28,A000899,10584.17
2025-07-28,A000900,6249.59
2025-08-28,A000900,5509.2
2025-09-28,A000900,4928.8
2025-10-28,A000900,6017.16
2025-11-28,A000900,6725.2
2025-12-28,A000900,7569.6
2026-01-28,A000900,8419.05
2026-02-28,A000900,8909.08
2026-03-28,A000900,9898.87
2026-04-28,A000900,11414.9
2026-05-28,A000900,11339.51
2026-06-28,A000900,11935.1
2025-07-28,A000901,6566.19
2025-08-28,A000901,6099.22
2025-09-28,A000901,5963.71
2025-10-28,A000901,6579.9
2025-11-28,A000901,6130.31
2025-12-28,A000901,6037.5
2026-01-28,A000901,6716.25
2026-02-28,A000901,7280.5
2026-03-28,A000901,7850.54
2026-04-28,A000901,8298.05
2026-05-28,A000901,8327.63
2026-06-28,A000901,8631.67
2025-07-28,A000902,13711.1
2025-08-28,A000902,13357.23
2025-09-28,A000902,12746.4
2025-10-28,A000902,13337.12
2025-11-28,A000902,13266.66
2025-12-28,A000902,13335.83
2026-01-28,A000902,14699.35
2026-02-28,A000902,14647.73
2026-03-28,A000902,14083.35
2026-04-28,A000902,14008.74
2026-05-28,A000902,14014.7
2026-06-28,A000902,14758.1
2025-07-28,A000903,1230.35
2025-08-28,A000903,2155.53
2025-09-28,A000903,1775.11
2025-10-28,A000903,1193.1
2025-11-28,A000903,911.24
2025-12-28,A000903,1501.62
2026-01-28,A000903,2013.42
2026-02-28,A000903,1516.41
2026-03-28,A000903,1830.32
2026-04-28,A000903,1671.9
2026-05-28,A000903,2044.7
2026-06-28,A000903,1885.96
2025-07-28,A000904,15414.1
2025-08-28,A000904,14973.34
2025-09-28,A000904,14977.55
2025-10-28,A000904,15384.16
2025-11-28,A000904,15659.02
2025-12-28,A000904,15644.49
2026-01-28,A000904,16242.38
2026-02-28,A000904,16654.33
2026-03-28,A000904,16376.51
2026-04-28,A000904,16200.57
2026-05-28,A000904,16192.44
2026-06-28,A000904,16034.15
2025-07-28,A000905,15863.91
2025-08-28,A000905,16090.87
2025-09-28,A000905,17887.54
2025-10-28,A000905,18278.15
2025-11-28,A000905,18075.52
2025-12-28,A000905,18748.74
2026-01-28,A000905,18488.58
2026-02-28,A000905,19959.88
2026-03-28,A000905,19064.38
2026-04-28,A000905,19215.53
2026-05-28,A000905,20611.74
2026-06-28,A000905,21591.38
2025-07-28,A000906,5055.38
2025-08-28,A000906,5067.49
2025-09-28,A000906,4996.68
2025-10-28,A000906,6066.12
2025-11-28,A000906,5928.24
2025-12-28,A000906,7221.86
2026-01-28,A000906,8502.17
2026-02-28,A000906,9469.26
2026-03-28,A000906,10911.7
2026-04-28,A000906,10245.85
2026-05-28,A000906,11693.86
2026-06-28,A000906,11501.94
2025-07-28,A000907,11481.46
2025-08-28,A000907,11348.0
2025-09-28,A000907,11203.38
2025-10-28,A000907,10301.07
2025-11-28,A000907,10453.96
2025-12-28,A000907,10222.87
2026-01-28,A000907,9547.43
2026-02-28,A000907,9098.27
2026-03-28,A000907,8417.88
2026-04-28,A000907,8035.8
2026-05-28,A000907,8178.22
2026-06-28,A000907,7591.5
2025-07-28,A000908,9899.96
2025-08-28,A000908,9571.61
2025-09-28,A000908,9795.28
2025-10-28,A000908,10656.85
2025-11-28,A000908,11076.91
2025-12-28,A000908,10564.05
2026-01-28,A000908,10099.5
2026-02-28,A000908,10796.01
2026-03-28,A000908,10963.29
2026-04-28,A000908,11043.94
2026-05-28,A000908,11932.67
2026-06-28,A000908,12116.87
2025-07-28,A000909,15281.4
2025-08-28,A000909,15643.47
2025-09-28,A000909,15019.99
2025-10-28,A000909,16089.44
2025-11-28,A000909,16096.27
2025-12-28,A000909,17381.81
2026-01-28,A000909,16420.66
2026-02-28,A000909,17695.24
2026-03-28,A000909,18920.52
2026-04-28,A000909,20742.04
2026-05-28,A000909,21163.39
2026-06-28,A000909,21241.22
2025-07-28,A000910,4093.64
2025-08-28,A000910,3331.9
2025-09-28,A000910,2566.21
2025-10-28,A000910,1732.78
2025-11-28,A000910,2254.26
2025-12-28,A000910,2255.37
2026-01-28,A000910,2920.91
2026-02-28,A000910,3957.95
2026-03-28,A000910,4567.74
2026-04-28,A000910,4498.44
2026-05-28,A000910,4768.81
2026-06-28,A000910,5603.66
2025-07-28,A000911,17787.29
2025-08-28,A000911,18021.83
2025-09-28,A000911,18238.87
2025-10-28,A000911,17676.06
2025-11-28,A000911,17539.51
2025-12-28,A000911,17671.75
2026-01-28,A000911,17079.95
2026-02-28,A000911,17206.73
2026-03-28,A000911,16541.92
2026-04-28,A000911,16507.04
2026-05-28,A000911,15907.59
2026-06-28,A000911,15963.9
2025-07-28,A000912,16496.4
2025-08-28,A000912,16288.64
2025-09-28,A000912,16076.91
2025-10-28,A000912,16984.84
2025-11-28,A000912,17696.48
2025-12-28,A000912,18700.27
2026-01-28,A000912,18142.33
2026-02-28,A000912,18812.7
2026-03-28,A000912,19052.97
2026-04-28,A000912,19598.4
2026-05-28,A000912,19831.99
2026-06-28,A000912,19983.76
2025-07-28,A000913,307.05
2025-08-28,A000913,455.1
2025-09-28,A000913,1041.41
2025-10-28,A000913,836.31
2025-11-28,A000913,1347.26
2025-12-28,A000913,1776.07
2026-01-28,A000913,2270.77
2026-02-28,A000913,2771.52
2026-03-28,A000913,2799.66
2026-04-28,A000913,3464.24
2026-05-28,A000913,3426.97
2026-06-28,A000913,4094.44
2025-07-28,A000914,17508.28
2025-08-28,A000914,18279.21
2025-09-28,A000914,19019.07
2025-10-28,A000914,18748.9
2025-11-28,A000914,19505.89
2025-12-28,A000914,19797.57
2026-01-28,A000914,19702.09
2026-02-28,A000914,19691.82
2026-03-28,A000914,19772.1
2026-04-28,A000914,20620.94
2026-05-28,A000914,20637.37
2026-06-28,A000914,20444.33
2025-07-28,A000915,8632.09
2025-08-28,A000915,10416.66
2025-09-28,A000915,13017.24
2025-10-28,A000915,13757.6
2025-11-28,A000915,13672.59
2025-12-28,A000915,16441.68
2026-01-28,A000915,17631.28
2026-02-28,A000915,18005.96
2026-03-28,A000915,17747.17
2026-04-28,A000915,20552.85
2026-05-28,A000915,19335.27
2026-06-28,A000915,19071.0
2025-07-28,A000916,13686.78
2025-08-28,A000916,14159.87
2025-09-28,A000916,13711.86
2025-10-28,A000916,13503.92
2025-11-28,A000916,13501.41
2025-12-28,A000916,13229.18
2026-01-28,A000916,13877.49
2026-02-28,A000916,14180.63
2026-03-28,A000916,14959.37
2026-04-28,A000916,14829.88
2026-05-28,A000916,14103.64
2026-06-28,A000916,13216.76
2025-07-28,A000917,13278.61
2025-08-28,A000917,13427.61
2025-09-28,A000917,13475.61
2025-10-28,A000917,13300.76
2025-11-28,A000917,13295.59
2025-12-28,A000917,13862.15
2026-01-28,A000917,13630.27
2026-02-28,A000917,14067.39
2026-03-28,A000917,14104.9
2026-04-28,A000917,14393.03
2026-05-28,A000917,14846.2
2026-06-28,A000917,14498.25
2025-07-28,A000918,2569.37
2025-08-28,A000918,3130.2
2025-09-28,A000918,3065.79
2025-10-28,A000918,2790.32
2025-11-28,A000918,2940.45
2025-12-28,A000918,2438.34
2026-01-28,A000918,2813.78
2026-02-28,A000918,3345.45
2026-03-28,A000918,4155.89
2026-04-28,A000918,3834.41
2026-05-28,A000918,4546.06
2026-06-28,A000918,4258.43
2025-07-28,A000919,13844.5
2025-08-28,A000919,13922.53
2025-09-28,A000919,14217.21
2025-10-28,A000919,14403.68
2025-11-28,A000919,14994.8
2025-12-28,A000919,14738.89
2026-01-28,A000919,14617.89
2026-02-28,A000919,14583.99
2026-03-28,A000919,14642.22
2026-04-28,A000919,15028.04
2026-05-28,A000919,15036.95
2026-06-28,A000919,15215.27
2025-07-28,A000920,1956.53
2025-08-28,A000920,2582.0
2025-09-28,A000920,2933.54
2025-10-28,A000920,3655.91
2025-11-28,A000920,4636.24
2025-12-28,A000920,4207.47
2026-01-28,A000920,3821.18
2026-02-28,A000920,4092.01
2026-03-28,A000920,4126.31
2026-04-28,A000920,4874.23
2026-05-28,A000920,4957.59
2026-06-28,A000920,5120.37
2025-07-28,A000921,6977.13
2025-08-28,A000921,7073.14
2025-09-28,A000921,7700.45
2025-10-28,A000921,7275.92
2025-11-28,A000921,7502.08
2025-12-28,A000921,7428.41
2026-01-28,A000921,7741.07
2026-02-28,A000921,7731.77
2026-03-28,A000921,7944.53
2026-04-28,A000921,7389.71
2026-05-28,A000921,7925.18
2026-06-28,A000921,8251.39
2025-07-28,A000922,4320.86
2025-08-28,A000922,5179.32
2025-09-28,A000922,5123.52
2025-10-28,A000922,4751.7
2025-11-28,A000922,5134.34
2025-12-28,A000922,5605.12
2026-01-28,A000922,6235.82
2026-02-28,A000922,7385.67
2026-03-28,A000922,7659.46
2026-04-28,A000922,7426.16
2026-05-28,A000922,7826.59
2026-06-28,A000922,8235.1
2025-07-28,A000923,12715.38
2025-08-28,A000923,12499.81
2025-09-28,A000923,12701.99
2025-10-28,A000923,13040.34
2025-11-28,A000923,13311.01
2025-12-28,A000923,13814.58
2026-01-28,A000923,14007.89
2026-02-28,A000923,14208.33
2026-03-28,A000923,14254.23
2026-04-28,A000923,14322.99
2026-05-28,A000923,14209.59
2026-06-28,A000923,14456.62
2025-07-28,A000924,7025.48
2025-08-28,A000924,7458.38
2025-09-28,A000924,7338.76
2025-10-28,A000924,7176.72
2025-11-28,A000924,7017.52
2025-12-28,A000924,7474.62
2026-01-28,A000924,7748.5
2026-02-28,A000924,8662.93
2026-03-28,A000924,9412.5
2026-04-28,A000924,9903.26
2026-05-28,A000924,10514.54
2026-06-28,A000924,10521.52
2025-07-28,A000925,15759.64
2025-08-28,A000925,16366.64
2025-09-28,A000925,16623.01
2025-10-28,A000925,16923.15
2025-11-28,A000925,16848.08
2025-12-28,A000925,17455.99
2026-01-28,A000925,17954.15
2026-02-28,A000925,17540.31
2026-03-28,A000925,18126.21
2026-04-28,A000925,18559.25
2026-05-28,A000925,19338.14
2026-06-28,A000925,19847.66
2025-07-28,A000926,3397.02
2025-08-28,A000926,3084.71
2025-09-28,A000926,3873.0
2025-10-28,A000926,3630.31
2025-11-28,A000926,4459.34
2025-12-28,A000926,5286.82
2026-01-28,A000926,5835.63
2026-02-28,A000926,6331.15
2026-03-28,A000926,6333.09
2026-04-28,A000926,5851.68
2026-05-28,A000926,6391.76
2026-06-28,A000926,6379.67
2025-07-28,A000927,4824.15
2025-08-28,A000927,5138.16
2025-09-28,A000927,6682.95
2025-10-28,A000927,6750.09
2025-11-28,A000927,6016.07
2025-12-28,A000927,7949.23
2026-01-28,A000927,9698.37
2026-02-28,A000927,10609.69
2026-03-28,A000927,11800.02
2026-04-28,A000927,10852.3
2026-05-28,A000927,9887.58
2026-06-28,A000927,8937.18
2025-07-28,A000928,8968.35
2025-08-28,A000928,9275.39
2025-09-28,A000928,8712.85
2025-10-28,A000928,8919.88
2025-11-28,A000928,9480.73
2025-12-28,A000928,10041.15
2026-01-28,A000928,10952.69
2026-02-28,A000928,10861.5
2026-03-28,A000928,10113.77
2026-04-28,A000928,11223.43
2026-05-28,A000928,12309.53
2026-06-28,A000928,11647.71
2025-07-28,A000929,14805.07
2025-08-28,A000929,15508.79
2025-09-28,A000929,15376.7
2025-10-28,A000929,15859.98
2025-11-28,A000929,16162.9
2025-12-28,A000929,16494.35
2026-01-28,A000929,16340.17
2026-02-28,A000929,17094.51
2026-03-28,A000929,17625.25
2026-04-28,A000929,18271.96
2026-05-28,A000929,18618.43
2026-06-28,A000929,19379.28
2025-07-28,A000930,5784.85
2025-08-28,A000930,5214.63
2025-09-28,A000930,4907.42
2025-10-28,A000930,4607.64
2025-11-28,A000930,4171.12
2025-12-28,A000930,3954.57
2026-01-28,A000930,3480.17
2026-02-28,A000930,2878.37
2026-03-28,A000930,2463.58
2026-04-28,A000930,1619.08
2026-05-28,A000930,1251.37
2026-06-28,A000930,1210.61
2025-07-28,A000931,6285.81
2025-08-28,A000931,5642.77
2025-09-28,A000931,6793.64
2025-10-28,A000931,6122.78
2025-11-28,A000931,7462.32
2025-12-28,A000931,7170.99
2026-01-28,A000931,6909.9
2026-02-28,A000931,7182.88
2026-03-28,A000931,7966.38
2026-04-28,A000931,7221.34
2026-05-28,A000931,6654.15
2026-06-28,A000931,6029.75
2025-07-28,A000932,5332.32
2025-08-28,A000932,6360.34
2025-09-28,A000932,6923.84
2025-10-28,A000932,7731.23
2025-11-28,A000932,7269.99
2025-12-28,A000932,7516.88
2026-01-28,A000932,8166.23
2026-02-28,A000932,7751.2
2026-03-28,A000932,7844.28
2026-04-28,A000932,8387.8
2026-05-28,A000932,9500.31
2026-06-28,A000932,9845.36
2025-07-28,A000933,10301.75
2025-08-28,A000933,10482.13
2025-09-28,A000933,11304.65
2025-10-28,A000933,11759.36
2025-11-28,A000933,11778.97
2025-12-28,A000933,12364.31
2026-01-28,A000933,12969.94
2026-02-28,A000933,13796.66
2026-03-28,A000933,14031.94
2026-04-28,A000933,14448.11
2026-05-28,A000933,14002.7
2026-06-28,A000933,13682.95
2025-07-28,A000934,3667.98
2025-08-28,A000934,3483.74
2025-09-28,A000934,3981.44
2025-10-28,A000934,4516.21
2025-11-28,A000934,4318.51
2025-12-28,A000934,4793.01
2026-01-28,A000934,5186.8
2026-02-28,A000934,5360.71
2026-03-28,A000934,5737.13
2026-04-28,A000934,5767.49
2026-05-28,A000934,6181.79
2026-06-28,A000934,6614.95
2025-07-28,A000935,4118.3
2025-08-28,A000935,3818.67
2025-09-28,A000935,3983.77
2025-10-28,A000935,3318.25
2025-11-28,A000935,5221.56
2025-12-28,A000935,6190.41
2026-01-28,A000935,7184.16
2026-02-28,A000935,9061.04
2026-03-28,A000935,10880.83
2026-04-28,A000935,10131.66
2026-05-28,A000935,9236.61
2026-06-28,A000935,11228.96
2025-07-28,A000936,8449.43
2025-08-28,A000936,8084.29
2025-09-28,A000936,8290.05
2025-10-28,A000936,8774.3
2025-11-28,A000936,8596.78
2025-12-28,A000936,8965.96
2026-01-28,A000936,9009.99
2026-02-28,A000936,9242.38
2026-03-28,A000936,9643.67
2026-04-28,A000936,9710.39
2026-05-28,A000936,9807.25
2026-06-28,A000936,9621.11
2025-07-28,A000937,12946.14
2025-08-28,A000937,12674.71
2025-09-28,A000937,12841.09
2025-10-28,A000937,13809.75
2025-11-28,A000937,14361.8
2025-12-28,A000937,13924.69
2026-01-28,A000937,13805.21
2026-02-28,A000937,13385.16
2026-03-28,A000937,13340.57
2026-04-28,A000937,13387.93
2026-05-28,A000937,13696.14
2026-06-28,A000937,13527.63
2025-07-28,A000938,7073.08
2025-08-28,A000938,7032.59
2025-09-28,A000938,6741.62
2025-10-28,A000938,6306.57
2025-11-28,A000938,7048.22
2025-12-28,A000938,8025.78
2026-01-28,A000938,7538.69
2026-02-28,A000938,7931.22
2026-03-28,A000938,8366.37
2026-04-28,A000938,8023.56
2026-05-28,A000938,7655.42
2026-06-28,A000938,7709.58
2025-07-28,A000939,5599.04
2025-08-28,A000939,4778.27
2025-09-28,A000939,4901.48
2025-10-28,A000939,3934.92
2025-11-28,A000939,4144.5
2025-12-28,A000939,3382.02
2026-01-28,A000939,3574.02
2026-02-28,A000939,3690.04
2026-03-28,A000939,3211.9
2026-04-28,A000939,2120.76
2026-05-28,A000939,1577.53
2026-06-28,A000939,2061.46
2025-07-28,A000940,13711.51
2025-08-28,A000940,13176.26
2025-09-28,A000940,13687.43
2025-10-28,A000940,14132.59
2025-11-28,A000940,14681.52
2025-12-28,A000940,15215.8
2026-01-28,A000940,15958.11
2026-02-28,A000940,15852.27
2026-03-28,A000940,16185.81
2026-04-28,A000940,15751.81
2026-05-28,A000940,16553.66
2026-06-28,A000940,17015.87
2025-07-28,A000941,8324.83
2025-08-28,A000941,7583.52
2025-09-28,A000941,7634.75
2025-10-28,A000941,8191.64
2025-11-28,A000941,8002.14
2025-12-28,A000941,8327.16
2026-01-28,A000941,8707.34
2026-02-28,A000941,7792.44
2026-03-28,A000941,6887.4
2026-04-28,A000941,7251.72
2026-05-28,A000941,6595.6
2026-06-28,A000941,6622.03
2025-07-28,A000942,13999.38
2025-08-28,A000942,13886.31
2025-09-28,A000942,14548.26
2025-10-28,A000942,14689.36
2025-11-28,A000942,14663.45
2025-12-28,A000942,15213.61
2026-01-28,A000942,15845.31
2026-02-28,A000942,16235.29
2026-03-28,A000942,16550.35
2026-04-28,A000942,16264.05
2026-05-28,A000942,16433.65
2026-06-28,A000942,16175.47
2025-07-28,A000943,14107.58
2025-08-28,A000943,13633.7
2025-09-28,A000943,14039.6
2025-10-28,A000943,13786.09
2025-11-28,A000943,14656.83
2025-12-28,A000943,15221.09
2026-01-28,A000943,14937.19
2026-02-28,A000943,15983.39
2026-03-28,A000943,16642.9
2026-04-28,A000943,17783.88
2026-05-28,A000943,17851.77
2026-06-28,A000943,17701.45
2025-07-28,A000944,2046.13
2025-08-28,A000944,1289.36
2025-09-28,A000944,1308.55
2025-10-28,A000944,1850.44
2025-11-28,A000944,3755.04
2025-12-28,A000944,3032.36
2026-01-28,A000944,3018.82
2026-02-28,A000944,3604.87
2026-03-28,A000944,4123.6
2026-04-28,A000944,3773.62
2026-05-28,A000944,4958.46
2026-06-28,A000944,6217.26
2025-07-28,A000945,14818.82
2025-08-28,A000945,14438.01
2025-09-28,A000945,14583.85
2025-10-28,A000945,15395.54
2025-11-28,A000945,15980.12
2025-12-28,A000945,16339.16
2026-01-28,A000945,16695.96
2026-02-28,A000945,16190.92
2026-03-28,A000945,16730.15
2026-04-28,A000945,16476.58
2026-05-28,A000945,16145.36
2026-06-28,A000945,16466.44
2025-07-28,A000946,15599.92
2025-08-28,A000946,15372.86
2025-09-28,A000946,16513.77
2025-10-28,A000946,16303.02
2025-11-28,A000946,16276.28
2025-12-28,A000946,16297.99
2026-01-28,A000946,16429.64
2026-02-28,A000946,17183.73
2026-03-28,A000946,17865.8
2026-04-28,A000946,18182.41
2026-05-28,A000946,18012.04
2026-06-28,A000946,18489.31
2025-07-28,A000947,9181.69
2025-08-28,A000947,10025.71
2025-09-28,A000947,9010.09
2025-10-28,A000947,9406.16
2025-11-28,A000947,9044.75
2025-12-28,A000947,9759.06
2026-01-28,A000947,9145.38
2026-02-28,A000947,9716.33
2026-03-28,A000947,9582.6
2026-04-28,A000947,10106.09
2026-05-28,A000947,9697.04
2026-06-28,A000947,10666.06
2025-07-28,A000948,2884.05
2025-08-28,A000948,2782.48
2025-09-28,A000948,2745.87
2025-10-28,A000948,3169.33
2025-11-28,A000948,3448.6
2025-12-28,A000948,3325.34
2026-01-28,A000948,3654.88
2026-02-28,A000948,3809.06
2026-03-28,A000948,4263.93
2026-04-28,A000948,4605.19
2026-05-28,A000948,4414.31
2026-06-28,A000948,4630.4
2025-07-28,A000949,13471.24
2025-08-28,A000949,14445.53
2025-09-28,A000949,15023.57
2025-10-28,A000949,14839.0
2025-11-28,A000949,16045.43
2025-12-28,A000949,16226.32
2026-01-28,A000949,17473.8
2026-02-28,A000949,19007.3
2026-03-28,A000949,19807.77
2026-04-28,A000949,19217.41
2026-05-28,A000949,18787.52
2026-06-28,A000949,18190.87
2025-07-28,A000950,7382.92
2025-08-28,A000950,7456.79
2025-09-28,A000950,7525.2
2025-10-28,A000950,7278.3
2025-11-28,A000950,8085.24
2025-12-28,A000950,7751.79
2026-01-28,A000950,7360.83
2026-02-28,A000950,7822.9
2026-03-28,A000950,7182.43
2026-04-28,A000950,6893.33
2026-05-28,A000950,7099.8
2026-06-28,A000950,7254.99
2025-07-28,A000951,13244.28
2025-08-28,A000951,13047.74
2025-09-28,A000951,12974.7
2025-10-28,A000951,13268.19
2025-11-28,A000951,13966.49
2025-12-28,A000951,13985.93
2026-01-28,A000951,14019.91
2026-02-28,A000951,14357.02
2026-03-28,A000951,13980.55
2026-04-28,A000951,14234.58
2026-05-28,A000951,14133.33
2026-06-28,A000951,14642.15
2025-07-28,A000952,11273.16
2025-08-28,A000952,11804.31
2025-09-28,A000952,11743.55
2025-10-28,A000952,11058.06
2025-11-28,A000952,10793.29
2025-12-28,A000952,10767.21
2026-01-28,A000952,10305.45
2026-02-28,A000952,9695.93
2026-03-28,A000952,8944.61
2026-04-28,A000952,10221.92
2026-05-28,A000952,9721.5
2026-06-28,A000952,10982.99
2025-07-28,A000953,13324.58
2025-08-28,A000953,13257.05
2025-09-28,A000953,13633.28
2025-10-28,A000953,13986.65
2025-11-28,A000953,14761.59
2025-12-28,A000953,14774.59
2026-01-28,A000953,15530.35
2026-02-28,A000953,15591.57
2026-03-28,A000953,15450.35
2026-04-28,A000953,14967.6
2026-05-28,A000953,14505.18
2026-06-28,A000953,14215.63
2025-07-28,A000954,10086.06
2025-08-28,A000954,9785.3
2025-09-28,A000954,10412.74
2025-10-28,A000954,10055.14
2025-11-28,A000954,9637.97
2025-12-28,A000954,10343.62
2026-01-28,A000954,10645.08
2026-02-28,A000954,10807.89
2026-03-28,A000954,10526.99
2026-04-28,A000954,10400.05
2026-05-28,A000954,10399.29
2026-06-28,A000954,10940.2
2025-07-28,A000955,6452.45
2025-08-28,A000955,6733.41
2025-09-28,A000955,7135.74
2025-10-28,A000955,7419.29
2025-11-28,A000955,7587.7
2025-12-28,A000955,7629.12
2026-01-28,A000955,7770.98
2026-02-28,A000955,7632.04
2026-03-28,A000955,7279.82
2026-04-28,A000955,7365.18
2026-05-28,A000955,7504.67
2026-06-28,A000955,7861.92
2025-07-28,A000956,8304.62
2025-08-28,A000956,8028.59
2025-09-28,A000956,7685.77
2025-10-28,A000956,7375.86
2025-11-28,A000956,7074.63
2025-12-28,A000956,7494.17
2026-01-28,A000956,7399.91
2026-02-28,A000956,7494.43
2026-03-28,A000956,7573.69
2026-04-28,A000956,7465.56
2026-05-28,A000956,7301.13
2026-06-28,A000956,7025.25
2025-07-28,A000957,5042.24
2025-08-28,A000957,6209.68
2025-09-28,A000957,6560.8
2025-10-28,A000957,6658.43
2025-11-28,A000957,5730.89
2025-12-28,A000957,7786.16
2026-01-28,A000957,7795.99
2026-02-28,A000957,7820.99
2026-03-28,A000957,8943.77
2026-04-28,A000957,8885.65
2026-05-28,A000957,7787.94
2026-06-28,A000957,8381.34
2025-07-28,A000958,4566.55
2025-08-28,A000958,3938.23
2025-09-28,A000958,3853.0
2025-10-28,A000958,4317.18
2025-11-28,A000958,4769.01
2025-12-28,A000958,4087.78
2026-01-28,A000958,4734.6
2026-02-28,A000958,5159.06
2026-03-28,A000958,4262.51
2026-04-28,A000958,3172.77
2026-05-28,A000958,3164.96
2026-06-28,A000958,3682.62
2025-07-28,A000959,12302.85
2025-08-28,A000959,11947.91
2025-09-28,A000959,12340.64
2025-10-28,A000959,12673.85
2025-11-28,A000959,12447.94
2025-12-28,A000959,12441.8
2026-01-28,A000959,12640.58
2026-02-28,A000959,12827.64
2026-03-28,A000959,12856.67
2026-04-28,A000959,13090.14
2026-05-28,A000959,13736.22
2026-06-28,A000959,14144.32
2025-07-28,A000960,502.84
2025-08-28,A000960,566.78
2025-09-28,A000960,1151.18
2025-10-28,A000960,1682.68
2025-11-28,A000960,2239.39
2025-12-28,A000960,1978.75
2026-01-28,A000960,2440.7
2026-02-28,A000960,2597.97
2026-03-28,A000960,2559.79
2026-04-28,A000960,2789.7
2026-05-28,A000960,2573.75
2026-06-28,A000960,2599.17
2025-07-28,A000961,17599.93
2025-08-28,A000961,19079.62
2025-09-28,A000961,18190.64
2025-10-28,A000961,19949.18
2025-11-28,A000961,20970.34
2025-12-28,A000961,20937.94
2026-01-28,A000961,21988.36
2026-02-28,A000961,22125.68
2026-03-28,A000961,23398.03
2026-04-28,A000961,24178.58
2026-05-28,A000961,24612.59
2026-06-28,A000961,25911.84
2025-07-28,A000962,11207.45
2025-08-28,A000962,10745.79
2025-09-28,A000962,11340.6
2025-10-28,A000962,12193.4
2025-11-28,A000962,13025.66
2025-12-28,A000962,12549.24
2026-01-28,A000962,13186.62
2026-02-28,A000962,14048.52
2026-03-28,A000962,14180.72
2026-04-28,A000962,14840.4
2026-05-28,A000962,15000.57
2026-06-28,A000962,14645.19
2025-07-28,A000963,6660.57
2025-08-28,A000963,6994.15
2025-09-28,A000963,7208.4
2025-10-28,A000963,7565.99
2025-11-28,A000963,7382.12
2025-12-28,A000963,7879.64
2026-01-28,A000963,7746.39
2026-02-28,A000963,7477.96
2026-03-28,A000963,8056.56
2026-04-28,A000963,7730.78
2026-05-28,A000963,7443.32
2026-06-28,A000963,7617.87
2025-07-28,A000964,16185.5
2025-08-28,A000964,16761.52
2025-09-28,A000964,16156.87
2025-10-28,A000964,16845.24
2025-11-28,A000964,18452.76
2025-12-28,A000964,19344.0
2026-01-28,A000964,19082.82
2026-02-28,A000964,18996.44
2026-03-28,A000964,18476.45
2026-04-28,A000964,17839.16
2026-05-28,A000964,19274.54
2026-06-28,A000964,20133.6
2025-07-28,A000965,12701.12
2025-08-28,A000965,14154.09
2025-09-28,A000965,14249.4
2025-10-28,A000965,15328.36
2025-11-28,A000965,14418.72
2025-12-28,A000965,16388.56
2026-01-28,A000965,15776.46
2026-02-28,A000965,15284.71
2026-03-28,A000965,15662.24
2026-04-28,A000965,15154.18
2026-05-28,A000965,16987.23
2026-06-28,A000965,18857.79
2025-07-28,A000966,11994.1
2025-08-28,A000966,12443.36
2025-09-28,A000966,13047.95
2025-10-28,A000966,13072.33
2025-11-28,A000966,13583.95
2025-12-28,A000966,13633.43
2026-01-28,A000966,13736.34
2026-02-28,A000966,13648.47
2026-03-28,A000966,13759.25
2026-04-28,A000966,14302.85
2026-05-28,A000966,14052.88
2026-06-28,A000966,14151.29
2025-07-28,A000967,15024.14
2025-08-28,A000967,15503.02
2025-09-28,A000967,16092.71
2025-10-28,A000967,16728.41
2025-11-28,A000967,16809.54
2025-12-28,A000967,17258.04
2026-01-28,A000967,17192.66
2026-02-28,A000967,17165.41
2026-03-28,A000967,17741.75
2026-04-28,A000967,18170.31
2026-05-28,A000967,17916.88
2026-06-28,A000967,18210.85
2025-07-28,A000968,6120.51
2025-08-28,A000968,5444.76
2025-09-28,A000968,4620.91
2025-10-28,A000968,4108.42
2025-11-28,A000968,3820.53
2025-12-28,A000968,4051.44
2026-01-28,A000968,3301.5
2026-02-28,A000968,3203.58
2026-03-28,A000968,2566.58
2026-04-28,A000968,2390.5
2026-05-28,A000968,2468.48
2026-06-28,A000968,1620.59
2025-07-28,A000969,8049.25
2025-08-28,A000969,7772.11
2025-09-28,A000969,8191.62
2025-10-28,A000969,7790.21
2025-11-28,A000969,8079.64
2025-12-28,A000969,7926.76
2026-01-28,A000969,7649.38
2026-02-28,A000969,8047.26
2026-03-28,A000969,7752.04
2026-04-28,A000969,7684.78
2026-05-28,A000969,7900.68
2026-06-28,A000969,8312.84
2025-07-28,A000970,17148.56
2025-08-28,A000970,17655.02
2025-09-28,A000970,18502.84
2025-10-28,A000970,18436.7
2025-11-28,A000970,19221.0
2025-12-28,A000970,19325.39
2026-01-28,A000970,19314.95
2026-02-28,A000970,19719.7
2026-03-28,A000970,19073.04
2026-04-28,A000970,18542.22
2026-05-28,A000970,19140.03
2026-06-28,A000970,19234.18
2025-07-28,A000971,6184.27
2025-08-28,A000971,6557.1
2025-09-28,A000971,6545.58
2025-10-28,A000971,6242.31
2025-11-28,A000971,6197.54
2025-12-28,A000971,6424.92
2026-01-28,A000971,6629.89
2026-02-28,A000971,6394.15
2026-03-28,A000971,6683.17
2026-04-28,A000971,7425.39
2026-05-28,A000971,7933.89
2026-06-28,A000971,8611.91
2025-07-28,A000972,17113.78
2025-08-28,A000972,19525.48
2025-09-28,A000972,20795.24
2025-10-28,A000972,21843.3
2025-11-28,A000972,22865.96
2025-12-28,A000972,24509.28
2026-01-28,A000972,24757.35
2026-02-28,A000972,23708.07
2026-03-28,A000972,26014.2
2026-04-28,A000972,24286.21
2026-05-28,A000972,25096.19
2026-06-28,A000972,27111.59
2025-07-28,A000973,10060.06
2025-08-28,A000973,10080.55
2025-09-28,A000973,10397.55
2025-10-28,A000973,10415.59
2025-11-28,A000973,10542.7
2025-12-28,A000973,10626.64
2026-01-28,A000973,11216.37
2026-02-28,A000973,11368.0
2026-03-28,A000973,11312.04
2026-04-28,A000973,11101.54
2026-05-28,A000973,11243.78
2026-06-28,A000973,11340.42
2025-07-28,A000974,15728.71
2025-08-28,A000974,16117.13
2025-09-28,A000974,16584.79
2025-10-28,A000974,16961.62
2025-11-28,A000974,17736.15
2025-12-28,A000974,18565.23
2026-01-28,A000974,18487.54
2026-02-28,A000974,19130.6
2026-03-28,A000974,19828.44
2026-04-28,A000974,20458.51
2026-05-28,A000974,20316.67
2026-06-28,A000974,21037.11
2025-07-28,A000975,8844.01
2025-08-28,A000975,8864.48
2025-09-28,A000975,9580.14
2025-10-28,A000975,10302.88
2025-11-28,A000975,10786.26
2025-12-28,A000975,11089.57
2026-01-28,A000975,11017.06
2026-02-28,A000975,12281.84
2026-03-28,A000975,11781.73
2026-04-28,A000975,12569.01
2026-05-28,A000975,13394.55
2026-06-28,A000975,13889.81
2025-07-28,A000976,16869.21
2025-08-28,A000976,17999.9
2025-09-28,A000976,16316.78
2025-10-28,A000976,16408.4
2025-11-28,A000976,18710.79
2025-12-28,A000976,21863.61
2026-01-28,A000976,23757.68
2026-02-28,A000976,24258.05
2026-03-28,A000976,25450.78
2026-04-28,A000976,27596.91
2026-05-28,A000976,28918.41
2026-06-28,A000976,30018.3
2025-07-28,A000977,11593.3
2025-08-28,A000977,11067.6
2025-09-28,A000977,12335.68
2025-10-28,A000977,13508.73
2025-11-28,A000977,13822.39
2025-12-28,A000977,13438.11
2026-01-28,A000977,12729.24
2026-02-28,A000977,12730.89
2026-03-28,A000977,12540.16
2026-04-28,A000977,11862.25
2026-05-28,A000977,12958.5
2026-06-28,A000977,13015.09
2025-07-28,A000978,11579.48
2025-08-28,A000978,11846.03
2025-09-28,A000978,12197.02
2025-10-28,A000978,12745.42
2025-11-28,A000978,13340.13
2025-12-28,A000978,12787.22
2026-01-28,A000978,12741.98
2026-02-28,A000978,13380.81
2026-03-28,A000978,14130.57
2026-04-28,A000978,14927.18
2026-05-28,A000978,14367.08
2026-06-28,A000978,15346.2
2025-07-28,A000979,5924.53
2025-08-28,A000979,5646.02
2025-09-28,A000979,5196.5
2025-10-28,A000979,5475.51
2025-11-28,A000979,6900.12
2025-12-28,A000979,6720.2
2026-01-28,A000979,6354.57
2026-02-28,A000979,5909.39
2026-03-28,A000979,5268.38
2026-04-28,A000979,4798.09
2026-05-28,A000979,4900.41
2026-06-28,A000979,5840.88
2025-07-28,A000980,3683.15
2025-08-28,A000980,3243.89
2025-09-28,A000980,3772.61
2025-10-28,A000980,4143.48
2025-11-28,A000980,3776.21
2025-12-28,A000980,3489.14
2026-01-28,A000980,3075.67
2026-02-28,A000980,3090.59
2026-03-28,A000980,3615.1
2026-04-28,A000980,4529.27
2026-05-28,A000980,4642.57
2026-06-28,A000980,4592.73
2025-07-28,A000981,14332.55
2025-08-28,A000981,14458.15
2025-09-28,A000981,13960.16
2025-10-28,A000981,13483.18
2025-11-28,A000981,13785.35
2025-12-28,A000981,13186.33
2026-01-28,A000981,13545.89
2026-02-28,A000981,14572.27
2026-03-28,A000981,15193.81
2026-04-28,A000981,15281.14
2026-05-28,A000981,15934.11
2026-06-28,A000981,17029.41
2025-07-28,A000982,683.88
2025-08-28,A000982,647.39
2025-09-28,A000982,2116.51
2025-10-28,A000982,1552.38
2025-11-28,A000982,1901.89
2025-12-28,A000982,2010.77
2026-01-28,A000982,3137.18
2026-02-28,A000982,5710.92
2026-03-28,A000982,4817.37
2026-04-28,A000982,3947.71
2026-05-28,A000982,4599.52
2026-06-28,A000982,6960.7
2025-07-28,A000983,6435.42
2025-08-28,A000983,5841.85
2025-09-28,A000983,6375.62
2025-10-28,A000983,6021.83
2025-11-28,A000983,6892.01
2025-12-28,A000983,7403.17
2026-01-28,A000983,7787.99
2026-02-28,A000983,8894.75
2026-03-28,A000983,9050.01
2026-04-28,A000983,9812.32
2026-05-28,A000983,9432.54
2026-06-28,A000983,10258.19
2025-07-28,A000984,11306.08
2025-08-28,A000984,10058.87
2025-09-28,A000984,9410.38
2025-10-28,A000984,10353.82
2025-11-28,A000984,10396.99
2025-12-28,A000984,10882.77
2026-01-28,A000984,10211.29
2026-02-28,A000984,10032.48
2026-03-28,A000984,11018.9
2026-04-28,A000984,10610.63
2026-05-28,A000984,9406.83
2026-06-28,A000984,10400.51
2025-07-28,A000985,17818.0
2025-08-28,A000985,17720.88
2025-09-28,A000985,17695.09
2025-10-28,A000985,17197.24
2025-11-28,A000985,17702.86
2025-12-28,A000985,17536.0
2026-01-28,A000985,17436.36
2026-02-28,A000985,17595.42
2026-03-28,A000985,18050.32
2026-04-28,A000985,18446.15
2026-05-28,A000985,18613.9
2026-06-28,A000985,19371.78
2025-07-28,A000986,8038.51
2025-08-28,A000986,7845.0
2025-09-28,A000986,7928.13
2025-10-28,A000986,9245.61
2025-11-28,A000986,8663.31
2025-12-28,A000986,8317.09
2026-01-28,A000986,7708.11
2026-02-28,A000986,7823.48
2026-03-28,A000986,9480.45
2026-04-28,A000986,9771.39
2026-05-28,A000986,9096.78
2026-06-28,A000986,9316.87
2025-07-28,A000987,2727.62
2025-08-28,A000987,4164.81
2025-09-28,A000987,3777.01
2025-10-28,A000987,5134.66
2025-11-28,A000987,5330.13
2025-12-28,A000987,5214.17
2026-01-28,A000987,4740.96
2026-02-28,A000987,6353.6
2026-03-28,A000987,6294.82
2026-04-28,A000987,7626.35
2026-05-28,A000987,7875.14
2026-06-28,A000987,8220.04
2025-07-28,A000988,2080.42
2025-08-28,A000988,3636.81
2025-09-28,A000988,5875.75
2025-10-28,A000988,5933.91
2025-11-28,A000988,5563.88
2025-12-28,A000988,6973.15
2026-01-28,A000988,8793.09
2026-02-28,A000988,9835.92
2026-03-28,A000988,8894.31
2026-04-28,A000988,10151.1
2026-05-28,A000988,10650.6
2026-06-28,A000988,11098.05
2025-07-28,A000989,6485.76
2025-08-28,A000989,6297.73
2025-09-28,A000989,6488.47
2025-10-28,A000989,6623.24
2025-11-28,A000989,6703.53
2025-12-28,A000989,7305.45
2026-01-28,A000989,7267.35
2026-02-28,A000989,7567.41
2026-03-28,A000989,7083.19
2026-04-28,A000989,7093.48
2026-05-28,A000989,7801.52
2026-06-28,A000989,8009.04
2025-07-28,A000990,8076.6
2025-08-28,A000990,8144.83
2025-09-28,A000990,8476.61
2025-10-28,A000990,8494.13
2025-11-28,A000990,8859.13
2025-12-28,A000990,8962.5
2026-01-28,A000990,9006.39
2026-02-28,A000990,9461.22
2026-03-28,A000990,9383.14
2026-04-28,A000990,9518.31
2026-05-28,A000990,9838.99
2026-06-28,A000990,10446.67
2025-07-28,A000991,12775.0
2025-08-28,A000991,12996.05
2025-09-28,A000991,14229.77
2025-10-28,A000991,14553.3
2025-11-28,A000991,15521.01
2025-12-28,A000991,16776.93
2026-01-28,A000991,16039.3
2026-02-28,A000991,16882.86
2026-03-28,A000991,17499.98
2026-04-28,A000991,17547.88
2026-05-28,A000991,18627.98
2026-06-28,A000991,18744.0
2025-07-28,A000992,3683.02
2025-08-28,A000992,4139.52
2025-09-28,A000992,4859.88
2025-10-28,A000992,4232.57
2025-11-28,A000992,4856.03
2025-12-28,A000992,4529.94
2026-01-28,A000992,4225.17
2026-02-28,A000992,4262.96
2026-03-28,A000992,3949.8
2026-04-28,A000992,4221.43
2026-05-28,A000992,3913.98
2026-06-28,A000992,3614.99
2025-07-28,A000993,10552.24
2025-08-28,A000993,10560.42
2025-09-28,A000993,10619.83
2025-10-28,A000993,10845.98
2025-11-28,A000993,11412.56
2025-12-28,A000993,11367.15
2026-01-28,A000993,11300.14
2026-02-28,A000993,11735.52
2026-03-28,A000993,11768.81
2026-04-28,A000993,11975.4
2026-05-28,A000993,12567.04
2026-06-28,A000993,12392.64
2025-07-28,A000994,9077.65
2025-08-28,A000994,9531.33
2025-09-28,A000994,9774.91
2025-10-28,A000994,9636.59
2025-11-28,A000994,10173.19
2025-12-28,A000994,9877.36
2026-01-28,A000994,10529.74
2026-02-28,A000994,10649.08
2026-03-28,A000994,11138.7
2026-04-28,A000994,11204.09
2026-05-28,A000994,11565.42
2026-06-28,A000994,12023.45
2025-07-28,A000995,11168.81
2025-08-28,A000995,11278.25
2025-09-28,A000995,11033.77
2025-10-28,A000995,10896.97
2025-11-28,A000995,11045.88
2025-12-28,A000995,10726.18
2026-01-28,A000995,10799.3
2026-02-28,A000995,11535.55
2026-03-28,A000995,11223.69
2026-04-28,A000995,11316.72
2026-05-28,A000995,11975.96
2026-06-28,A000995,12011.01
2025-07-28,A000996,5943.42
2025-08-28,A000996,5858.89
2025-09-28,A000996,5887.35
2025-10-28,A000996,6299.19
2025-11-28,A000996,6932.62
2025-12-28,A000996,7390.92
2026-01-28,A000996,6982.85
2026-02-28,A000996,7555.25
2026-03-28,A000996,7626.22
2026-04-28,A000996,7890.3
2026-05-28,A000996,8491.46
2026-06-28,A000996,8449.9
2025-07-28,A000997,14366.03
2025-08-28,A000997,14429.78
2025-09-28,A000997,14523.72
2025-10-28,A000997,14495.93
2025-11-28,A000997,15043.78
2025-12-28,A000997,15510.41
2026-01-28,A000997,15539.41
2026-02-28,A000997,15958.87
2026-03-28,A000997,15956.08
2026-04-28,A000997,15790.19
2026-05-28,A000997,16388.34
2026-06-28,A000997,16984.68
2025-07-28,A000998,11835.37
2025-08-28,A000998,11127.03
2025-09-28,A000998,10303.35
2025-10-28,A000998,9295.09
2025-11-28,A000998,9309.99
2025-12-28,A000998,9847.31
2026-01-28,A000998,8933.75
2026-02-28,A000998,9187.23
2026-03-28,A000998,9247.78
2026-04-28,A000998,8467.72
2026-05-28,A000998,9102.14
2026-06-28,A000998,9602.5
2025-07-28,A000999,6041.86
2025-08-28,A000999,7078.22
2025-09-28,A000999,7145.94
2025-10-28,A000999,7915.15
2025-11-28,A000999,8868.76
2025-12-28,A000999,9201.9
2026-01-28,A000999,9798.03
2026-02-28,A000999,10442.73
2026-03-28,A000999,11333.86
2026-04-28,A000999,11092.02
2026-05-28,A000999,10594.53
2026-06-28,A000999,10014.68
2025-07-28,A001000,18504.21
2025-08-28,A001000,18365.38
2025-09-28,A001000,19617.24
2025-10-28,A001000,19828.95
2025-11-28,A001000,20467.79
2025-12-28,A001000,20721.44
2026-01-28,A001000,20078.97
2026-02-28,A001000,20435.05
2026-03-28,A001000,20640.38
2026-04-28,A001000,21367.18
2026-05-28,A001000,22162.75
2026-06-28,A001000,23485.97
